method,target,candidate_id,inner_MAE,family,model,alpha,gamma,rho,dimension,outer_test_province,loss,max_leaf_nodes,max_iter,learning_rate,min_samples_leaf,l2_regularization,early_stopping,random_state
baseline_C,y_health_index,42,0.0197347588795215,ridge,B_RS74,100.0,0.0,-1.0,74,130000,,,,,,,,
baseline_C,y_education_index,40,0.0158723906313019,ridge,B_RS74,10.0,0.0,-1.0,74,130000,,,,,,,,
baseline_C,y_income_index,9,0.0323792542533507,ridge,R6,0.1,0.0,-1.0,6,130000,,,,,,,,
baseline_C,y_health_index,6,0.0198015218251079,ridge,B69,100.0,0.0,-1.0,69,140000,,,,,,,,
baseline_C,y_education_index,40,0.0159719562353022,ridge,B_RS74,10.0,0.0,-1.0,74,140000,,,,,,,,
baseline_C,y_income_index,9,0.031990398372746,ridge,R6,0.1,0.0,-1.0,6,140000,,,,,,,,
baseline_C,y_health_index,6,0.0197533322161587,ridge,B69,100.0,0.0,-1.0,69,150000,,,,,,,,
baseline_C,y_education_index,22,0.0166212439241426,ridge,B_R70,10.0,0.0,-1.0,70,150000,,,,,,,,
baseline_C,y_income_index,27,0.0307623279889786,ridge,R_S10,0.1,0.0,-1.0,10,150000,,,,,,,,
baseline_C,y_health_index,42,0.0194620074045168,ridge,B_RS74,100.0,0.0,-1.0,74,210000,,,,,,,,
baseline_C,y_education_index,40,0.0150228610712062,ridge,B_RS74,10.0,0.0,-1.0,74,210000,,,,,,,,
baseline_C,y_income_index,9,0.0331653653404203,ridge,R6,0.1,0.0,-1.0,6,210000,,,,,,,,
baseline_C,y_health_index,42,0.0199009397568334,ridge,B_RS74,100.0,0.0,-1.0,74,220000,,,,,,,,
baseline_C,y_education_index,22,0.0166628338550722,ridge,B_R70,10.0,0.0,-1.0,70,220000,,,,,,,,
baseline_C,y_income_index,11,0.0290500449957751,ridge,R6,1.0,0.0,-1.0,6,220000,,,,,,,,
baseline_C,y_health_index,42,0.0192452562547718,ridge,B_RS74,100.0,0.0,-1.0,74,230000,,,,,,,,
baseline_C,y_education_index,40,0.0154830321430256,ridge,B_RS74,10.0,0.0,-1.0,74,230000,,,,,,,,
baseline_C,y_income_index,9,0.0316495081075031,ridge,R6,0.1,0.0,-1.0,6,230000,,,,,,,,
baseline_C,y_health_index,42,0.0195904509332431,ridge,B_RS74,100.0,0.0,-1.0,74,350000,,,,,,,,
baseline_C,y_education_index,22,0.0159629187576386,ridge,B_R70,10.0,0.0,-1.0,70,350000,,,,,,,,
baseline_C,y_income_index,9,0.0297892396941716,ridge,R6,0.1,0.0,-1.0,6,350000,,,,,,,,
baseline_C,y_health_index,42,0.0196854127075496,ridge,B_RS74,100.0,0.0,-1.0,74,360000,,,,,,,,
baseline_C,y_education_index,22,0.0163804176561008,ridge,B_R70,10.0,0.0,-1.0,70,360000,,,,,,,,
baseline_C,y_income_index,9,0.0313036021836138,ridge,R6,0.1,0.0,-1.0,6,360000,,,,,,,,
baseline_C,y_health_index,42,0.0199053845349872,ridge,B_RS74,100.0,0.0,-1.0,74,370000,,,,,,,,
baseline_C,y_education_index,22,0.0154982663139263,ridge,B_R70,10.0,0.0,-1.0,70,370000,,,,,,,,
baseline_C,y_income_index,9,0.0311993729074942,ridge,R6,0.1,0.0,-1.0,6,370000,,,,,,,,
baseline_C,y_health_index,6,0.0204162210048428,ridge,B69,100.0,0.0,-1.0,69,410000,,,,,,,,
baseline_C,y_education_index,40,0.0155068359834155,ridge,B_RS74,10.0,0.0,-1.0,74,410000,,,,,,,,
baseline_C,y_income_index,9,0.0319799208041019,ridge,R6,0.1,0.0,-1.0,6,410000,,,,,,,,
baseline_C,y_health_index,42,0.0207428039242404,ridge,B_RS74,100.0,0.0,-1.0,74,420000,,,,,,,,
baseline_C,y_education_index,42,0.0158370864109947,ridge,B_RS74,100.0,0.0,-1.0,74,420000,,,,,,,,
baseline_C,y_income_index,27,0.0312437932944287,ridge,R_S10,0.1,0.0,-1.0,10,420000,,,,,,,,
baseline_C,y_health_index,4,0.0195703075294852,ridge,B69,10.0,0.0,-1.0,69,430000,,,,,,,,
baseline_C,y_education_index,40,0.0155562506728956,ridge,B_RS74,10.0,0.0,-1.0,74,430000,,,,,,,,
baseline_C,y_income_index,11,0.031757674588463,ridge,R6,1.0,0.0,-1.0,6,430000,,,,,,,,
baseline_C,y_health_index,6,0.0196475204123493,ridge,B69,100.0,0.0,-1.0,69,440000,,,,,,,,
baseline_C,y_education_index,4,0.0162784876767108,ridge,B69,10.0,0.0,-1.0,69,440000,,,,,,,,
baseline_C,y_income_index,9,0.0302341476297204,ridge,R6,0.1,0.0,-1.0,6,440000,,,,,,,,
baseline_C,y_health_index,42,0.0188333431578081,ridge,B_RS74,100.0,0.0,-1.0,74,450000,,,,,,,,
baseline_C,y_education_index,22,0.0162607949121992,ridge,B_R70,10.0,0.0,-1.0,70,450000,,,,,,,,
baseline_C,y_income_index,9,0.0312295537873912,ridge,R6,0.1,0.0,-1.0,6,450000,,,,,,,,
baseline_C,y_health_index,42,0.0193995351771184,ridge,B_RS74,100.0,0.0,-1.0,74,460000,,,,,,,,
baseline_C,y_education_index,22,0.0160860546573642,ridge,B_R70,10.0,0.0,-1.0,70,460000,,,,,,,,
baseline_C,y_income_index,27,0.0288855227583442,ridge,R_S10,0.1,0.0,-1.0,10,460000,,,,,,,,
baseline_C,y_health_index,42,0.0197203468270955,ridge,B_RS74,100.0,0.0,-1.0,74,510000,,,,,,,,
baseline_C,y_education_index,40,0.0150658963467025,ridge,B_RS74,10.0,0.0,-1.0,74,510000,,,,,,,,
baseline_C,y_income_index,9,0.0310827902121175,ridge,R6,0.1,0.0,-1.0,6,510000,,,,,,,,
baseline_C,y_health_index,42,0.0186088474426269,ridge,B_RS74,100.0,0.0,-1.0,74,520000,,,,,,,,
baseline_C,y_education_index,22,0.0158154693237469,ridge,B_R70,10.0,0.0,-1.0,70,520000,,,,,,,,
baseline_C,y_income_index,27,0.0288107742793265,ridge,R_S10,0.1,0.0,-1.0,10,520000,,,,,,,,
baseline_C,y_health_index,42,0.0194072555985419,ridge,B_RS74,100.0,0.0,-1.0,74,530000,,,,,,,,
baseline_C,y_education_index,22,0.0164918071786882,ridge,B_R70,10.0,0.0,-1.0,70,530000,,,,,,,,
baseline_C,y_income_index,9,0.0297839106191092,ridge,R6,0.1,0.0,-1.0,6,530000,,,,,,,,
baseline_C,y_health_index,42,0.0178481429486869,ridge,B_RS74,100.0,0.0,-1.0,74,540000,,,,,,,,
baseline_C,y_education_index,22,0.0161126384891098,ridge,B_R70,10.0,0.0,-1.0,70,540000,,,,,,,,
baseline_C,y_income_index,11,0.0294415567312982,ridge,R6,1.0,0.0,-1.0,6,540000,,,,,,,,
baseline_C,y_health_index,42,0.0196459748264218,ridge,B_RS74,100.0,0.0,-1.0,74,610000,,,,,,,,
baseline_C,y_education_index,22,0.0163547037917613,ridge,B_R70,10.0,0.0,-1.0,70,610000,,,,,,,,
baseline_C,y_income_index,27,0.0300461975070471,ridge,R_S10,0.1,0.0,-1.0,10,610000,,,,,,,,
baseline_C,y_health_index,42,0.0203165426121235,ridge,B_RS74,100.0,0.0,-1.0,74,620000,,,,,,,,
baseline_C,y_education_index,42,0.0163282927075068,ridge,B_RS74,100.0,0.0,-1.0,74,620000,,,,,,,,
baseline_C,y_income_index,11,0.0300234858511897,ridge,R6,1.0,0.0,-1.0,6,620000,,,,,,,,
baseline_C,y_health_index,42,0.0196264258075651,ridge,B_RS74,100.0,0.0,-1.0,74,630000,,,,,,,,
baseline_C,y_education_index,40,0.0156621773913253,ridge,B_RS74,10.0,0.0,-1.0,74,630000,,,,,,,,
baseline_C,y_income_index,27,0.028989645234352,ridge,R_S10,0.1,0.0,-1.0,10,630000,,,,,,,,
baseline_C,y_health_index,4,0.0194718510030004,ridge,B69,10.0,0.0,-1.0,69,640000,,,,,,,,
baseline_C,y_education_index,22,0.016206832983582,ridge,B_R70,10.0,0.0,-1.0,70,640000,,,,,,,,
baseline_C,y_income_index,27,0.0295391025766559,ridge,R_S10,0.1,0.0,-1.0,10,640000,,,,,,,,
baseline_C,y_health_index,6,0.0180021963266508,ridge,B69,100.0,0.0,-1.0,69,650000,,,,,,,,
baseline_C,y_education_index,22,0.0150879469152269,ridge,B_R70,10.0,0.0,-1.0,70,650000,,,,,,,,
baseline_C,y_income_index,29,0.0270432602106655,ridge,R_S10,1.0,0.0,-1.0,10,650000,,,,,,,,
