country,unit,group,method,y_pred,pred_H,pred_E,pred_I,y_true
Indonesia,ID1101,ID11,geometric_pooled,0.822050185499773,0.881152164581638,0.675056735425845,0.933907380966032,0.6603
Indonesia,ID1102,ID11,geometric_pooled,0.8010232855132,0.854032019997816,0.66330965422186,0.907287549146906,0.6894
Indonesia,ID1103,ID11,geometric_pooled,0.849660069556869,0.894533797139513,0.723473124394417,0.947799488389998,0.6712
Indonesia,ID1104,ID11,geometric_pooled,0.807737544912232,0.874486130647586,0.678853125723498,0.887732382267455,0.6937
Indonesia,ID1105,ID11,geometric_pooled,0.784121625989942,0.848978117859122,0.655754618821816,0.86598912978581,0.6763
Indonesia,ID1106,ID11,geometric_pooled,0.813392812488755,0.864461214379473,0.686381217197078,0.90696408183892,0.7324
Indonesia,ID1107,ID11,geometric_pooled,0.810986175666709,0.8803143360283,0.679927334907963,0.891127975130279,0.7138
Indonesia,ID1108,ID11,geometric_pooled,0.787398297834739,0.87141309777665,0.661640620965212,0.84671483889848,0.7356
Indonesia,ID1109,ID11,geometric_pooled,0.806813215727302,0.880353351070615,0.676151999237814,0.882302788944859,0.7063
Indonesia,ID1110,ID11,geometric_pooled,0.808854707148118,0.879565548986708,0.700027598915426,0.859464966292705,0.7228
Indonesia,ID1111,ID11,geometric_pooled,0.802904743549256,0.868305522681523,0.685489171686159,0.86959875450574,0.6933
Indonesia,ID1112,ID11,geometric_pooled,0.841085107585219,0.903900662123012,0.71627575683558,0.91900711406166,0.6675
Indonesia,ID1113,ID11,geometric_pooled,0.800174888395554,0.863639876408157,0.659215463346153,0.899900889554965,0.6722
Indonesia,ID1114,ID11,geometric_pooled,0.793138176276282,0.852534835657407,0.666971266404793,0.877459953214766,0.6924
Indonesia,ID1115,ID11,geometric_pooled,0.822459450130912,0.875301949726839,0.700287456725878,0.90763083502043,0.6918
Indonesia,ID1116,ID11,geometric_pooled,0.811522645398602,0.859752932526834,0.690524560038575,0.900220988172002,0.6975
Indonesia,ID1117,ID11,geometric_pooled,0.806918983631527,0.85098232290298,0.667099607558321,0.925504584883368,0.7298
Indonesia,ID1118,ID11,geometric_pooled,0.819055817370745,0.880808500905948,0.706207555570796,0.883337444780294,0.732
Indonesia,ID1171,ID11,geometric_pooled,0.769548314151829,0.886761332858961,0.633203161238743,0.811629551683478,0.8541
Indonesia,ID1172,ID11,geometric_pooled,0.793404096136963,0.878305414597231,0.653885653310538,0.86963286870378,0.7578
Indonesia,ID1173,ID11,geometric_pooled,0.784774673350657,0.869199447537211,0.659248574000884,0.843463504100992,0.7717
Indonesia,ID1174,ID11,geometric_pooled,0.793142633155448,0.875394963841027,0.687961824187018,0.82848662419017,0.7731
Indonesia,ID1175,ID11,geometric_pooled,0.794745053832519,0.849820383134399,0.66430316715703,0.889180714399171,0.6493
Indonesia,ID1202,ID12,geometric_pooled,0.80877195707507,0.889777963085193,0.632422892365772,0.940132411595526,0.6679
Indonesia,ID1203,ID12,geometric_pooled,0.832217866738202,0.902731860446185,0.653258756919222,0.977388208922376,0.7012
Indonesia,ID1204,ID12,geometric_pooled,0.8180438016599,0.879762165725274,0.673240862260289,0.924259506638008,0.6923
Indonesia,ID1205,ID12,geometric_pooled,0.805031500894567,0.870952159210786,0.625543425252336,0.957606003143719,0.7347
Indonesia,ID1206,ID12,geometric_pooled,0.822841732452463,0.874889792146723,0.655740890352677,0.971098569297773,0.7516
Indonesia,ID1207,ID12,geometric_pooled,0.7953937950104,0.883376582650437,0.625200937934059,0.911131565482875,0.7201
Indonesia,ID1208,ID12,geometric_pooled,0.797166369030118,0.876898498383619,0.648775218908238,0.890437262346634,0.7029
Indonesia,ID1209,ID12,geometric_pooled,0.807573092501716,0.876778976799714,0.664972598080383,0.903340836682972,0.7325
Indonesia,ID1210,ID12,geometric_pooled,0.795707027258822,0.85708632426874,0.644951417869559,0.911397878305587,0.7157
Indonesia,ID1211,ID12,geometric_pooled,0.798672452920267,0.866950846285833,0.649529320073072,0.904717271331601,0.7443
Indonesia,ID1212,ID12,geometric_pooled,0.788351757664864,0.868118365214815,0.666995772056842,0.846170919512611,0.7544
Indonesia,ID1213,ID12,geometric_pooled,0.804833919433131,0.864621765862579,0.688265149364612,0.876066089739294,0.71
Indonesia,ID1215,ID12,geometric_pooled,0.795740489571479,0.859600147545078,0.623284327944709,0.940441275805056,0.6887
Indonesia,ID1216,ID12,geometric_pooled,0.77008686257554,0.836297407716364,0.599029741319717,0.911611946162742,0.6759
Indonesia,ID1217,ID12,geometric_pooled,0.802235482059223,0.857845043513011,0.639656112185561,0.940914581647906,0.7063
Indonesia,ID1218,ID12,geometric_pooled,0.792804871029819,0.862637432755363,0.658995588942568,0.876573065829648,0.7024
Indonesia,ID1219,ID12,geometric_pooled,0.804828364923032,0.869656518295995,0.671623824094365,0.892557024744355,0.6836
Indonesia,ID1220,ID12,geometric_pooled,0.787404512519372,0.872642483259686,0.6118972058624,0.914279276322828,0.6985
Indonesia,ID1221,ID12,geometric_pooled,0.791336658011494,0.879705145483262,0.613080478264295,0.918817448309517,0.6825
Indonesia,ID1222,ID12,geometric_pooled,0.79205875567598,0.875469986284751,0.617442029016897,0.919252346927319,0.714
Indonesia,ID1223,ID12,geometric_pooled,0.792012489754219,0.866223938897746,0.638206209665752,0.898679600847715,0.7161
Indonesia,ID1271,ID12,geometric_pooled,0.829902770474146,0.906204958400657,0.662503396511618,0.952066096282298,0.7363
Indonesia,ID1272,ID12,geometric_pooled,0.789809517804245,0.88533417396639,0.632042419700126,0.880468115916105,0.6865
Indonesia,ID1273,ID12,geometric_pooled,0.813767422745546,0.891107183920285,0.670328301444553,0.902159650237014,0.7875
Indonesia,ID1274,ID12,geometric_pooled,0.795981951212507,0.872143561348843,0.667425862845921,0.866400412290093,0.7517
Indonesia,ID1275,ID12,geometric_pooled,0.790388172694015,0.885860449128518,0.668655528766894,0.833592016206551,0.8098
Indonesia,ID1276,ID12,geometric_pooled,0.812095616190634,0.879366760574312,0.698666530421294,0.871729039867452,0.7589
Indonesia,ID1277,ID12,geometric_pooled,0.852616396994449,0.924629177028118,0.674900635024077,0.99323865010697,0.7522
Indonesia,ID1278,ID12,geometric_pooled,0.816193698956762,0.891780245394965,0.659913728860831,0.923920709480843,0.6931
Indonesia,ID1302,ID13,geometric_pooled,0.872964490658596,0.927277578892404,0.717430732014836,1,0.699
Indonesia,ID1303,ID13,geometric_pooled,0.86736327495925,0.932952416461132,0.699428935664518,1,0.6908
Indonesia,ID1304,ID13,geometric_pooled,0.842066796049281,0.906584670382745,0.658614453519658,1,0.6774
Indonesia,ID1305,ID13,geometric_pooled,0.869896530243049,0.933517811863316,0.705147851277209,1,0.7233
Indonesia,ID1306,ID13,geometric_pooled,0.875836969305468,0.933975164368078,0.719340464232927,1,0.7061
Indonesia,ID1307,ID13,geometric_pooled,0.864410724738003,0.932673062297061,0.692517904245611,1,0.7246
Indonesia,ID1308,ID13,geometric_pooled,0.862573496295244,0.92478895815827,0.693977984923807,1,0.6947
Indonesia,ID1309,ID13,geometric_pooled,0.851501902315018,0.914891438908199,0.674819003065942,1,0.6664
Indonesia,ID1310,ID13,geometric_pooled,0.86355620493393,0.927400114862314,0.694391957012216,1,0.6904
Indonesia,ID1311,ID13,geometric_pooled,0.83428498879304,0.904552631281971,0.659214015286662,0.973829698365802,0.7151
Indonesia,ID1312,ID13,geometric_pooled,0.832093688055735,0.90169550978036,0.670465433959519,0.952972532813455,0.6849
Indonesia,ID1371,ID13,geometric_pooled,0.861103915739891,0.943543833131047,0.698405870095294,0.968939656437974,0.8282
Indonesia,ID1372,ID13,geometric_pooled,0.871353240282469,0.945389987900983,0.699796478956895,1,0.7829
Indonesia,ID1373,ID13,geometric_pooled,0.862656772257221,0.919298389982677,0.698325030049553,1,0.7264
Indonesia,ID1374,ID13,geometric_pooled,0.853554931152305,0.928718093797035,0.669592407068589,1,0.7793
Indonesia,ID1375,ID13,geometric_pooled,0.858642080904491,0.932664166422013,0.678752145492777,1,0.8058
Indonesia,ID1376,ID13,geometric_pooled,0.867069648769722,0.93857580954044,0.694532537098982,1,0.789
Indonesia,ID1377,ID13,geometric_pooled,0.876210395022627,0.938617275957599,0.716698771527377,1,0.769
Indonesia,ID1401,ID14,geometric_pooled,0.824339556271345,0.89996316698116,0.652455767012623,0.953987338979531,0.7031
Indonesia,ID1402,ID14,geometric_pooled,0.807628585832806,0.888107403565166,0.647094829959167,0.916645955197515,0.6983
Indonesia,ID1403,ID14,geometric_pooled,0.819693091526318,0.900520720234169,0.656978096489996,0.930913275929855,0.6654
Indonesia,ID1404,ID14,geometric_pooled,0.79647059877548,0.882060926865742,0.63180595470722,0.906623448073364,0.7156
Indonesia,ID1405,ID14,geometric_pooled,0.789374021106385,0.883076033432039,0.624092728869966,0.892485701493631,0.7368
Indonesia,ID1406,ID14,geometric_pooled,0.805060914985874,0.891571669451562,0.640755153615975,0.913351317918658,0.7283
Indonesia,ID1407,ID14,geometric_pooled,0.803910227592542,0.889390222160082,0.632195940990215,0.92401412062663,0.6938
Indonesia,ID1408,ID14,geometric_pooled,0.805661355846843,0.892526918572978,0.641657459286923,0.91313087614762,0.7346
Indonesia,ID1409,ID14,geometric_pooled,0.790583367995714,0.881096896157508,0.621308886560977,0.902634198932614,0.6915
Indonesia,ID1410,ID14,geometric_pooled,0.810434151778241,0.896819547451262,0.665433030971358,0.891956719120238,0.655
Indonesia,ID1471,ID14,geometric_pooled,0.788421974690591,0.898371181549429,0.63497834915077,0.859135038852223,0.8132
Indonesia,ID1473,ID14,geometric_pooled,0.79025657771093,0.887958607171617,0.635820981634513,0.874131522085027,0.744
Indonesia,ID1501,ID15,geometric_pooled,0.859167924014235,0.929878125007952,0.68203731051897,1,0.7121
Indonesia,ID1502,ID15,geometric_pooled,0.861137655128496,0.918157300879675,0.695505627683211,1,0.6919
Indonesia,ID1503,ID15,geometric_pooled,0.836762451407889,0.904801338261156,0.663650787988056,0.975694152226552,0.6986
Indonesia,ID1504,ID15,geometric_pooled,0.83208764183409,0.901625034670273,0.659259962621876,0.96922487644241,0.6984
Indonesia,ID1505,ID15,geometric_pooled,0.817637759966467,0.89765562662855,0.654367268463425,0.93057524226774,0.6918
Indonesia,ID1506,ID15,geometric_pooled,0.820670319331069,0.902003283085508,0.651332669646007,0.940795432237206,0.6443
Indonesia,ID1507,ID15,geometric_pooled,0.820532668861247,0.898971581382409,0.654471368170453,0.938968484407935,0.6754
Indonesia,ID1508,ID15,geometric_pooled,0.813676946524123,0.888025747140623,0.648560323452873,0.935362814018047,0.6914
Indonesia,ID1509,ID15,geometric_pooled,0.820259914732145,0.902864020074816,0.641720150495984,0.952547063642574,0.6992
Indonesia,ID1571,ID15,geometric_pooled,0.840922935865494,0.925251301918726,0.689752056677117,0.931785364260578,0.7837
Indonesia,ID1572,ID15,geometric_pooled,0.86062470298928,0.931255725083998,0.684498447549173,1,0.7542
Indonesia,ID1601,ID16,geometric_pooled,0.833112828233294,0.910535509323379,0.651871350342189,0.974210225787138,0.6932
Indonesia,ID1602,ID16,geometric_pooled,0.820770592191757,0.901819013050488,0.652823013195446,0.939183641416203,0.6682
Indonesia,ID1603,ID16,geometric_pooled,0.820147657593207,0.906211813083546,0.639404655125263,0.952073842845826,0.6874
Indonesia,ID1604,ID16,geometric_pooled,0.860477451999816,0.92986899873777,0.685167437143012,1,0.6744
Indonesia,ID1605,ID16,geometric_pooled,0.853871561669193,0.912646551101447,0.683395418007597,0.9981664514775,0.6679
Indonesia,ID1606,ID16,geometric_pooled,0.802492959380601,0.890200362705233,0.622820708788973,0.932122263679497,0.6769
Indonesia,ID1607,ID16,geometric_pooled,0.812464802226019,0.899409587428229,0.639410431473079,0.932559255001329,0.6674
Indonesia,ID1608,ID16,geometric_pooled,0.865205301569857,0.924588968195356,0.700501078820021,1,0.653
Indonesia,ID1609,ID16,geometric_pooled,0.861010929231563,0.930541037188762,0.691173723891227,0.992437675392976,0.6928
Indonesia,ID1610,ID16,geometric_pooled,0.828906793484718,0.908220092512554,0.660190992695224,0.949852995601304,0.6706
Indonesia,ID1611,ID16,geometric_pooled,0.894819701418344,0.947073614180894,0.756524287589353,1,0.6525
Indonesia,ID1612,ID16,geometric_pooled,0.814620149867236,0.902039992474555,0.634141192233255,0.94504760839186,0.647
Indonesia,ID1671,ID16,geometric_pooled,0.814325371208886,0.920871035827116,0.647309314625288,0.905906191760819,0.7833
Indonesia,ID1672,ID16,geometric_pooled,0.813552470061849,0.904988707939498,0.640084517675073,0.929557418223609,0.7455
Indonesia,ID1673,ID16,geometric_pooled,0.877309600287967,0.939970263634971,0.718363951520762,1,0.6831
Indonesia,ID1674,ID16,geometric_pooled,0.866018872496662,0.935057342356473,0.694614467081579,1,0.7478
Indonesia,ID1701,ID17,geometric_pooled,0.89742928735003,0.951991723933458,0.759219829566401,1,0.7063
Indonesia,ID1702,ID17,geometric_pooled,0.877912602422355,0.939381427442921,0.720297455505197,1,0.7044
Indonesia,ID1703,ID17,geometric_pooled,0.868814832741325,0.916701191913074,0.715408151411173,1,0.6882
Indonesia,ID1704,ID17,geometric_pooled,0.891071683550999,0.939263392820723,0.753269758803597,1,0.6699
Indonesia,ID1705,ID17,geometric_pooled,0.886077549007175,0.930539053155927,0.747619454129466,1,0.6689
Indonesia,ID1706,ID17,geometric_pooled,0.850088867119333,0.905688899133239,0.685916273961882,0.988878271282306,0.6845
Indonesia,ID1707,ID17,geometric_pooled,0.870350307797478,0.933789923567212,0.70604613265444,1,0.6701
Indonesia,ID1708,ID17,geometric_pooled,0.887163375251907,0.943836501035629,0.73979951931814,1,0.6817
Indonesia,ID1709,ID17,geometric_pooled,0.885934970898173,0.927935430616749,0.749355290834424,1,0.6761
Indonesia,ID1771,ID17,geometric_pooled,0.885321123202741,0.952726678677258,0.741411238238666,0.982369765271172,0.8036
Indonesia,ID1801,ID18,geometric_pooled,0.872212960646984,0.931198695242407,0.712566249981878,1,0.678
Indonesia,ID1802,ID18,geometric_pooled,0.88767920268115,0.94447266049913,0.740591535332573,1,0.6642
Indonesia,ID1803,ID18,geometric_pooled,0.858522423400889,0.93061014000892,0.703902417341577,0.96599458388183,0.6836
Indonesia,ID1804,ID18,geometric_pooled,0.864218636318992,0.930832964179413,0.712966425515369,0.97259055642468,0.6937
Indonesia,ID1805,ID18,geometric_pooled,0.850523597914085,0.924537205055098,0.700088865799482,0.950564387755198,0.7016
Indonesia,ID1806,ID18,geometric_pooled,0.837270134561196,0.911408751339747,0.667632860729647,0.96459698874534,0.6767
Indonesia,ID1807,ID18,geometric_pooled,0.84234663046497,0.906439464362676,0.667117317576771,0.988397205367105,0.6744
Indonesia,ID1808,ID18,geometric_pooled,0.827450362401699,0.903384330389174,0.666601621903818,0.940777522002624,0.6852
Indonesia,ID1809,ID18,geometric_pooled,0.881992810180495,0.939798611095357,0.73006299502577,1,0.6579
Indonesia,ID1810,ID18,geometric_pooled,0.891298119478823,0.949003161638131,0.746107338080571,1,0.703
Indonesia,ID1811,ID18,geometric_pooled,0.817480929974209,0.894537100146071,0.654206185813071,0.933511962165676,0.6363
Indonesia,ID1812,ID18,geometric_pooled,0.822821765614813,0.904598215120559,0.657833902001264,0.936149772268529,0.6597
Indonesia,ID1871,ID18,geometric_pooled,0.876119566744455,0.948726668316462,0.732418693303837,0.967808897461172,0.7744
Indonesia,ID1872,ID18,geometric_pooled,0.859223318018145,0.938230849288365,0.712849080391252,0.948442183271089,0.7719
Indonesia,ID1901,ID19,geometric_pooled,0.802131027821635,0.892654265424792,0.646898522594379,0.893750924326669,0.724
Indonesia,ID1902,ID19,geometric_pooled,0.835474124844133,0.916574907150372,0.681137278455136,0.934106510354767,0.7251
Indonesia,ID1903,ID19,geometric_pooled,0.809622768238784,0.890783156308232,0.652730588999421,0.912729687683096,0.6908
Indonesia,ID1904,ID19,geometric_pooled,0.808575846945624,0.894451078080656,0.651073847161136,0.90776921503463,0.7045
Indonesia,ID1905,ID19,geometric_pooled,0.817096591583175,0.897049476996068,0.661392368140251,0.919484939314916,0.669
Indonesia,ID1971,ID19,geometric_pooled,0.811734167683187,0.913265354629404,0.650505487664189,0.90031302453054,0.7822
Indonesia,ID2101,ID21,geometric_pooled,0.801786702409145,0.892314783369598,0.663933158365324,0.870029744735653,0.7144
Indonesia,ID2103,ID21,geometric_pooled,0.85023500959485,0.90116288721331,0.726843012809663,0.938367663348969,0.7272
Indonesia,ID2104,ID21,geometric_pooled,0.81350829389664,0.897903327912348,0.665378074168829,0.901130912782793,0.6529
Indonesia,ID2105,ID21,geometric_pooled,0.896901269475139,0.901890345165726,0.799981932050655,1,0.688
Indonesia,ID2171,ID21,geometric_pooled,0.799421876402987,0.90681488400282,0.661030739615694,0.852290780308604,0.8111
Indonesia,ID2172,ID21,geometric_pooled,0.796726402987113,0.898646552365486,0.648689970160888,0.867564021797029,0.7891
Indonesia,ID3171,ID31,geometric_pooled,0.888745440388234,0.96129113043635,0.743217994888811,0.982564356014736,0.8472
Indonesia,ID3172,ID31,geometric_pooled,0.873701231106069,0.957460198761502,0.72644550886865,0.958881788215244,0.8266
Indonesia,ID3173,ID31,geometric_pooled,0.869283084303362,0.958872579166631,0.708321762546877,0.967146359108084,0.8139
Indonesia,ID3174,ID31,geometric_pooled,0.866785688504298,0.957030774072446,0.71232272641066,0.955283975196419,0.8138
Indonesia,ID3175,ID31,geometric_pooled,0.874113124587309,0.960080509843675,0.714821987366778,0.973189394206378,0.8029
Indonesia,ID3201,ID32,geometric_pooled,0.902136295408598,0.958333988027162,0.766124898951634,1,0.704
Indonesia,ID3202,ID32,geometric_pooled,0.914556832189262,0.963864153890802,0.793626692543542,1,0.6688
Indonesia,ID3203,ID32,geometric_pooled,0.914330495170041,0.96328674883991,0.793512967438256,1,0.6536
Indonesia,ID3204,ID32,geometric_pooled,0.904238176282561,0.956864661380584,0.772677027490734,1,0.7239
Indonesia,ID3205,ID32,geometric_pooled,0.899090151591626,0.951671769584893,0.763699550588346,1,0.6612
Indonesia,ID3206,ID32,geometric_pooled,0.915446610882439,0.964972294708394,0.795031285566889,1,0.6567
Indonesia,ID3207,ID32,geometric_pooled,0.921715402020311,0.96910338444806,0.808016861783008,1,0.7049
Indonesia,ID3208,ID32,geometric_pooled,0.914161182438801,0.959792498996934,0.795959511595553,1,0.6938
Indonesia,ID3209,ID32,geometric_pooled,0.912381170430893,0.956657845907662,0.793911885505199,1,0.6875
Indonesia,ID3210,ID32,geometric_pooled,0.913596498846622,0.964125537300559,0.790914783519263,1,0.6759
Indonesia,ID3211,ID32,geometric_pooled,0.912348620941777,0.961507801628972,0.789822765254315,1,0.7164
Indonesia,ID3212,ID32,geometric_pooled,0.912882955510668,0.959903856143639,0.792533372668799,1,0.6729
Indonesia,ID3213,ID32,geometric_pooled,0.91350442298393,0.961214204209341,0.7930704777302,1,0.6895
Indonesia,ID3214,ID32,geometric_pooled,0.905864581681977,0.954938978786956,0.778420416028372,1,0.7082
Indonesia,ID3215,ID32,geometric_pooled,0.904841665505816,0.960280268408016,0.771471285733532,1,0.7066
Indonesia,ID3216,ID32,geometric_pooled,0.87784084089819,0.953749569698675,0.73921857037069,0.959489271557789,0.7407
Indonesia,ID3217,ID32,geometric_pooled,0.902811962362207,0.955509090148526,0.770117676135995,1,0.6808
Indonesia,ID3218,ID32,geometric_pooled,0.909253143765898,0.960155780515781,0.782911609421835,1,0.6806
Indonesia,ID3271,ID32,geometric_pooled,0.903705514436276,0.966102461125592,0.76393711217817,1,0.7611
Indonesia,ID3272,ID32,geometric_pooled,0.912519667647216,0.967096871197165,0.785699944837414,1,0.7421
Indonesia,ID3273,ID32,geometric_pooled,0.908698066674177,0.959345550963295,0.782138648072492,1,0.8151
Indonesia,ID3274,ID32,geometric_pooled,0.878707649817685,0.949028241679154,0.741598495044145,0.964018227289991,0.7489
Indonesia,ID3275,ID32,geometric_pooled,0.875064641983914,0.954801104495371,0.734721014438012,0.955179589215629,0.815
Indonesia,ID3276,ID32,geometric_pooled,0.896112553462144,0.957070236670885,0.757464422049007,0.992616829888813,0.8097
Indonesia,ID3277,ID32,geometric_pooled,0.902687709382173,0.956722036230408,0.768823785352443,1,0.7783
Indonesia,ID3278,ID32,geometric_pooled,0.909190070302609,0.966324630709206,0.777751759687606,1,0.7304
Indonesia,ID3279,ID32,geometric_pooled,0.912984263960653,0.960171532989379,0.792576243210603,1,0.717
Indonesia,ID3301,ID33,geometric_pooled,0.904227519940926,0.959602501905062,0.77044526430446,1,0.6995
Indonesia,ID3302,ID33,geometric_pooled,0.913570785844946,0.967131852861409,0.788389665219457,1,0.7198
Indonesia,ID3303,ID33,geometric_pooled,0.916032376860134,0.968525451557089,0.793636135881781,1,0.6897
Indonesia,ID3304,ID33,geometric_pooled,0.919079870448581,0.966083534735114,0.803609537966968,1,0.6745
Indonesia,ID3305,ID33,geometric_pooled,0.918647761471363,0.9645254746881,0.803772902422814,1,0.6981
Indonesia,ID3306,ID33,geometric_pooled,0.92928301873025,0.969851863787732,0.827443976268753,1,0.7268
Indonesia,ID3307,ID33,geometric_pooled,0.911290117476602,0.96278453204185,0.786033177340217,1,0.6822
Indonesia,ID3308,ID33,geometric_pooled,0.923166846339504,0.968523781227686,0.81232591604045,1,0.6987
Indonesia,ID3309,ID33,geometric_pooled,0.924503137780324,0.961479331136499,0.821836103125767,1,0.7425
Indonesia,ID3310,ID33,geometric_pooled,0.929437397233445,0.970345498250078,0.827435278431772,1,0.7556
Indonesia,ID3311,ID33,geometric_pooled,0.922420458555996,0.962043229530929,0.815815951138455,1,0.7698
Indonesia,ID3312,ID33,geometric_pooled,0.928770772712254,0.967469800546847,0.828110332059466,1,0.7025
Indonesia,ID3313,ID33,geometric_pooled,0.920743351663864,0.961966411150045,0.811438980619219,1,0.7586
Indonesia,ID3314,ID33,geometric_pooled,0.918609964857852,0.966424595231712,0.80209439698813,1,0.7395
Indonesia,ID3315,ID33,geometric_pooled,0.903387872436901,0.952989621254694,0.773632306373876,1,0.6987
Indonesia,ID3316,ID33,geometric_pooled,0.908178877548753,0.955557771374994,0.783893821915395,1,0.6884
Indonesia,ID3317,ID33,geometric_pooled,0.894713139235406,0.950726100250241,0.765401341695502,0.984253141514773,0.7002
Indonesia,ID3318,ID33,geometric_pooled,0.9042176231278,0.956668036462124,0.77332954217792,0.999293440105249,0.7177
Indonesia,ID3319,ID33,geometric_pooled,0.904966591215269,0.951494211349191,0.77891755020732,1,0.75
Indonesia,ID3320,ID33,geometric_pooled,0.909407351117321,0.952088083327214,0.789947541838297,1,0.7199
Indonesia,ID3321,ID33,geometric_pooled,0.905007337549519,0.958026659797634,0.773710884217182,1,0.7222
Indonesia,ID3322,ID33,geometric_pooled,0.923363485018665,0.963739169024038,0.816880592260985,1,0.741
Indonesia,ID3323,ID33,geometric_pooled,0.915915919589607,0.96447449730167,0.796665617450365,1,0.6957
Indonesia,ID3324,ID33,geometric_pooled,0.922066385275161,0.96488416112546,0.812477591565402,1,0.7229
Indonesia,ID3325,ID33,geometric_pooled,0.92681339278355,0.963294519409657,0.826452339149573,1,0.6865
Indonesia,ID3326,ID33,geometric_pooled,0.920228409208939,0.958696982736947,0.812840902494413,1,0.6963
Indonesia,ID3327,ID33,geometric_pooled,0.919962778762254,0.962755690556486,0.808713466244781,1,0.6632
Indonesia,ID3328,ID33,geometric_pooled,0.913450030043517,0.957900125653561,0.795672142304731,1,0.6839
Indonesia,ID3329,ID33,geometric_pooled,0.909147598788024,0.956315396839469,0.785781934619056,1,0.6611
Indonesia,ID3371,ID33,geometric_pooled,0.909996212353732,0.967918522625766,0.778538247563734,1,0.7899
Indonesia,ID3372,ID33,geometric_pooled,0.91003304538627,0.954876843913457,0.792436086941982,0.996001246778334,0.8221
Indonesia,ID3373,ID33,geometric_pooled,0.923792385291591,0.963493968014508,0.818227617691987,1,0.8314
Indonesia,ID3374,ID33,geometric_pooled,0.913155387735388,0.961314750390975,0.792078912786657,1,0.8305
Indonesia,ID3375,ID33,geometric_pooled,0.891713131184667,0.948394491557195,0.76863238672333,0.972675066798672,0.7498
Indonesia,ID3376,ID33,geometric_pooled,0.879930711016854,0.944274625837305,0.753862602806229,0.957094691389219,0.7507
Indonesia,ID3401,ID34,geometric_pooled,0.929201771385742,0.967303711923813,0.829406114664487,1,0.7446
Indonesia,ID3402,ID34,geometric_pooled,0.926848042840736,0.965843273192792,0.82436387531006,1,0.8001
Indonesia,ID3403,ID34,geometric_pooled,0.916709868346576,0.960261311353819,0.802243649607154,1,0.6998
Indonesia,ID3404,ID34,geometric_pooled,0.926037740635398,0.966663453683836,0.821506039147188,1,0.8384
Indonesia,ID3471,ID34,geometric_pooled,0.914853526274351,0.961660851228672,0.798309838776046,0.997381436869109,0.8661
Indonesia,ID3501,ID35,geometric_pooled,0.930005873472636,0.96137161337613,0.836692314193589,1,0.6839
Indonesia,ID3502,ID35,geometric_pooled,0.942568581088721,0.975237256033346,0.858674555112243,1,0.7081
Indonesia,ID3503,ID35,geometric_pooled,0.936994746643781,0.968870226961876,0.849074616324471,1,0.6974
Indonesia,ID3504,ID35,geometric_pooled,0.930743194254055,0.970818361897234,0.830522927057102,1,0.73
Indonesia,ID3505,ID35,geometric_pooled,0.939668703489321,0.970193956937271,0.855196121101568,1,0.7058
Indonesia,ID3506,ID35,geometric_pooled,0.938400676677362,0.971554160351018,0.85054622424955,1,0.7205
Indonesia,ID3507,ID35,geometric_pooled,0.931033630812013,0.970548307090392,0.83153196795242,1,0.7036
Indonesia,ID3508,ID35,geometric_pooled,0.939905249880296,0.971114947412538,0.855030461544216,1,0.6546
Indonesia,ID3509,ID35,geometric_pooled,0.944288523155539,0.972269603591029,0.86601901034229,1,0.6711
Indonesia,ID3510,ID35,geometric_pooled,0.943812935365638,0.966267337405302,0.870082585282986,1,0.7062
Indonesia,ID3511,ID35,geometric_pooled,0.94805023942659,0.976582085543957,0.872539915397547,1,0.6643
Indonesia,ID3512,ID35,geometric_pooled,0.948009798185925,0.975444513221932,0.873445693456726,1,0.6738
Indonesia,ID3513,ID35,geometric_pooled,0.94149838911138,0.969383130027585,0.860920969994637,1,0.6607
Indonesia,ID3514,ID35,geometric_pooled,0.933245746519725,0.968019533289437,0.83966091284837,1,0.686
Indonesia,ID3515,ID35,geometric_pooled,0.919174321687779,0.962125608766971,0.807164170255554,1,0.8029
Indonesia,ID3516,ID35,geometric_pooled,0.922880929466038,0.965307443526301,0.814275485603274,1,0.7383
Indonesia,ID3517,ID35,geometric_pooled,0.931914262551962,0.969254851406472,0.835006568770749,1,0.7297
Indonesia,ID3518,ID35,geometric_pooled,0.934565351923091,0.972745351785972,0.839131189567518,1,0.7172
Indonesia,ID3519,ID35,geometric_pooled,0.940025764120496,0.974463395011276,0.852420215736174,1,0.7173
Indonesia,ID3520,ID35,geometric_pooled,0.936596112410029,0.97203078193624,0.845234147309612,1,0.7392
Indonesia,ID3521,ID35,geometric_pooled,0.933260794922665,0.970188906378914,0.837823932410278,1,0.7054
Indonesia,ID3522,ID35,geometric_pooled,0.919733923872616,0.964796980506186,0.806400300370628,1,0.6904
Indonesia,ID3523,ID35,geometric_pooled,0.91071926793046,0.960643663936876,0.786305389192614,1,0.684
Indonesia,ID3524,ID35,geometric_pooled,0.917922074118349,0.966387192298592,0.800324802371759,1,0.7258
Indonesia,ID3525,ID35,geometric_pooled,0.904255563550214,0.95841069825184,0.771475103898805,1,0.7611
Indonesia,ID3526,ID35,geometric_pooled,0.90883471021599,0.950280164304262,0.789956272132236,1,0.6411
Indonesia,ID3527,ID35,geometric_pooled,0.89664038483312,0.947887662477937,0.777421436914011,0.978231187164899,0.627
Indonesia,ID3528,ID35,geometric_pooled,0.903067177797822,0.951678348909569,0.792062625670061,0.977035770136216,0.6626
Indonesia,ID3571,ID35,geometric_pooled,0.927868212377492,0.963838834029068,0.828809020731326,1,0.7823
Indonesia,ID3572,ID35,geometric_pooled,0.930692161317339,0.964238048813045,0.836053181004005,1,0.7857
Indonesia,ID3573,ID35,geometric_pooled,0.921295580271922,0.970410638999141,0.805826256341949,1,0.8145
Indonesia,ID3574,ID35,geometric_pooled,0.930601492844384,0.96170765762723,0.838007992047813,1,0.7327
Indonesia,ID3575,ID35,geometric_pooled,0.920877630189537,0.961612661571571,0.812092681709184,1,0.7526
Indonesia,ID3576,ID35,geometric_pooled,0.913634334279764,0.964113891889915,0.791022606315509,1,0.7804
Indonesia,ID3577,ID35,geometric_pooled,0.929372378408332,0.967754196606155,0.829476753321985,1,0.8091
Indonesia,ID3578,ID35,geometric_pooled,0.899808850061457,0.957963530489242,0.775685589043272,0.980428849674031,0.8223
Indonesia,ID3579,ID35,geometric_pooled,0.927898623164492,0.96426728325504,0.828522218018074,1,0.759
Indonesia,ID3601,ID36,geometric_pooled,0.896000633414533,0.947639712377062,0.759069773197545,1,0.65
Indonesia,ID3602,ID36,geometric_pooled,0.891329240781048,0.944492610192918,0.749749005070975,1,0.6391
Indonesia,ID3603,ID36,geometric_pooled,0.88464624568651,0.952373271565008,0.733877285645779,0.990554264243769,0.7192
Indonesia,ID3604,ID36,geometric_pooled,0.889408409411005,0.949047541470459,0.741337084579857,1,0.667
Indonesia,ID3671,ID36,geometric_pooled,0.865866741410626,0.9501291493206,0.715807415595686,0.954496498906786,0.7825
Indonesia,ID3672,ID36,geometric_pooled,0.873322590316644,0.945053793862247,0.705932641394724,0.998399349221898,0.7305
Indonesia,ID3673,ID36,geometric_pooled,0.872511460349313,0.934961208378764,0.717477395530876,0.99017419725127,0.7216
Indonesia,ID3674,ID36,geometric_pooled,0.898192080526731,0.961340838693315,0.753755115513639,1,0.8136
Indonesia,ID5101,ID51,geometric_pooled,0.94498367952835,0.963696705023238,0.875654028481071,1,0.7236
Indonesia,ID5102,ID51,geometric_pooled,0.948882927143025,0.977475359552411,0.87404155191651,1,0.7617
Indonesia,ID5103,ID51,geometric_pooled,0.940472231304748,0.969944432219858,0.857612448798679,1,0.816
Indonesia,ID5104,ID51,geometric_pooled,0.953392208605456,0.980752287233836,0.883599508550371,1,0.7736
Indonesia,ID5105,ID51,geometric_pooled,0.945132215009723,0.965981861136836,0.87399455668245,1,0.7173
Indonesia,ID5106,ID51,geometric_pooled,0.938382132031994,0.968762971868876,0.852946238337809,1,0.6936
Indonesia,ID5107,ID51,geometric_pooled,0.94267704975438,0.96564275397528,0.867505657785613,1,0.6735
Indonesia,ID5108,ID51,geometric_pooled,0.933877144064096,0.967882489147962,0.841485441759437,1,0.7255
Indonesia,ID5171,ID51,geometric_pooled,0.928467582197976,0.965501024962279,0.836939953891881,0.990497068343025,0.8393
Indonesia,ID5201,ID52,geometric_pooled,0.929045056351133,0.963161910983915,0.832551351904857,1,0.682
Indonesia,ID5202,ID52,geometric_pooled,0.932320703641995,0.96581866609402,0.839074245191673,1,0.6643
Indonesia,ID5203,ID52,geometric_pooled,0.932032213674243,0.962594733476936,0.841103205176248,1,0.663
Indonesia,ID5204,ID52,geometric_pooled,0.903140431682621,0.955096263325638,0.797824608727951,0.966743546485502,0.6761
Indonesia,ID5205,ID52,geometric_pooled,0.904360537948032,0.948344263673599,0.795273255279205,0.980714082112898,0.6784
Indonesia,ID5206,ID52,geometric_pooled,0.899495691081439,0.951429070340821,0.794724129867932,0.962508216021845,0.663
Indonesia,ID5207,ID52,geometric_pooled,0.892210465331004,0.942131066248032,0.774863276312182,0.972894024598724,0.7163
Indonesia,ID5271,ID52,geometric_pooled,0.915509854441484,0.960482153456782,0.801841387210667,0.996348569617168,0.7891
Indonesia,ID5272,ID52,geometric_pooled,0.91440295292905,0.956608483816976,0.8072580613561,0.990070774337869,0.7581
Indonesia,ID5305,ID53,geometric_pooled,0.882589252548681,0.932649015985319,0.767186816630345,0.960852083805008,0.6353
Indonesia,ID5309,ID53,geometric_pooled,0.917493547569297,0.944218378815411,0.817968551267846,1,0.6422
Indonesia,ID5310,ID53,geometric_pooled,0.911854453354956,0.944744329931399,0.80416814870257,0.99796522609846,0.6511
Indonesia,ID5311,ID53,geometric_pooled,0.937512691810976,0.958079705511294,0.860062132434246,1,0.6704
Indonesia,ID5312,ID53,geometric_pooled,0.921529474837417,0.946683379647779,0.826652415536937,1,0.6788
Indonesia,ID5313,ID53,geometric_pooled,0.913705466247883,0.940649256489049,0.810944163965368,1,0.6454
Indonesia,ID5315,ID53,geometric_pooled,0.898550238481488,0.931673333544648,0.778687899744392,1,0.6389
Indonesia,ID5318,ID53,geometric_pooled,0.918969303562117,0.945013390764726,0.821230465239199,1,0.6581
Indonesia,ID5371,ID53,geometric_pooled,0.901667411584272,0.959016522537442,0.802697860858631,0.952271804000598,0.7971
Indonesia,ID6101,ID61,geometric_pooled,0.82232654888209,0.902361311106909,0.664669808314156,0.927142557783647,0.6703
Indonesia,ID6102,ID61,geometric_pooled,0.814284698670208,0.887431399869034,0.661748891967486,0.91939218516811,0.6787
Indonesia,ID6103,ID61,geometric_pooled,0.783416054558052,0.877844526654533,0.618379100015712,0.885737421150159,0.6598
Indonesia,ID6104,ID61,geometric_pooled,0.847858966199048,0.914619531178733,0.69522809007645,0.958524172041643,0.6574
Indonesia,ID6105,ID61,geometric_pooled,0.78325790167013,0.883982588989316,0.612181632423431,0.887953755115186,0.6577
Indonesia,ID6106,ID61,geometric_pooled,0.820627712133959,0.897503281517871,0.663635622432374,0.927839380029647,0.6717
Indonesia,ID6107,ID61,geometric_pooled,0.775520158360463,0.878651464449349,0.594300400125355,0.893216245611234,0.6688
Indonesia,ID6108,ID61,geometric_pooled,0.767472825119517,0.877188371187682,0.580682473558089,0.887477674385486,0.6569
Indonesia,ID6109,ID61,geometric_pooled,0.786453504185137,0.880030036872993,0.611316925530346,0.904180714662657,0.6476
Indonesia,ID6110,ID61,geometric_pooled,0.769451464535739,0.87698671666817,0.590181336113885,0.880167250531656,0.6555
Indonesia,ID6111,ID61,geometric_pooled,0.822979064168788,0.89075284710365,0.667775890336301,0.937083751867855,0.6268
Indonesia,ID6112,ID61,geometric_pooled,0.805441441494153,0.894170102152333,0.645693390943806,0.905014271239946,0.6795
Indonesia,ID6171,ID61,geometric_pooled,0.811113438360441,0.914949880354036,0.658490644749177,0.885722906118995,0.7944
Indonesia,ID6172,ID61,geometric_pooled,0.834073651340269,0.920166992403188,0.676875194290839,0.931618183516826,0.7194
Indonesia,ID6201,ID62,geometric_pooled,0.810279014044533,0.898581595448106,0.650543703734788,0.910059475270286,0.7287
Indonesia,ID6202,ID62,geometric_pooled,0.798889692162971,0.893792350341537,0.633085630076831,0.901075877786267,0.7131
Indonesia,ID6203,ID62,geometric_pooled,0.835145720830792,0.907884574959309,0.672088581861105,0.95461801507939,0.6948
Indonesia,ID6204,ID62,geometric_pooled,0.811773424854484,0.903029660187244,0.633821770616786,0.934620540815616,0.7022
Indonesia,ID6205,ID62,geometric_pooled,0.7977204829953,0.891827705934256,0.623608416725809,0.912765679992932,0.7059
Indonesia,ID6206,ID62,geometric_pooled,0.806769721890275,0.886777407352978,0.643588973102311,0.920079930786632,0.6803
Indonesia,ID6207,ID62,geometric_pooled,0.782665532537431,0.873724617509718,0.614124295674438,0.893506619417727,0.7051
Indonesia,ID6208,ID62,geometric_pooled,0.798162926292807,0.882361531912834,0.624546491677032,0.922705937522614,0.6758
Indonesia,ID6209,ID62,geometric_pooled,0.785151829370663,0.882617460163241,0.603875838579413,0.908114839706298,0.6868
Indonesia,ID6210,ID62,geometric_pooled,0.806377285852626,0.889526334169157,0.629706248463109,0.936090947701158,0.6845
Indonesia,ID6211,ID62,geometric_pooled,0.773203801087598,0.879698619425197,0.587094527943032,0.895034957954224,0.7081
Indonesia,ID6212,ID62,geometric_pooled,0.78635913829342,0.884207570692156,0.616960889776648,0.891355504942881,0.7139
Indonesia,ID6213,ID62,geometric_pooled,0.781291577769215,0.877875875977183,0.597633694229991,0.909015395166602,0.6798
Indonesia,ID6271,ID62,geometric_pooled,0.81503572446481,0.900289182377601,0.648910542019948,0.926751022168391,0.8077
Indonesia,ID6301,ID63,geometric_pooled,0.840932711809744,0.907699266244729,0.691252367961144,0.947774726253967,0.6938
Indonesia,ID6302,ID63,geometric_pooled,0.81946991141051,0.897753162261301,0.66625854535635,0.920024305009498,0.6886
Indonesia,ID6303,ID63,geometric_pooled,0.857799107621908,0.919643484734364,0.710224932824822,0.966365367870649,0.6918
Indonesia,ID6304,ID63,geometric_pooled,0.855820863996908,0.917523287696098,0.70291346099494,0.971918063099989,0.6622
Indonesia,ID6305,ID63,geometric_pooled,0.828766720695391,0.904995220239527,0.67497078597302,0.931892140783205,0.7011
Indonesia,ID6306,ID63,geometric_pooled,0.862301635376908,0.925884647746663,0.707145429298429,0.979291551045719,0.6885
Indonesia,ID6307,ID63,geometric_pooled,0.831878417007703,0.915033652717585,0.679254922497805,0.926210519286156,0.6884
Indonesia,ID6308,ID63,geometric_pooled,0.852503507475836,0.925138888288043,0.685331161058177,0.977194710534373,0.6559
Indonesia,ID6309,ID63,geometric_pooled,0.797770706322632,0.892946777974198,0.630899329741846,0.901256925789255,0.7219
Indonesia,ID6310,ID63,geometric_pooled,0.814582717644991,0.900056439606904,0.65356993148368,0.918848198596032,0.7071
Indonesia,ID6311,ID63,geometric_pooled,0.78779877271173,0.88454013502019,0.6225725593736,0.887847511269198,0.6882
Indonesia,ID6371,ID63,geometric_pooled,0.827461681236828,0.924249768771045,0.666679618990547,0.919469112396842,0.771
Indonesia,ID6372,ID63,geometric_pooled,0.852023262452214,0.922230182005675,0.712979701782452,0.940671226000311,0.791
Indonesia,ID6401,ID64,geometric_pooled,0.803819482358173,0.893067652614413,0.637994105435805,0.911537539544804,0.7204
Indonesia,ID6402,ID64,geometric_pooled,0.802375698067772,0.890123955167376,0.625726635022291,0.927466365252886,0.7119
Indonesia,ID6403,ID64,geometric_pooled,0.820257087602277,0.897808208226069,0.669682862434964,0.917903906549165,0.7359
Indonesia,ID6404,ID64,geometric_pooled,0.811049113209916,0.890032710161797,0.676004822964233,0.886718356053429,0.73
Indonesia,ID6405,ID64,geometric_pooled,0.803117356811888,0.895535254995932,0.650836174769239,0.888756242512589,0.7471
Indonesia,ID6409,ID64,geometric_pooled,0.812935637784238,0.891235872304247,0.661941471975861,0.910659952438507,0.7141
Indonesia,ID6411,ID64,geometric_pooled,0.798196299740916,0.881610034578903,0.624800782086729,0.923232408546028,0.6709
Indonesia,ID6471,ID64,geometric_pooled,0.839614821254656,0.920020271566439,0.701446754505937,0.917166497340332,0.8001
Indonesia,ID6472,ID64,geometric_pooled,0.83507868545763,0.917043210084054,0.698641592672349,0.908945742714673,0.8011
Indonesia,ID6474,ID64,geometric_pooled,0.84007815880101,0.919232311399593,0.722947839851514,0.892127311262095,0.8002
Indonesia,ID6501,ID65,geometric_pooled,0.814184507161795,0.890168881704387,0.643612549564288,0.942044873060877,0.7194
Indonesia,ID6502,ID65,geometric_pooled,0.824159772006535,0.905314048576116,0.66898652898626,0.924309900121633,0.711
Indonesia,ID6503,ID65,geometric_pooled,0.808187577825293,0.884470437426238,0.641333551147431,0.930613247502928,0.6697
Indonesia,ID6504,ID65,geometric_pooled,0.833330371660267,0.903500767534812,0.695075114014387,0.921491568704846,0.6579
Indonesia,ID6571,ID65,geometric_pooled,0.851363437929268,0.92816357198338,0.704578672501797,0.943606607864773,0.7583
Indonesia,ID7101,ID71,geometric_pooled,0.896785575324868,0.940999296280658,0.766437143467719,1,0.6789
Indonesia,ID7102,ID71,geometric_pooled,0.893159255957027,0.945644154074141,0.753457859800012,1,0.7529
Indonesia,ID7104,ID71,geometric_pooled,0.912365452890867,0.935813902870313,0.811553216805064,1,0.694
Indonesia,ID7105,ID71,geometric_pooled,0.899459491934101,0.948554376227704,0.76715407390571,1,0.7211
Indonesia,ID7106,ID71,geometric_pooled,0.897984749028306,0.936154227814238,0.77349850674023,1,0.739
Indonesia,ID7107,ID71,geometric_pooled,0.898389201578636,0.939081143066106,0.772130040757028,1,0.6699
Indonesia,ID7108,ID71,geometric_pooled,0.923245288294921,0.939843132050916,0.837328604544351,1,0.6764
Indonesia,ID7109,ID71,geometric_pooled,0.897329046683375,0.94135261190524,0.767543231968158,1,0.7051
Indonesia,ID7110,ID71,geometric_pooled,0.900840892732241,0.931288177881345,0.784982883352643,1,0.65
Indonesia,ID7111,ID71,geometric_pooled,0.890939212549035,0.939401277879226,0.752823339208464,1,0.6599
Indonesia,ID7171,ID71,geometric_pooled,0.892599827241947,0.948596740112516,0.769417166588817,0.974376712465788,0.7893
Indonesia,ID7172,ID71,geometric_pooled,0.890727636753449,0.950234492246919,0.770861956616835,0.964777971226165,0.741
Indonesia,ID7173,ID71,geometric_pooled,0.888626653761546,0.941014983944532,0.745695406076544,1,0.7669
Indonesia,ID7174,ID71,geometric_pooled,0.897786252182354,0.951778034765431,0.760296820641562,1,0.7297
Indonesia,ID7201,ID72,geometric_pooled,0.890081922470896,0.923035424793277,0.763961676167754,1,0.6542
Indonesia,ID7202,ID72,geometric_pooled,0.875747880407901,0.93350324489608,0.739651135026064,0.972734959941022,0.7052
Indonesia,ID7203,ID72,geometric_pooled,0.876073457051132,0.931059499051863,0.732410497795012,0.986028735216572,0.7221
Indonesia,ID7204,ID72,geometric_pooled,0.882290606007388,0.934047510826981,0.735302424861808,1,0.7128
Indonesia,ID7206,ID72,geometric_pooled,0.882225108864243,0.927423653188246,0.751491002039518,0.985226963549608,0.6569
Indonesia,ID7207,ID72,geometric_pooled,0.88099560133843,0.924432153306533,0.739683919903325,1,0.6782
Indonesia,ID7208,ID72,geometric_pooled,0.88149461825287,0.93188997147518,0.742812501467537,0.989498529485774,0.6544
Indonesia,ID7211,ID72,geometric_pooled,0.884136777464987,0.923866057349933,0.748082262390803,1,0.6543
Indonesia,ID7212,ID72,geometric_pooled,0.861434170376284,0.916135866103402,0.702581941843962,0.993137579746784,0.6836
Indonesia,ID7271,ID72,geometric_pooled,0.832790896605758,0.918063779501042,0.698367365178003,0.900847167924958,0.8147
Indonesia,ID7301,ID73,geometric_pooled,0.91735858344514,0.943908648621627,0.81787591895314,1,0.6738
Indonesia,ID7302,ID73,geometric_pooled,0.927286415649712,0.960156665351394,0.830423425420464,1,0.6899
Indonesia,ID7303,ID73,geometric_pooled,0.931170162378392,0.966724605711598,0.835188260903271,1,0.6873
Indonesia,ID7304,ID73,geometric_pooled,0.893820392838431,0.95439166896635,0.782110211387217,0.95665684053502,0.6426
Indonesia,ID7305,ID73,geometric_pooled,0.918173141657583,0.964510409450545,0.802540272112137,1,0.6731
Indonesia,ID7306,ID73,geometric_pooled,0.913505311676533,0.959431685731015,0.794546234285403,1,0.7014
Indonesia,ID7307,ID73,geometric_pooled,0.916892865169218,0.955380805910723,0.806824853820919,1,0.676
Indonesia,ID7308,ID73,geometric_pooled,0.90635177277595,0.955269852914106,0.779406984721271,1,0.6986
Indonesia,ID7310,ID73,geometric_pooled,0.917858665104493,0.957790686644953,0.807340663118234,1,0.71
Indonesia,ID7311,ID73,geometric_pooled,0.903160420772314,0.953116967578679,0.772944819370818,1,0.6606
Indonesia,ID7312,ID73,geometric_pooled,0.921703376110234,0.966534900701695,0.810132386430997,1,0.6867
Indonesia,ID7313,ID73,geometric_pooled,0.889477676257248,0.947041135685387,0.753441485923748,0.986249475835709,0.6915
Indonesia,ID7314,ID73,geometric_pooled,0.893925533338435,0.956424021967332,0.746884679969142,1,0.7121
Indonesia,ID7315,ID73,geometric_pooled,0.896125353371825,0.951061745252126,0.756654432701069,1,0.7126
Indonesia,ID7316,ID73,geometric_pooled,0.893362455065224,0.93459940563225,0.762882388956028,1,0.7276
Indonesia,ID7317,ID73,geometric_pooled,0.901254328736786,0.945101977404789,0.774574899138005,1,0.7051
Indonesia,ID7318,ID73,geometric_pooled,0.898485518090177,0.942863589689115,0.769279889781636,1,0.6875
Indonesia,ID7322,ID73,geometric_pooled,0.888207280969147,0.938442884899712,0.746681069500806,1,0.6957
Indonesia,ID7325,ID73,geometric_pooled,0.896070825780775,0.943060466265348,0.76293488639546,1,0.7322
Indonesia,ID7326,ID73,geometric_pooled,0.884374547430959,0.939896278290056,0.735916897511739,1,0.6933
Indonesia,ID7371,ID73,geometric_pooled,0.889783569326739,0.95527910806588,0.757776360958754,0.973154538628561,0.8225
Indonesia,ID7372,ID73,geometric_pooled,0.908867938271087,0.954104297800626,0.786876359320198,1,0.7786
Indonesia,ID7373,ID73,geometric_pooled,0.893031250947234,0.950941608023125,0.74893843819372,1,0.7806
Indonesia,ID7401,ID74,geometric_pooled,0.902097753555478,0.923220068639291,0.7951619086791,1,0.6598
Indonesia,ID7402,ID74,geometric_pooled,0.901710772561975,0.93420824727601,0.784798343063041,1,0.6902
Indonesia,ID7403,ID74,geometric_pooled,0.887928967833534,0.933822366711339,0.753181601433287,0.99533826275305,0.7135
Indonesia,ID7404,ID74,geometric_pooled,0.903037112606466,0.942929782808151,0.780975561508049,1,0.7345
Indonesia,ID7405,ID74,geometric_pooled,0.886689506588887,0.924243837867104,0.765107686231169,0.985838053728513,0.682
Indonesia,ID7406,ID74,geometric_pooled,0.906536677402382,0.937267611414766,0.794863454496559,1,0.6605
Indonesia,ID7407,ID74,geometric_pooled,0.877824074598183,0.928929509840558,0.768593409937575,0.947421085451312,0.6948
Indonesia,ID7408,ID74,geometric_pooled,0.89714656795635,0.934133896153416,0.773002803426199,1,0.6931
Indonesia,ID7409,ID74,geometric_pooled,0.891130627982343,0.922232894814062,0.770323444901149,0.99611708012101,0.6787
Indonesia,ID7410,ID74,geometric_pooled,0.86291539794648,0.910614402075072,0.709972736036642,0.993867455461846,0.6986
Indonesia,ID7411,ID74,geometric_pooled,0.893708244793382,0.930094419816722,0.76746796160509,1,0.6702
Indonesia,ID7412,ID74,geometric_pooled,0.885000736342448,0.924214070360881,0.749994917190801,1,0.6541
Indonesia,ID7413,ID74,geometric_pooled,0.891679346963457,0.915447491070252,0.778539385469766,0.994745758967751,0.6508
Indonesia,ID7414,ID74,geometric_pooled,0.85973773892217,0.91784254962031,0.735803072270708,0.940953558086416,0.6437
Indonesia,ID7471,ID74,geometric_pooled,0.886580777535311,0.946178043023728,0.758799664107428,0.97063274185484,0.8353
Indonesia,ID7472,ID74,geometric_pooled,0.885095216575816,0.941718718134874,0.760634387574473,0.967994350353168,0.759
Indonesia,ID7501,ID75,geometric_pooled,0.891385988198726,0.935318589690946,0.775965412799618,0.975877891688638,0.6591
Indonesia,ID7502,ID75,geometric_pooled,0.88019189972994,0.936806689971169,0.741196845222595,0.982083821908425,0.6692
Indonesia,ID7503,ID75,geometric_pooled,0.892778918506959,0.932995159757755,0.771585647862323,0.988480822996852,0.6537
Indonesia,ID7504,ID75,geometric_pooled,0.893789936958141,0.937713203894896,0.762333672356688,0.998829240497447,0.6998
Indonesia,ID7505,ID75,geometric_pooled,0.890662164727704,0.939224683063236,0.755831120780967,0.995278779703874,0.6486
Indonesia,ID7571,ID75,geometric_pooled,0.862395536577209,0.944654778330725,0.712992939816439,0.952272285974278,0.7713
Indonesia,ID7601,ID76,geometric_pooled,0.891320249358753,0.936621599351428,0.756026729800657,1,0.6691
Indonesia,ID7602,ID76,geometric_pooled,0.894876602592597,0.946601629073361,0.757045900458797,1,0.6384
Indonesia,ID7603,ID76,geometric_pooled,0.879920952707526,0.928552231753749,0.733710340169942,1,0.6602
Indonesia,ID7604,ID76,geometric_pooled,0.879874736111196,0.929241324732922,0.733050726679313,1,0.6815
Indonesia,ID7605,ID76,geometric_pooled,0.855299114278602,0.906398469316426,0.711660876949766,0.969977838728331,0.6779
Indonesia,ID7606,ID76,geometric_pooled,0.865716583704868,0.909489236640713,0.718834870360393,0.99243143215696,0.6571
Indonesia,ID8102,ID81,geometric_pooled,0.887482844328578,0.932103573143683,0.752837143580476,0.996126947079194,0.662
Indonesia,ID8103,ID81,geometric_pooled,0.906655442094066,0.934671203365907,0.805048871384456,0.990479998745683,0.7125
Indonesia,ID8104,ID81,geometric_pooled,0.886930880269639,0.934947774668491,0.755984626045913,0.987117865406615,0.6895
Indonesia,ID8171,ID81,geometric_pooled,0.901376073803577,0.950019920715786,0.795678081769733,0.968830875807299,0.8084
Indonesia,ID8172,ID81,geometric_pooled,0.879315069784716,0.941392390071716,0.748584119438566,0.964766590553916,0.6796
Indonesia,ID8201,ID82,geometric_pooled,0.907842770997969,0.924606725166838,0.809235397076745,1,0.6531
Indonesia,ID8202,ID82,geometric_pooled,0.885224142495743,0.920889163810646,0.760748988498684,0.990172825420786,0.6542
Indonesia,ID8204,ID82,geometric_pooled,0.891478784533747,0.924305382666713,0.783623804357714,0.978160079399056,0.6384
Indonesia,ID8205,ID82,geometric_pooled,0.884712089561107,0.923422870154892,0.769754328958809,0.974211202913768,0.675
Indonesia,ID8206,ID82,geometric_pooled,0.877418368018441,0.914559852562398,0.764099075385604,0.966625745981828,0.6675
Indonesia,ID8207,ID82,geometric_pooled,0.864174195323742,0.908633613232959,0.745112231178426,0.953220536926648,0.625
Indonesia,ID8271,ID82,geometric_pooled,0.891950669390623,0.942493030043253,0.769168354850419,0.978865341797661,0.7982
Indonesia,ID8272,ID82,geometric_pooled,0.908854078802513,0.934506295697285,0.805653845910539,0.997129960717215,0.7053
Indonesia,ID9101,ID91,geometric_pooled,0.869770334726125,0.927091706377275,0.709726591438362,1,0.6836
Indonesia,ID9102,ID91,geometric_pooled,0.857255958464429,0.926507316063227,0.700972934605388,0.970021665904908,0.65
Indonesia,ID9105,ID91,geometric_pooled,0.887354508197572,0.938424089667829,0.748481358482445,0.994744036248857,0.7201
Indonesia,ID9171,ID91,geometric_pooled,0.873018864908155,0.937685470159607,0.74335781510326,0.954587596614071,0.7845
Indonesia,ID9401,ID94,geometric_pooled,0.844216245136765,0.909250117516338,0.712627291275262,0.928571390164386,0.7009
Indonesia,ID9403,ID94,geometric_pooled,0.837548892478253,0.905142221220427,0.653673658419357,0.993007888053038,0.7169
Indonesia,ID9408,ID94,geometric_pooled,0.864534186793865,0.919887236728636,0.70244434633808,1,0.6766
Indonesia,ID9409,ID94,geometric_pooled,0.844510590047041,0.911905059071612,0.693850596957859,0.951918371255522,0.7219
Indonesia,ID9412,ID94,geometric_pooled,0.842306905407668,0.913070618674869,0.68002232134478,0.962461901000125,0.7419
Indonesia,ID9471,ID94,geometric_pooled,0.874516261600858,0.939669011037921,0.712563431985427,0.998861405636277,0.7994
