country,record_type,outer_group,method,penalty,weight_sum,minimum_weight,weight_log_H,weight_log_E,weight_log_I,weight_G,weight_H,weight_E,weight_I,weight_sqrt_HE,weight_sqrt_HI,weight_sqrt_EI
China,outer_fold,130000,P3_weighted_geometric,0.01,1,0.312582579042,0.3378578847,0.349559536259,0.312582579042,,,,,,,
China,outer_fold,130000,P4_constrained_interactions,0.01,1,0,,,,0.978740492938,0.00686880099093,0.00919693867988,0,0.00519376739071,0,2.81841544246e-19
China,outer_fold,140000,P3_weighted_geometric,0.01,1,0.315240197295,0.344820617186,0.339939185519,0.315240197295,,,,,,,
China,outer_fold,140000,P4_constrained_interactions,0.01,1,0,,,,0.985643130957,0.00981498875998,0.0012390851884,5.49443874023e-19,0.00330279509414,0,0
China,outer_fold,150000,P3_weighted_geometric,0.01,1,0.318697769074,0.342982637907,0.338319593019,0.318697769074,,,,,,,
China,outer_fold,150000,P4_constrained_interactions,0.01,1,0,,,,0.984552323806,0.0130180350748,0,0,0.00242964111932,1.57292839252e-19,1.16718130878e-21
China,outer_fold,210000,P3_weighted_geometric,0.01,1,0.290335555053,0.339998971391,0.369665473556,0.290335555053,,,,,,,
China,outer_fold,210000,P4_constrained_interactions,0.01,1,0,,,,0.970770651618,0.00721624688156,0.0145389599055,1.12056226157e-18,0.00747414159523,0,0
China,outer_fold,220000,P3_weighted_geometric,0.01,1,0.306188522381,0.345388110863,0.348423366756,0.306188522381,,,,,,,
China,outer_fold,220000,P4_constrained_interactions,0.01,1,0,,,,0.982168650007,0.012018875211,0,2.69711709697e-19,0.00581247478183,1.54891726541e-19,0
China,outer_fold,230000,P3_weighted_geometric,0.01,1,0.307357489894,0.346398012379,0.346244497727,0.307357489894,,,,,,,
China,outer_fold,230000,P4_constrained_interactions,0.01,1,0,,,,0.97442997785,0.0151819245133,0.00395906224702,0,0.00642903538963,0,8.95811654492e-20
China,outer_fold,350000,P3_weighted_geometric,0.01,1,0.330601929738,0.330601929738,0.334365824553,0.335032245709,,,,,,,
China,outer_fold,350000,P4_constrained_interactions,0.01,1,0,,,,0.991534657107,0,0.00281064057425,0.00334860630043,0,1.70253622398e-19,0.00230609601814
China,outer_fold,360000,P3_weighted_geometric,0,1,0.266513850586,0.340618786452,0.392867362962,0.266513850586,,,,,,,
China,outer_fold,360000,P4_constrained_interactions,0.001,1,0,,,,0.854598009337,0.0241457393549,0.0689690298015,0,0.0522872215067,6.09934995645e-20,2.04806501833e-19
China,outer_fold,370000,P3_weighted_geometric,0.01,1,0.289915084184,0.333312842641,0.376772073174,0.289915084184,,,,,,,
China,outer_fold,370000,P4_constrained_interactions,0.001,1,2.77920375114e-20,,,,0.861249965449,0.0156499259758,0.0665119960329,6.81235403344e-19,0.0565881125418,2.77920375114e-20,3.87030989071e-19
China,outer_fold,410000,P3_weighted_geometric,0.01,1,0.317821407149,0.331663907727,0.350514685124,0.317821407149,,,,,,,
China,outer_fold,410000,P4_constrained_interactions,0.01,1,0,,,,0.981660979049,0,0.0141784214336,0,0.00416059951711,0,2.6845170102e-19
China,outer_fold,420000,P3_weighted_geometric,0.01,1,0.296186957454,0.332288967959,0.371524074588,0.296186957454,,,,,,,
China,outer_fold,420000,P4_constrained_interactions,0.001,1,0,,,,0.879739815916,0.00335014398593,0.0482985333479,4.92302607996e-19,0.0686115067503,2.84381655211e-20,0
China,outer_fold,430000,P3_weighted_geometric,0.01,1,0.319763054602,0.336410398727,0.343826546672,0.319763054602,,,,,,,
China,outer_fold,430000,P4_constrained_interactions,0.01,1,0,,,,0.975092083405,0.00757853447101,0.00970492943847,0,0.00762445268561,0,0
China,outer_fold,440000,P3_weighted_geometric,0.01,1,0.325408288056,0.328076857849,0.346514854095,0.325408288056,,,,,,,
China,outer_fold,440000,P4_constrained_interactions,0.01,1,0,,,,0.982972340139,0,0.0170276598613,0,0,2.01713929654e-19,2.23724673572e-19
China,outer_fold,450000,P3_weighted_geometric,0.001,1,0.301961189337,0.332036580397,0.366002230266,0.301961189337,,,,,,,
China,outer_fold,450000,P4_constrained_interactions,0.0001,1,0,,,,0.904953504105,0.0131400492343,0.0511187559895,0,0.0307876906707,0,0
China,outer_fold,460000,P3_weighted_geometric,0.01,1,0.327817187318,0.33878979434,0.327817187318,0.333393018342,,,,,,,
China,outer_fold,460000,P4_constrained_interactions,0.01,1,0,,,,0.986864164348,0.00733414256946,0,0.00152025126255,1.52099016445e-19,0.00428144181963,2.50943981389e-20
China,outer_fold,510000,P3_weighted_geometric,0.01,1,0.303663749698,0.330521792531,0.365814457772,0.303663749698,,,,,,,
China,outer_fold,510000,P4_constrained_interactions,0.01,1,0,,,,0.955955030197,0,0.0328281434282,9.7554505821e-19,0.0112168263752,0,0
China,outer_fold,520000,P3_weighted_geometric,0.001,1,0.300990285315,0.343114613003,0.355895101682,0.300990285315,,,,,,,
China,outer_fold,520000,P4_constrained_interactions,0.01,1,0,,,,0.992432713764,0.0036831393332,0.0018949624104,0,0.00198918449246,0,5.83754363519e-20
China,outer_fold,530000,P3_weighted_geometric,0.01,1,0.308654357616,0.336755830846,0.354589811538,0.308654357616,,,,,,,
China,outer_fold,530000,P4_constrained_interactions,0.01,1,0,,,,0.987974365121,4.59467479211e-20,0.00803347909862,8.79232314038e-20,0.00399215578028,0,0
China,outer_fold,540000,P3_weighted_geometric,0.01,1,0.326346037572,0.33790006708,0.335753895348,0.326346037572,,,,,,,
China,outer_fold,540000,P4_constrained_interactions,0.01,1,0,,,,0.986017935704,0.00729782776076,0.00233774411073,0,0.00434649242484,3.16914316803e-19,5.34698566174e-19
China,outer_fold,610000,P3_weighted_geometric,0.01,1,0.328145681341,0.338023625965,0.333830692695,0.328145681341,,,,,,,
China,outer_fold,610000,P4_constrained_interactions,0.01,1,0,,,,0.991134803883,0.00532395254002,0.00212898091613,0,0.00141226266134,0,9.33745047028e-21
China,outer_fold,620000,P3_weighted_geometric,0.01,1,0.299389458528,0.333623982675,0.366986558797,0.299389458528,,,,,,,
China,outer_fold,620000,P4_constrained_interactions,0.01,1,0,,,,0.971004494984,0,0.0202888416005,0,0.00870666341571,2.8848948256e-19,0
China,outer_fold,630000,P3_weighted_geometric,0.01,1,0.33117296707,0.333136831657,0.33117296707,0.335690201274,,,,,,,
China,outer_fold,630000,P4_constrained_interactions,0.01,1,0,,,,0.998488583518,0.000120429263824,0,0.00135458422323,0,3.64029952342e-05,2.16840434497e-19
China,outer_fold,640000,P3_weighted_geometric,0.01,1,0.330573069517,0.335323564004,0.330573069517,0.334103366479,,,,,,,
China,outer_fold,640000,P4_constrained_interactions,0.01,1,0,,,,0.995512753846,0.00389859597887,1.5003605974e-20,0.000588650174953,0,0,0
China,outer_fold,650000,P3_weighted_geometric,0.01,1,0.324861546908,0.335653893298,0.339484559795,0.324861546908,,,,,,,
China,outer_fold,650000,P4_constrained_interactions,0.01,1,0,,,,0.990692256359,0.0057404191643,0.00240085583403,0,0.0011664686424,7.98744953095e-20,4.55200710426e-20
China,post_evaluation_deployment,ALL,P3_weighted_geometric,0.01,1,0.309270008904,0.340466769099,0.350263221997,0.309270008904,,,,,,,
China,post_evaluation_deployment,ALL,P4_constrained_interactions,0.01,1,0,,,,0.975879907605,0.00478850355704,0.010616504113,0,0.00871508472519,3.50440670643e-20,1.18003667409e-18
USA,outer_fold,01,P3_weighted_geometric,0.01,1,0.296198049961,0.296198049961,0.341096236542,0.362705713496,,,,,,,
USA,outer_fold,01,P4_constrained_interactions,0.001,1,2.78100176991e-20,,,,0.876700075686,5.75982404133e-20,0.0303696539481,0.0504581250994,9.94132540956e-20,2.78100176991e-20,0.0424721452663
USA,outer_fold,02,P3_weighted_geometric,0.01,1,0.324870887853,0.334103449247,0.324870887853,0.3410256629,,,,,,,
USA,outer_fold,02,P4_constrained_interactions,0.01,1,0,,,,0.988198049822,0,0,0.0111492041503,0,0.000652746027532,1.59028453322e-19
USA,outer_fold,04,P3_weighted_geometric,0.01,1,0.304783525665,0.304783525665,0.337178221711,0.358038252624,,,,,,,
USA,outer_fold,04,P4_constrained_interactions,0.01,1,0,,,,0.976302377783,0,0,0.0236976222166,0,8.51815348448e-20,2.05380449143e-19
USA,outer_fold,05,P3_weighted_geometric,0.0001,1,0.281011801078,0.281011801078,0.354822529062,0.36416566986,,,,,,,
USA,outer_fold,05,P4_constrained_interactions,0.01,1,0,,,,0.983371713385,0,0,0.0166282866148,0,3.74167017959e-20,0
USA,outer_fold,06,P3_weighted_geometric,0,1,0.276795100213,0.276795100213,0.350312705886,0.372892193901,,,,,,,
USA,outer_fold,06,P4_constrained_interactions,0.01,1,0,,,,0.976377469515,6.31106791037e-19,0,0.0236225304845,0,0,0
USA,outer_fold,08,P3_weighted_geometric,0.01,1,0.300221952592,0.300221952592,0.344142272545,0.355635774863,,,,,,,
USA,outer_fold,08,P4_constrained_interactions,0.001,1,6.09863722023e-20,,,,0.892394827643,6.09863722023e-20,0.029615200163,0.0402710885969,4.60785923306e-19,2.84603070277e-19,0.0377188835967
USA,outer_fold,09,P3_weighted_geometric,0.01,1,0.319216911514,0.319216911514,0.326078891941,0.354704196545,,,,,,,
USA,outer_fold,09,P4_constrained_interactions,0.01,1,0,,,,0.976192407929,0,2.70944765128e-19,0.023807592071,0,0,0
USA,outer_fold,10,P3_weighted_geometric,0.01,1,0.320173386106,0.320173386106,0.328270939261,0.351555674633,,,,,,,
USA,outer_fold,10,P4_constrained_interactions,0.01,1,0,,,,0.980656881097,0,0,0.0193431189034,0,0,4.82373670655e-20
USA,outer_fold,11,P3_weighted_geometric,0.01,1,0.323203412179,0.332431051664,0.323203412179,0.344365536157,,,,,,,
USA,outer_fold,11,P4_constrained_interactions,0.01,1,0,,,,0.983507132039,1.18598034037e-19,5.01951836779e-20,0.0164928679608,0,0,8.4027324648e-20
USA,outer_fold,12,P3_weighted_geometric,0.01,1,0.309801283445,0.309801283445,0.335302081485,0.35489663507,,,,,,,
USA,outer_fold,12,P4_constrained_interactions,0.01,1,0,,,,0.978318162839,0,2.7896724088e-19,0.021681837161,4.62516080076e-19,2.56313453509e-19,4.36866928331e-19
USA,outer_fold,13,P3_weighted_geometric,0.01,1,0.325749127597,0.326761311043,0.325749127597,0.34748956136,,,,,,,
USA,outer_fold,13,P4_constrained_interactions,0.01,1,0,,,,0.9827867243,0,0,0.0172132756999,9.69760893553e-20,1.70846765989e-20,1.55828527933e-19
USA,outer_fold,15,P3_weighted_geometric,0.01,1,0.320234968881,0.320234968881,0.326185214938,0.35357981618,,,,,,,
USA,outer_fold,15,P4_constrained_interactions,0.01,1,0,,,,0.976161250761,1.47148046951e-19,3.93290993332e-19,0.0238387492392,0,0,0
USA,outer_fold,16,P3_weighted_geometric,0.01,1,0.32200984284,0.32200984284,0.325710802729,0.352279354431,,,,,,,
USA,outer_fold,16,P4_constrained_interactions,0.01,1,0,,,,0.977686657316,0,2.04945727078e-19,0.022313342684,0,0,1.72386448752e-20
USA,outer_fold,17,P3_weighted_geometric,0.01,1,0.320432892199,0.320432892199,0.331041665547,0.348525442253,,,,,,,
USA,outer_fold,17,P4_constrained_interactions,0.01,1,1.53671213535e-20,,,,0.983823561254,1.27422470791e-19,8.19072495789e-20,0.0161764387461,3.94601060652e-20,1.77676038419e-20,1.53671213535e-20
USA,outer_fold,18,P3_weighted_geometric,0.01,1,0.32425434005,0.32425434005,0.332701199668,0.343044460282,,,,,,,
USA,outer_fold,18,P4_constrained_interactions,0.01,1,0,,,,0.991362689302,0,1.08843733722e-19,0.00863731069806,0,0,0
USA,outer_fold,19,P3_weighted_geometric,0.01,1,0.318929336001,0.318929336001,0.337389373665,0.343681290334,,,,,,,
USA,outer_fold,19,P4_constrained_interactions,0.01,1,3.38813178902e-21,,,,0.989407068323,7.45388993584e-20,1.99899775552e-19,0.00682807113308,1.49077798717e-19,3.38813178902e-21,0.00376486054429
USA,outer_fold,20,P3_weighted_geometric,0.01,1,0.32535633121,0.32535633121,0.330255825805,0.344387842985,,,,,,,
USA,outer_fold,20,P4_constrained_interactions,0.01,1,0,,,,0.987719676257,0,1.29811470275e-19,0.0122803237434,1.73386386162e-20,0,0
USA,outer_fold,21,P3_weighted_geometric,0.01,1,0.319506555854,0.337065274957,0.319506555854,0.343428169189,,,,,,,
USA,outer_fold,21,P4_constrained_interactions,0.01,1,0,,,,0.983234233483,0,0,0.0152676307002,6.00813612463e-20,0.00149813581628,2.80123514108e-20
USA,outer_fold,22,P3_weighted_geometric,0.01,1,0.312321558703,0.312321558703,0.338282897865,0.349395543432,,,,,,,
USA,outer_fold,22,P4_constrained_interactions,0.01,1,0,,,,0.987103686909,1.36372304508e-19,0,0.0110274249034,8.47032947254e-22,0,0.00186888818766
USA,outer_fold,23,P3_weighted_geometric,0.01,1,0.304651132792,0.304651132792,0.337371708312,0.357977158896,,,,,,,
USA,outer_fold,23,P4_constrained_interactions,0.01,1,0,,,,0.978552820439,0,1.98733591792e-19,0.021447179561,0,2.65049454777e-19,8.04814113882e-20
USA,outer_fold,24,P3_weighted_geometric,0.01,1,0.326296427634,0.326296427634,0.330137733811,0.343565838555,,,,,,,
USA,outer_fold,24,P4_constrained_interactions,0.01,1,0,,,,0.988273696671,8.0670889375e-20,8.44205083852e-20,0.0117263033285,0,1.14866575232e-19,1.57606163203e-19
USA,outer_fold,25,P3_weighted_geometric,0.01,1,0.321514531535,0.324097978528,0.321514531535,0.354387489937,,,,,,,
USA,outer_fold,25,P4_constrained_interactions,0.01,1,0,,,,0.973507235427,7.58284810949e-20,2.30460218734e-20,0.0264927645729,0,0,2.38487920397e-19
USA,outer_fold,26,P3_weighted_geometric,0.01,1,0.319157901999,0.319157901999,0.335123380608,0.345718717394,,,,,,,
USA,outer_fold,26,P4_constrained_interactions,0.01,1,0,,,,0.988913725473,0,4.20846081237e-20,0.0110862745267,0,0,0
USA,outer_fold,27,P3_weighted_geometric,0.01,1,0.322518043133,0.322518043133,0.337492042592,0.339989914275,,,,,,,
USA,outer_fold,27,P4_constrained_interactions,0.01,1,3.30342849429e-20,,,,0.992442933353,4.9974943888e-20,0.00148237666094,0.00335062623323,6.26804380968e-20,3.30342849429e-20,0.00272406375235
USA,outer_fold,28,P3_weighted_geometric,0.01,1,0.309934105833,0.309934105833,0.341596397411,0.348469496756,,,,,,,
USA,outer_fold,28,P4_constrained_interactions,0.01,1,0,,,,0.980982718368,3.91752738105e-20,0.00315803822168,0.00919690374029,0,4.95514274144e-20,0.00666233967011
USA,outer_fold,29,P3_weighted_geometric,0.01,1,0.323671583923,0.330224858905,0.323671583923,0.346103557172,,,,,,,
USA,outer_fold,29,P4_constrained_interactions,0,1,2.94343949171e-20,,,,8.87607095977e-16,2.12367415996e-18,0.311680057655,0.0010370032559,2.94343949171e-20,0.636437748235,0.0508451908543
USA,outer_fold,30,P3_weighted_geometric,0.01,1,0.322727400029,0.333840356054,0.322727400029,0.343432243917,,,,,,,
USA,outer_fold,30,P4_constrained_interactions,0.01,1,0,,,,0.983016145727,0,1.16032173122e-19,0.015597895581,3.13352146253e-19,0.00138595869197,0
USA,outer_fold,31,P3_weighted_geometric,0.01,1,0.309968926143,0.309968926143,0.339865400434,0.350165673422,,,,,,,
USA,outer_fold,31,P4_constrained_interactions,0.001,1,0,,,,0.925823610193,1.21972744405e-19,0.0187475006926,0.0279121904932,0,0,0.0275166986207
USA,outer_fold,32,P3_weighted_geometric,0.01,1,0.311095635799,0.311095635799,0.333754942266,0.355149421935,,,,,,,
USA,outer_fold,32,P4_constrained_interactions,0.01,1,0,,,,0.978329004143,2.01681425599e-20,0,0.0216709958568,6.36866574991e-21,0,4.45046746783e-20
USA,outer_fold,33,P3_weighted_geometric,0.01,1,0.320594903217,0.320594903217,0.32390685732,0.355498239462,,,,,,,
USA,outer_fold,33,P4_constrained_interactions,0.01,1,0,,,,0.976153909232,6.70361182939e-20,1.49417735918e-19,0.0238460907676,0,9.6697408309e-20,2.48536715863e-19
USA,outer_fold,34,P3_weighted_geometric,0.01,1,0.318629457839,0.318629457839,0.328682816661,0.352687725501,,,,,,,
USA,outer_fold,34,P4_constrained_interactions,0.01,1,0,,,,0.97969547839,0,0,0.0203045216105,0,0,1.10462528743e-19
USA,outer_fold,35,P3_weighted_geometric,0.01,1,0.305367298213,0.305367298213,0.335799419607,0.35883328218,,,,,,,
USA,outer_fold,35,P4_constrained_interactions,0.01,1,0,,,,0.975708309681,0,0,0.0242916903193,0,0,0
USA,outer_fold,36,P3_weighted_geometric,0.01,1,0.324183364336,0.324183364336,0.328477844428,0.347338791236,,,,,,,
USA,outer_fold,36,P4_constrained_interactions,0.01,1,0,,,,0.985573987742,5.52921661625e-20,2.81907769941e-19,0.0144260122583,0,0,0
USA,outer_fold,37,P3_weighted_geometric,0.01,1,0.322902736428,0.322902736428,0.339519443721,0.337577819851,,,,,,,
USA,outer_fold,37,P4_constrained_interactions,0.01,1,0,,,,0.993372847582,0,0.00144625830098,0.00257144635125,0,0,0.00260944776574
USA,outer_fold,38,P3_weighted_geometric,0.01,1,0.317638365179,0.333895439188,0.317638365179,0.348466195633,,,,,,,
USA,outer_fold,38,P4_constrained_interactions,0.01,1,0,,,,0.974671360561,0,0,0.020645110774,0,0.00468352866478,0
USA,outer_fold,39,P3_weighted_geometric,0.01,1,0.327425462316,0.327425462316,0.333442877698,0.339131659986,,,,,,,
USA,outer_fold,39,P4_constrained_interactions,0.01,1,0,,,,0.992883092506,0,0,0.00555334649921,2.71050543121e-20,1.35525271561e-20,0.00156356099482
USA,outer_fold,40,P3_weighted_geometric,0.0001,1,0.231665771284,0.231665771284,0.386655397568,0.381678831148,,,,,,,
USA,outer_fold,40,P4_constrained_interactions,0,1,0,,,,0.694346002314,1.64781789559e-17,0.00541879375024,0,0,7.49386968071e-06,0.300227710066
USA,outer_fold,41,P3_weighted_geometric,0.01,1,0.31468705803,0.31468705803,0.336064534215,0.349248407755,,,,,,,
USA,outer_fold,41,P4_constrained_interactions,0.01,1,0,,,,0.986586062198,3.90233406259e-20,0,0.0134139378017,0,9.07317051625e-20,9.62579934255e-21
USA,outer_fold,42,P3_weighted_geometric,0.01,1,0.3021129778,0.3021129778,0.343673630633,0.354213391567,,,,,,,
USA,outer_fold,42,P4_constrained_interactions,0.01,1,0,,,,0.97741668506,7.29295367586e-19,0,0.0169988920582,1.27054942088e-19,0,0.00558442288134
USA,outer_fold,44,P3_weighted_geometric,0.01,1,0.317655352271,0.317655352271,0.325462641311,0.356882006418,,,,,,,
USA,outer_fold,44,P4_constrained_interactions,0.01,1,0,,,,0.974314231161,3.66991353256e-19,0,0.025685768839,0,0,3.50906113373e-19
USA,outer_fold,45,P3_weighted_geometric,0.001,1,0.314577803765,0.314577803765,0.326611030557,0.358811165677,,,,,,,
USA,outer_fold,45,P4_constrained_interactions,0.01,1,0,,,,0.976336049853,0,3.21275483858e-19,0.0236639501466,0,0,0
USA,outer_fold,46,P3_weighted_geometric,0.01,1,0.318595617488,0.318595617488,0.329978207136,0.351426175376,,,,,,,
USA,outer_fold,46,P4_constrained_interactions,0.01,1,0,,,,0.976614330258,3.86989907305e-19,9.92468080583e-20,0.0233856697424,0,0,0
USA,outer_fold,47,P3_weighted_geometric,0.01,1,0.326058020288,0.326058020288,0.335622668114,0.338319311597,,,,,,,
USA,outer_fold,47,P4_constrained_interactions,0.01,1,0,,,,0.993366819564,0,0.00159700352801,0.00252538120362,0,0,0.00251079570444
USA,outer_fold,48,P3_weighted_geometric,0.01,1,0.307598129437,0.307598129437,0.339324402626,0.353077467937,,,,,,,
USA,outer_fold,48,P4_constrained_interactions,0.01,1,0,,,,0.981271221953,1.03369152908e-19,0,0.0187287780475,1.31363033928e-19,0,0
USA,outer_fold,49,P3_weighted_geometric,0.01,1,0.310963930668,0.310963930668,0.335614444114,0.353421625219,,,,,,,
USA,outer_fold,49,P4_constrained_interactions,0.01,1,0,,,,0.980489652861,3.59930845652e-19,2.66310896551e-20,0.0195103471389,6.57744877686e-20,0,3.36168384069e-20
USA,outer_fold,50,P3_weighted_geometric,0.01,1,0.322531297041,0.322531297041,0.32466071291,0.352807990049,,,,,,,
USA,outer_fold,50,P4_constrained_interactions,0.01,1,0,,,,0.976314282977,2.52237594884e-19,0,0.0236857170233,0,2.70910495754e-19,1.97125996716e-19
USA,outer_fold,51,P3_weighted_geometric,0.01,1,0.323796137992,0.323796137992,0.330337965922,0.345865896086,,,,,,,
USA,outer_fold,51,P4_constrained_interactions,0.01,1,0,,,,0.986870771206,6.41082245737e-21,1.97492593236e-20,0.0131292287935,1.58184521099e-19,0,0
USA,outer_fold,53,P3_weighted_geometric,0.01,1,0.319549779542,0.319549779542,0.327103434704,0.353346785754,,,,,,,
USA,outer_fold,53,P4_constrained_interactions,0.01,1,0,,,,0.97890517505,3.02735885639e-19,0,0.0210948249495,1.87993330564e-19,0,9.24672076041e-20
USA,outer_fold,54,P3_weighted_geometric,0.01,1,0.320429967646,0.320429967646,0.327813018843,0.351757013511,,,,,,,
USA,outer_fold,54,P4_constrained_interactions,0.01,1,0,,,,0.979607755817,0,0,0.020392244183,0,0,0
USA,outer_fold,55,P3_weighted_geometric,0.01,1,0.303702356338,0.303702356338,0.345288143831,0.351009499832,,,,,,,
USA,outer_fold,55,P4_constrained_interactions,0.001,1,6.09863722023e-20,,,,0.903305940939,1.89735380185e-19,0.0298340230819,0.0328667986617,6.09863722023e-20,1.55854062295e-19,0.0339932373174
USA,outer_fold,56,P3_weighted_geometric,0.01,1,0.317592449004,0.317592449004,0.333955290106,0.34845226089,,,,,,,
USA,outer_fold,56,P4_constrained_interactions,0.01,1,1.39012626542e-20,,,,0.986051287955,1.03899596761e-19,8.94534707921e-20,0.0139487120447,1.39012626542e-20,5.15205858033e-20,7.66606700324e-20
USA,post_evaluation_deployment,ALL,P3_weighted_geometric,0.01,1,0.324522624042,0.324522624042,0.328689708651,0.346787667307,,,,,,,
USA,post_evaluation_deployment,ALL,P4_constrained_interactions,0.01,1,0,,,,0.984257820772,0,0,0.0157421792275,0,0,0
Indonesia,outer_fold,ID11,P3_weighted_geometric,0.01,1,0.317008697277,0.317008697277,0.324366543699,0.358624759025,,,,,,,
Indonesia,outer_fold,ID11,P4_constrained_interactions,0.01,1,0,,,,0.983861275172,0,2.24463731022e-20,0.0119955704688,0,2.96461531539e-21,0.00414315435873
Indonesia,outer_fold,ID12,P3_weighted_geometric,0.01,1,0.310955861404,0.337262849852,0.310955861404,0.351781288744,,,,,,,
Indonesia,outer_fold,ID12,P4_constrained_interactions,0.01,1,0,,,,0.957362350008,0.0174170386703,0,0.0116164664796,8.50529873551e-19,0.0136041448417,3.20623068432e-18
Indonesia,outer_fold,ID13,P3_weighted_geometric,0.01,1,0.303422324987,0.317899939176,0.303422324987,0.378677735836,,,,,,,
Indonesia,outer_fold,ID13,P4_constrained_interactions,0.01,1,0,,,,0.960379470323,0.00278410928042,5.29888250261e-20,0.0239905535893,0,0.0128458668077,0
Indonesia,outer_fold,ID14,P3_weighted_geometric,0.01,1,0.325118945775,0.325118945775,0.326173028785,0.34870802544,,,,,,,
Indonesia,outer_fold,ID14,P4_constrained_interactions,0.01,1,0,,,,0.983533689468,1.3281353665e-19,1.08490569767e-19,0.0164663105316,0,0,0
Indonesia,outer_fold,ID15,P3_weighted_geometric,0.01,1,0.296054876129,0.296054876129,0.330051284415,0.373893839456,,,,,,,
Indonesia,outer_fold,ID15,P4_constrained_interactions,0.01,1,0,,,,0.962807781563,0,0.0177522540898,0.00656743494243,1.38235776992e-18,4.6586812099e-19,0.0128725294049
Indonesia,outer_fold,ID16,P3_weighted_geometric,0.01,1,0.332057849682,0.332057849682,0.335096869116,0.332845281202,,,,,,,
Indonesia,outer_fold,ID16,P4_constrained_interactions,0.01,1,0,,,,0.998592813103,0,0,0,3.64224167319e-20,4.48927462045e-20,0.00140718689682
Indonesia,outer_fold,ID17,P3_weighted_geometric,0.01,1,0.32096185029,0.342737830487,0.336300319223,0.32096185029,,,,,,,
Indonesia,outer_fold,ID17,P4_constrained_interactions,0,1,0,,,,0,0.332188016829,0.313327980216,0.258699076172,8.40256683676e-19,0,0.0957849267833
Indonesia,outer_fold,ID18,P3_weighted_geometric,0.01,1,0.322974030142,0.333154649637,0.322974030142,0.343871320221,,,,,,,
Indonesia,outer_fold,ID18,P4_constrained_interactions,0.01,1,0,,,,0.976727824948,0.00386132675442,0,0.0111772890698,1.86378204826e-19,0.00823355922828,5.57929036512e-19
Indonesia,outer_fold,ID19,P3_weighted_geometric,0.01,1,0.323831081359,0.323831081359,0.349248717147,0.326920201493,,,,,,,
Indonesia,outer_fold,ID19,P4_constrained_interactions,0.01,1,0,,,,0.978099292207,5.3939841405e-19,0.0219007077925,0,0,0,0
Indonesia,outer_fold,ID21,P3_weighted_geometric,0.01,1,0.323752112488,0.341383999186,0.334863888325,0.323752112488,,,,,,,
Indonesia,outer_fold,ID21,P4_constrained_interactions,0.01,1,0,,,,0.99279560385,0.00720439614956,0,1.31927875189e-19,0,0,0
Indonesia,outer_fold,ID31,P3_weighted_geometric,0.01,1,0.306678215347,0.306678215347,0.319974418552,0.373347366101,,,,,,,
Indonesia,outer_fold,ID31,P4_constrained_interactions,0.01,1,0,,,,0.960729330196,5.20925262561e-19,0,0.0340875049159,0,0,0.00518316488828
Indonesia,outer_fold,ID32,P3_weighted_geometric,0.01,1,0.32732444123,0.340508527735,0.32732444123,0.332167031035,,,,,,,
Indonesia,outer_fold,ID32,P4_constrained_interactions,0.01,1,0,,,,0.987038631744,0.0116845001364,2.55120568315e-19,1.25171671281e-18,0,0.00127686811926,1.2284583275e-19
Indonesia,outer_fold,ID33,P3_weighted_geometric,0.01,1,0.317395526864,0.317395526864,0.320456648079,0.362147825056,,,,,,,
Indonesia,outer_fold,ID33,P4_constrained_interactions,0.01,1,0,,,,0.981513972717,0,0,0.0184860272834,0,2.9915105436e-20,1.0244747569e-20
Indonesia,outer_fold,ID34,P3_weighted_geometric,0.01,1,0.314813704402,0.314813704402,0.317040651829,0.368145643769,,,,,,,
Indonesia,outer_fold,ID34,P4_constrained_interactions,0.01,1,0,,,,0.967285335265,3.3771029845e-19,1.78019216681e-19,0.0322854496713,0,0.000429215064111,0
Indonesia,outer_fold,ID35,P3_weighted_geometric,0.01,1,0.315081839057,0.318998383168,0.315081839057,0.365919777775,,,,,,,
Indonesia,outer_fold,ID35,P4_constrained_interactions,0.01,1,0,,,,0.970945655465,0,0,0.0290543445355,1.42683970368e-19,0,7.85529391725e-19
Indonesia,outer_fold,ID36,P3_weighted_geometric,0.01,1,0.301561102743,0.318208327473,0.301561102743,0.380230569785,,,,,,,
Indonesia,outer_fold,ID36,P4_constrained_interactions,0.01,1,0,,,,0.969559395639,0.00165143771478,1.05627055476e-21,0.0187937466798,0,0.00999541996679,0
Indonesia,outer_fold,ID51,P3_weighted_geometric,0.01,1,0.315621563748,0.315621563748,0.327982998835,0.356395437417,,,,,,,
Indonesia,outer_fold,ID51,P4_constrained_interactions,0.01,1,0,,,,0.982056816632,0,0.000726073851027,0.0104599188268,7.24213169902e-19,5.4294811919e-19,0.00675719069063
Indonesia,outer_fold,ID52,P3_weighted_geometric,0.01,1,0.319869948195,0.32354625338,0.319869948195,0.356583798425,,,,,,,
Indonesia,outer_fold,ID52,P4_constrained_interactions,0.01,1,0,,,,0.984320075123,0,0,0.0150497463796,0,0.000630178497533,6.22124008495e-19
Indonesia,outer_fold,ID53,P3_weighted_geometric,0.01,1,0.325791880746,0.325791880746,0.332521684175,0.341686435079,,,,,,,
Indonesia,outer_fold,ID53,P4_constrained_interactions,0.01,1,0,,,,0.993671947305,0,0.00094050761599,0.00104152638188,0,0,0.00434601869667
Indonesia,outer_fold,ID61,P3_weighted_geometric,0.01,1,0.322363610257,0.341901411388,0.335734978356,0.322363610257,,,,,,,
Indonesia,outer_fold,ID61,P4_constrained_interactions,0.01,1,0,,,,0.989538812838,0.00479350195431,0.000959367631559,0,0.00470831757601,1.75015476843e-19,1.14642821763e-19
Indonesia,outer_fold,ID62,P3_weighted_geometric,0.01,1,0.321646884436,0.32450957587,0.321646884436,0.353843539694,,,,,,,
Indonesia,outer_fold,ID62,P4_constrained_interactions,0.01,1,0,,,,0.986808936537,0,1.12679702394e-19,0.0103411482245,0,0.00284991523807,1.07672475735e-19
Indonesia,outer_fold,ID63,P3_weighted_geometric,0.01,1,0.324116389254,0.346941878714,0.328941732031,0.324116389254,,,,,,,
Indonesia,outer_fold,ID63,P4_constrained_interactions,0.01,1,0,,,,0.982766422803,0.0172335771972,0,1.82964953375e-19,0,0,0
Indonesia,outer_fold,ID64,P3_weighted_geometric,0.01,1,0.318442515892,0.331685410024,0.318442515892,0.349872074083,,,,,,,
Indonesia,outer_fold,ID64,P4_constrained_interactions,0.01,1,0,,,,0.979099639839,0.0055128531065,0,0.0084259176627,2.01913236991e-19,0.00696158939174,3.25659956064e-19
Indonesia,outer_fold,ID65,P3_weighted_geometric,0.01,1,0.320324406295,0.344492503079,0.320324406295,0.335183090626,,,,,,,
Indonesia,outer_fold,ID65,P4_constrained_interactions,0.01,1,0,,,,0.984342246515,0.0141977458026,1.41704228507e-19,0,9.00547948336e-20,0.00146000768282,0
Indonesia,outer_fold,ID71,P3_weighted_geometric,0.01,1,0.315483051275,0.333128970634,0.35138797809,0.315483051275,,,,,,,
Indonesia,outer_fold,ID71,P4_constrained_interactions,0.01,1,0,,,,0.987899524295,0,0.0121004757055,1.91871585015e-19,0,0,0
Indonesia,outer_fold,ID72,P3_weighted_geometric,0.01,1,0.302681109158,0.313860038797,0.302681109158,0.383458852045,,,,,,,
Indonesia,outer_fold,ID72,P4_constrained_interactions,0.01,1,0,,,,0.945642201834,0.00195915794959,0,0.0339527449895,8.25365507818e-19,0.0184458952267,1.7402673314e-18
Indonesia,outer_fold,ID73,P3_weighted_geometric,0.01,1,0.314272952408,0.351121685506,0.334605362086,0.314272952408,,,,,,,
Indonesia,outer_fold,ID73,P4_constrained_interactions,0.01,1,0,,,,0.982874245316,0.0170238449117,0,2.36736242239e-20,0.000101909771866,0,0
Indonesia,outer_fold,ID74,P3_weighted_geometric,0.01,1,0.326466255143,0.326896847273,0.326466255143,0.346636897585,,,,,,,
Indonesia,outer_fold,ID74,P4_constrained_interactions,0.01,1,0,,,,0.992997606428,0,6.75389755308e-20,0.006088686498,0,0.000913707074073,0
Indonesia,outer_fold,ID75,P3_weighted_geometric,0.01,1,0.318051630892,0.328325238707,0.318051630892,0.353623130401,,,,,,,
Indonesia,outer_fold,ID75,P4_constrained_interactions,0.01,1,0,,,,0.972878022933,0.0061596829192,0,0.0134631217209,2.04083541918e-19,0.00749917242655,0
Indonesia,outer_fold,ID76,P3_weighted_geometric,0.01,1,0.326558733762,0.326558733762,0.335809545561,0.337631720677,,,,,,,
Indonesia,outer_fold,ID76,P4_constrained_interactions,0.01,1,0,,,,0.994138260414,1.01643953671e-20,0.00364243265358,0,5.25160427298e-20,0,0.00221930693218
Indonesia,outer_fold,ID81,P3_weighted_geometric,0.01,1,0.319753886193,0.319753886193,0.324022198172,0.356223915635,,,,,,,
Indonesia,outer_fold,ID81,P4_constrained_interactions,0.01,1,0,,,,0.987654696289,2.37855282428e-19,0,0.0123453037106,8.15912388761e-20,0,0
Indonesia,outer_fold,ID82,P3_weighted_geometric,0.01,1,0.327458724512,0.344467583874,0.328073691614,0.327458724512,,,,,,,
Indonesia,outer_fold,ID82,P4_constrained_interactions,0.01,1,0,,,,0.985029181628,0.0149708183717,1.50743273974e-19,0,6.42700234688e-22,1.79891782016e-19,0
Indonesia,outer_fold,ID91,P3_weighted_geometric,0.01,1,0.3018824858,0.362122419453,0.335995094748,0.3018824858,,,,,,,
Indonesia,outer_fold,ID91,P4_constrained_interactions,0.01,1,0,,,,0.979191465038,0.0208085349619,1.08954296278e-19,0,0,0,4.49039532226e-20
Indonesia,outer_fold,ID94,P3_weighted_geometric,0.01,1,0.315647708382,0.351333400508,0.33301889111,0.315647708382,,,,,,,
Indonesia,outer_fold,ID94,P4_constrained_interactions,0.01,1,0,,,,0.984917535074,0.0150824649262,0,0,0,3.17358520497e-21,1.58576499107e-19
Indonesia,post_evaluation_deployment,ALL,P3_weighted_geometric,0.01,1,0.308164016906,0.340207647112,0.351628335982,0.308164016906,,,,,,,
Indonesia,post_evaluation_deployment,ALL,P4_constrained_interactions,0.01,1,0,,,,0.983337905919,0.00104454034529,0.0110986154309,2.32724517802e-19,0.00451893830475,0,0
