country,unit,group,y_true,pred_full,pred_no_EO,pred_H_no_EO,pred_E_no_EO,pred_I_no_EO,pred_G_no_EO,scope,delta_abs_error,pred_160,pred_H,pred_E,pred_I
China,130100,130000,0.778,0.794031728214,0.789688867455948,0.916321780359562,0.726945601480947,0.737615481434851,0.789090198037069,main,0.00109068796910394,0.795122416183104,0.908731541442811,0.745287220005148,0.737615481434851
China,130200,130000,0.799,0.801342660765,0.786863153832706,0.915489297214868,0.706814235351035,0.751719700280011,0.786450688570048,main,0.000593622395197002,0.801936283160197,0.918507746124136,0.74341662817276,0.751719700280012
China,130300,130000,0.778,0.786071884373,0.775219566602184,0.907035410030666,0.710777938535956,0.720864913702962,0.774587866585184,main,0.000948212455247011,0.787020096828247,0.913526533442299,0.734538660093392,0.720864913702963
China,130400,130000,0.745,0.753495241941,0.747988974014325,0.8925940121144,0.695924410517968,0.671245346598306,0.747077704647139,main,0.001372426786866,0.754867668727866,0.887230947383687,0.713804843556185,0.671245346598306
China,130500,130000,0.732,0.753603082963,0.746138812279668,0.888585709564884,0.690946002334102,0.674260870912382,0.745287430393686,main,0.00191927833136996,0.75552236129437,0.889915113559095,0.710712493069195,0.674260870912381
China,130600,130000,0.74,0.758037671227,0.752248287461958,0.901015843147687,0.705038115826939,0.667395761696404,0.751235592677166,main,0.00198706433816997,0.76002473556517,0.902066861369502,0.719502511837196,0.667395761696404
China,130700,130000,0.742,0.761988601911,0.768227758577479,0.898236946793996,0.7151896212565,0.70369978745627,0.767479020599669,main,0.00104517402241,0.76303377593341,0.887846244541802,0.706286527046822,0.70369978745627
China,130800,130000,0.751,0.756677040141,0.749949507771822,0.877110428292944,0.689647527312433,0.695531220178847,0.749317764755825,main,0.00166287677934096,0.758339916920341,0.882318697727599,0.705316507150876,0.695531220178846
China,130900,130000,0.757,0.75275534793,0.743566610258722,0.89032513533397,0.684654512365282,0.67211986221568,0.742715144578787,main,-0.00150064837500796,0.754255996305008,0.896279406151343,0.704309267126336,0.67211986221568
China,131000,130000,0.78,0.795745349119,0.785561240793075,0.905801876280255,0.715510279364227,0.746711867631672,0.785116399562356,main,0.000138768822404045,0.795884117941404,0.904761046550387,0.742679095481145,0.746711867631676
China,131100,130000,0.743,0.751674874007,0.750920809062665,0.895805002327679,0.696447632038767,0.676305915670016,0.750035314107204,main,0.00142663192413106,0.753101505931131,0.890776971065031,0.701770987820159,0.676305915670016
China,140100,140000,0.822,0.826238469285,0.829142650050612,0.927525139213713,0.751960792059946,0.815175767201254,0.828432984634779,main,5.5843987883053e-05,0.826294313272883,0.91103368601964,0.757378331384028,0.815175767201257
China,140200,140000,0.761,0.784329173872,0.794279861028576,0.904419979264928,0.728681239079817,0.758023923376077,0.793469460458732,main,0.000216246847121071,0.784545420719121,0.88231819219409,0.719292428355176,0.758023923376076
China,140300,140000,0.775,0.783517406876,0.792432403467765,0.902237359084145,0.71965448982935,0.764050849739166,0.791630228509614,main,0.000749502922676948,0.784266909798677,0.880420354826623,0.714476311564141,0.764050849739166
China,140400,140000,0.766,0.756291540296,0.763551106039762,0.88870514322459,0.699498822306956,0.713483582665275,0.762622396205689,main,-4.93406024000276e-05,0.7563408808984,0.869311179937033,0.694344009919543,0.713483582665274
China,140500,140000,0.779,0.779341190708,0.779737783162673,0.898072169874595,0.70847437513392,0.742601830204903,0.778867890684477,main,-0.000332609171131981,0.778991418463132,0.887845198513631,0.713898843621483,0.742601830204903
China,140600,140000,0.786,0.76668229598,0.768911359901383,0.881868957654791,0.697763097575958,0.736398729458114,0.768083368070758,main,-0.000359245429654931,0.767041541409655,0.872529713045234,0.699428735124846,0.736398729458115
China,140700,140000,0.761,0.765262808322,0.766844225489818,0.890208931282683,0.704508172770691,0.71645030679364,0.76592812746303,main,0.000116615996779035,0.765379424318779,0.881699348098524,0.706398390638571,0.71645030679364
China,140800,140000,0.749,0.748226265465,0.746228463619334,0.890072229160412,0.690141276683936,0.673540771760286,0.745147727597039,main,0.00066733489541404,0.747558930569586,0.889478981571037,0.69306952486144,0.673540771760285
China,140900,140000,0.748,0.744222797795,0.749618573404094,0.881513186046517,0.690336567181399,0.689474485135876,0.748633568680433,main,-0.000506165960604044,0.744728963755604,0.871159715501643,0.683990752840901,0.689474485135875
China,141100,140000,0.756,0.745123468488,0.74311212461066,0.874789290222225,0.685962878612339,0.68113142230829,0.742127165447962,main,0.000352324868946985,0.744771143619053,0.872066244877208,0.691686083881661,0.68113142230829
China,150100,150000,0.802,0.815967065202,0.810721253429772,0.90823890979997,0.739243703099648,0.792054731614126,0.810178990151111,main,-5.355723665601e-05,0.815913507965344,0.900447517374599,0.75859287974239,0.792054731614121
China,150200,150000,0.817,0.83285967504,0.83130919101551,0.910191970896953,0.749020443516436,0.841706022763434,0.830989817252133,main,0.000303450761938939,0.833163125801939,0.896942730099463,0.764007982887872,0.841706022763435
China,150300,150000,0.805,0.807428604263,0.82458561949064,0.908656564790736,0.764841709134729,0.805341771543431,0.824107473374093,main,-0.000496478531052058,0.806932125731948,0.882871835715635,0.736469948108473,0.805341771543434
China,150400,150000,0.738,0.752498959875,0.74509885229173,0.875860390212544,0.689128858963955,0.682803753757986,0.744178424414612,main,-0.00107442381806999,0.75142453605693,0.883462923940456,0.698440521010129,0.682803753757985
China,150500,150000,0.745,0.747149396333,0.72992524858875,0.86985921840246,0.684247953874132,0.650561948810508,0.728870509080019,main,-0.00126988811143902,0.745879508221561,0.88751726962733,0.713093861403673,0.650561948810507
China,150600,150000,0.818,0.799115855636,0.798944367814281,0.877680890404291,0.732956215607142,0.791562181809299,0.79854593615697,main,0.00137729739973691,0.797738558236263,0.875146080450784,0.730255697487031,0.791562181809303
China,150700,150000,0.761,0.782803527738,0.774478967964321,0.878276122797326,0.724882378094874,0.727678480810817,0.773771477235721,main,-0.001366956802062,0.781436570935938,0.901770197792806,0.72280263924008,0.727678480810816
China,150800,150000,0.763,0.756987826147,0.75616834770343,0.874045454731186,0.703595814721747,0.700783196788411,0.755347823248911,main,-0.000388585788537954,0.757376411935538,0.867139366112057,0.7108188054821,0.700783196788411
China,150900,150000,0.746,0.755972898197,0.762294231542548,0.887420770489191,0.705372064214819,0.705246762200086,0.76142941242647,main,-0.00168838610426603,0.754284512092734,0.878158092319952,0.688522072790784,0.705246762200085
China,210100,210000,0.826,0.8360244705,0.835032262443582,0.932642529598374,0.756934634660984,0.825538255810066,0.835289327168062,main,-3.47928293999988e-05,0.8359896776706,0.929321380252824,0.763052268258534,0.825538255810065
China,210200,210000,0.835,0.809468428454,0.814523201745575,0.929579584396172,0.750506671985771,0.77476216730941,0.814585196397441,main,-0.000662666710245952,0.810131095164246,0.926075462836657,0.741254466661094,0.774762167309413
China,210300,210000,0.785,0.795817359608,0.79820957620109,0.920353314792489,0.734228511006808,0.752692036946531,0.798241646378558,main,0.000562279937332932,0.796379639545333,0.917496385831387,0.73106485647035,0.75269203694653
China,210400,210000,0.761,0.775426697214,0.77461699437579,0.913283763159024,0.739648251458268,0.687297851673421,0.774328633845951,main,0.000535719930780942,0.775962417144781,0.916114524839796,0.738550632249587,0.687297851673422
China,210500,210000,0.798,0.7779965639,0.780878244044353,0.913954041652635,0.737926251309008,0.705481968230139,0.780682442098688,main,-0.000612469889978984,0.778609033789979,0.915895168819082,0.728262228031851,0.705481968230139
China,210600,210000,0.761,0.764856176177,0.769495128590697,0.909561828996644,0.721764944875947,0.693551295316783,0.769311455782761,main,0.00167554549215798,0.766531721669158,0.904988023654032,0.715352464361032,0.693551295316782
China,210700,210000,0.776,0.758451489673,0.755677026654755,0.905063083910873,0.712354117877558,0.668627297550166,0.755416206483143,main,-0.00113785658647203,0.759589346259472,0.909325760838694,0.717334916529891,0.668627297550165
China,210800,210000,0.778,0.782281417867,0.777731866272859,0.913222076527401,0.715314620179566,0.720035259559836,0.777694610227246,main,0.000582005774054983,0.782863423641055,0.916517164285917,0.725542944971373,0.720035259559836
China,210900,210000,0.753,0.755768577554,0.753771875377445,0.893251571030435,0.709724722478718,0.674975418123965,0.753558939601607,main,0.001011288083135,0.756779865637135,0.893979185467816,0.715288101313988,0.674975418123965
China,211000,210000,0.781,0.779873294603,0.775984217970228,0.909436073632296,0.718948131636773,0.714434533751566,0.775908885103292,main,-0.000872470573316964,0.780745765176317,0.91491199396135,0.726325089402152,0.714434533751566
China,211100,210000,0.822,0.821947634377,0.814333111579474,0.915273375159692,0.737445410071193,0.800751892058517,0.814565902169202,main,0.00109310275880115,0.823145468381801,0.923166585641976,0.755300847801172,0.800751892058514
China,211200,210000,0.738,0.731246256093,0.728319358714365,0.894432907183007,0.702883566369876,0.613289033301846,0.727833630916852,main,-0.001295577124101,0.732541833217101,0.898001306619241,0.707969193889199,0.613289033301845
China,211300,210000,0.737,0.732239246758,0.728125814231608,0.883270194238811,0.686666597743968,0.635684325427017,0.727825052083075,main,-0.000820693899022951,0.733059940657023,0.887966841634044,0.693892438808861,0.635684325427017
China,211400,210000,0.748,0.748127324512,0.745619346682922,0.894389428529538,0.698667046167183,0.662763391336175,0.745392713055315,main,0.001173612108197,0.749300936620197,0.898291230652379,0.703484901469252,0.662763391336175
China,220100,220000,0.817,0.79215857814,0.782467600972787,0.9015657971361,0.722008841013748,0.735927699513399,0.782453187700927,main,-0.00100386237079297,0.793162440510793,0.919592001569674,0.732409954607549,0.735927699513404
China,220200,220000,0.765,0.773888484021,0.764530590314635,0.901579971267089,0.712679820607566,0.695627271190372,0.76458382407065,main,0.000640735943840065,0.77452921996484,0.918370177669866,0.72122413464917,0.695627271190371
China,220300,220000,0.737,0.73991441386,0.730490309362673,0.882869573221027,0.684149153270107,0.645612220568247,0.730588831132085,main,0.001012013156659,0.740926427016659,0.89602021812325,0.696141311040903,0.645612220568248
China,220400,220000,0.762,0.758208571627,0.745189480892395,0.886102126473415,0.693139538648768,0.673901010624416,0.745246914223364,main,-0.000325358089221073,0.758533929716221,0.900314926772046,0.713072081590394,0.673901010624416
China,220500,220000,0.755,0.782431474654,0.770885350224119,0.892846905525282,0.698393635677842,0.734486230388798,0.770821186619028,main,-0.000551399508083028,0.781880075145917,0.902280637423761,0.716829646597498,0.734486230388799
China,220600,220000,0.772,0.795144080467,0.788922406797336,0.892399432790531,0.729772044186803,0.753867422945929,0.788885235797181,main,-0.000902953212562063,0.794241127254438,0.906971908344475,0.728739311823302,0.753867422945929
China,220700,220000,0.731,0.735780179547,0.718039513043019,0.864045258141195,0.668539045354108,0.641086678842697,0.71811391179524,main,0.000163279007880934,0.735943458554881,0.890495119234512,0.691248539037121,0.641086678842697
China,220800,220000,0.73,0.74290874413,0.729178111557589,0.870131733511804,0.679864767133922,0.655563707994174,0.729246156062036,main,-0.000538877600707921,0.742369866529292,0.88278352292985,0.700624750301956,0.655563707994174
China,230100,230000,0.793,0.809406297535,0.793387118595492,0.903543057356703,0.738812081886616,0.749227478680184,0.793777613269619,main,-0.00443006088500508,0.804976236649995,0.918481399067969,0.766434017876296,0.736785357240964
China,230200,230000,0.746,0.735122974345,0.718398644845361,0.865478340561597,0.689504528752622,0.623135663432089,0.719104453019097,main,0.00944814266064697,0.725674831684353,0.883258664187865,0.714120378233104,0.598787143855074
China,230300,230000,0.758,0.79714480434,0.779350747067001,0.882667772994758,0.734551924768076,0.731226764831586,0.779753411652433,main,0.00560130318627494,0.802746107526275,0.909630229915482,0.756332967071033,0.748374634630457
China,230600,230000,0.81,0.807024127003,0.79197077780839,0.882749065169911,0.726762811227408,0.774925271286626,0.792191045073672,main,0.020790068782804,0.786234058220196,0.893922875338145,0.753916328591002,0.716989270514994
China,230700,230000,0.774,0.807067873924,0.789750612243219,0.875470479309215,0.747183237429319,0.753910126517082,0.79006483907414,main,-0.00381685748386107,0.803251016440139,0.900192357751271,0.770274875646245,0.743801820999198
China,231100,230000,0.77,0.764455727645,0.743388401590707,0.854006156950841,0.697992982074752,0.690400993063711,0.743825657914959,main,0.00298110776851601,0.761474619876484,0.883152395029031,0.725717033699121,0.684247221523219
China,350100,350000,0.827,0.82767532507,0.819457938727178,0.916604264866533,0.720874903339149,0.83155448104638,0.819050782075447,main,0.000862803022562031,0.828538128092562,0.938327675155674,0.72901143632865,0.83155448104638
China,350200,350000,0.845,0.842468760643,0.841030539237911,0.934741171228493,0.754090101935233,0.842984252475148,0.840707053859318,main,-0.00113833785954298,0.843607098502543,0.94808309943182,0.751257566881165,0.842984252475152
China,350300,350000,0.795,0.811927543698,0.799802787600483,0.899866771286206,0.689753375158534,0.822756588003489,0.799308576014687,main,0.000658129103864979,0.812585672801865,0.929361127913592,0.701792055129081,0.822756588003488
China,350400,350000,0.809,0.792011844738,0.782102029911177,0.875303709588562,0.690398681569821,0.790530088452486,0.781734073929608,main,4.45013681380502e-05,0.791967343369862,0.899337562729895,0.698739050024645,0.790530088452485
China,350500,350000,0.807,0.823286383897,0.818451656594701,0.905304682452892,0.71807737326764,0.841955803774201,0.817997107465817,main,0.000695392827616992,0.823981776724617,0.925263556332163,0.71823336673026,0.841955803774205
China,350600,350000,0.788,0.792421876453,0.785702770695008,0.893254140268316,0.695397648644997,0.779913000621069,0.785388983425715,main,0.000459205100158955,0.792881081553159,0.919264092859071,0.695269675888471,0.779913000621071
China,350700,350000,0.784,0.780990630267,0.774428663303815,0.879160478090432,0.690956713811952,0.763785144834274,0.774158823999624,main,-0.000243916396600041,0.7812345466636,0.900668045442887,0.693128566805017,0.763785144834271
China,350800,350000,0.802,0.807974823927,0.794545274236431,0.876424516772791,0.690399508378106,0.827395235697506,0.794040527200354,main,4.06372233919816e-05,0.808015461150392,0.90517713245258,0.704502738005882,0.827395235697504
China,350900,350000,0.785,0.781969259359,0.774488345102678,0.8829987936637,0.690259014603386,0.76142405854193,0.774223348120253,main,0.000235213440610949,0.781734045918389,0.91053950606249,0.689053761122613,0.761424058541932
China,360100,360000,0.815,0.818602621901,0.820013857445082,0.919828668883014,0.731188235890921,0.81751756618212,0.819239863742831,main,0.00288126154047008,0.82148388344147,0.92406116686738,0.737489348645425,0.817517566182115
China,360200,360000,0.76,0.785966501674,0.783915858253043,0.884401553260432,0.692523058136941,0.784225217323527,0.783143797539795,main,0.0017539959418551,0.787720497615855,0.905845128313577,0.69211750880658,0.78422521732353
China,360300,360000,0.77,0.775972226395,0.776290342410724,0.894752549082746,0.705951757297481,0.737670990322877,0.775259132493069,main,0.000780011190659069,0.776752237585659,0.905000256052968,0.703332567489979,0.737670990322877
China,360400,360000,0.763,0.77998694036,0.778220125502943,0.887929540772407,0.696446486412977,0.759506750028712,0.777319026656987,main,0.00152818911805497,0.781515129478055,0.89676312972679,0.703273487708591,0.759506750028708
China,360500,360000,0.794,0.799098062776,0.799339375671758,0.893275672191844,0.711868340559863,0.801015264100793,0.79862332887725,main,0.00219799538680299,0.801296058162803,0.908024334693047,0.711399840190291,0.801015264100796
China,360600,360000,0.784,0.782400825991,0.784567010738295,0.882799490578675,0.690615186106978,0.789882971291441,0.783827175172192,main,7.71550890399375e-06,0.785606889517904,0.891920550843054,0.692580997391677,0.78988297129144
China,360700,360000,0.744,0.762404203939,0.756532967130074,0.880229139238201,0.687776704444559,0.712130304748846,0.755441589177012,main,-0.000196344653422997,0.762207859285577,0.897254759005254,0.693526024483442,0.712130304748845
China,360800,360000,0.75,0.756072124661,0.75154980019129,0.870311323554266,0.674161128058187,0.7205790983519,0.750539120662884,main,0.00192554783305499,0.757997672494055,0.888749353147029,0.68158579037415,0.7205790983519
China,360900,360000,0.749,0.759980411204,0.75691789169123,0.881222163758305,0.686124625274409,0.714131965003685,0.755826817412531,main,0.00105123046864208,0.761031641672642,0.895162800461664,0.690264280647097,0.714131965003684
China,361000,360000,0.742,0.748040031385,0.749992582319273,0.874578301980232,0.686436651735101,0.699565538778036,0.748874754280476,main,0.000526917786419001,0.748566949171419,0.887112659419014,0.676598973564877,0.699565538778037
China,361100,360000,0.741,0.754906672098,0.755923275581796,0.88188608559884,0.684277360642439,0.712658183494046,0.754817533050667,main,0.00105164066290298,0.755958312760903,0.893050851190463,0.679977274948191,0.712658183494046
China,370100,370000,0.83,0.817098468754,0.823183248608524,0.926593759904228,0.730641580104574,0.824838169977794,0.823482109439567,main,-0.000574610049909996,0.81767307880391,0.911756823585302,0.736505977767543,0.824838169977792
China,370200,370000,0.844,0.826007405999,0.828016485089583,0.931229277150945,0.73141398895356,0.83458367904734,0.828380608075324,main,0.000267368607744012,0.825740037391256,0.919507448101167,0.74354076410831,0.834583679047344
China,370300,370000,0.806,0.794949216467,0.79917789734118,0.925670147145254,0.725115846606211,0.759774391597214,0.798943562727728,main,-0.000485488442325988,0.795434704909326,0.919356560729883,0.72433683835918,0.759774391597217
China,370400,370000,0.75,0.773085314895,0.770129980569505,0.89706571388028,0.689939737742643,0.73759408168327,0.769988573307326,main,-0.000122836420783035,0.772962478474217,0.895873204568578,0.702642184105739,0.737594081683267
China,370500,370000,0.845,0.799613586021,0.799335461075,0.901648713134637,0.715243861476663,0.792481203915976,0.799515385634711,main,-0.000325675810238013,0.799939261831238,0.904917166731608,0.721515609852076,0.79248120391598
China,370600,370000,0.829,0.805772608364,0.810505500331693,0.92732625185829,0.722761659531375,0.794642428837624,0.810587315881749,main,3.17845324689925e-05,0.805740823831531,0.917097935640874,0.725308232652741,0.794642428837628
China,370700,370000,0.788,0.783405591348,0.78720092213245,0.914374615632559,0.713687623640577,0.746812329941892,0.786951441699599,main,0.000636887351017079,0.782768703996983,0.908216622102505,0.710967622491339,0.746812329941888
China,370800,370000,0.773,0.773748219853,0.778383116302839,0.905257704719112,0.702230054678208,0.741286783809342,0.778178629565289,main,0.000481166217080942,0.774229386070081,0.895567589334847,0.703180861729977,0.741286783809346
China,370900,370000,0.77,0.768334519713,0.77649101807471,0.911795922427327,0.714467320725928,0.717240628818464,0.775976017733957,main,-0.000305988397063972,0.768640508110064,0.897338903288133,0.70656738049436,0.717240628818464
China,371000,370000,0.833,0.809736876223,0.811750464023735,0.925733457177135,0.715751747448743,0.807990249213756,0.811991529678951,main,0.000411985953737926,0.809324890269262,0.916745899291795,0.724642310383252,0.807990249213758
China,371100,370000,0.785,0.76994236586,0.774104216331717,0.901993975256791,0.707952297383104,0.725379713017274,0.773732808347144,main,0.000262599445608025,0.769679766414392,0.904711665672396,0.69764699421212,0.725379713017274
China,371300,370000,0.747,0.765490723871,0.762860505148742,0.895866554521743,0.684828373487388,0.72293925196994,0.76262134765896,main,-0.00115930666421504,0.764331417206785,0.89824070863284,0.690949684936156,0.722939251969941
China,371400,370000,0.765,0.754713280064,0.760859858957833,0.897370984564597,0.692088235519209,0.708041710528073,0.760438525120197,main,-0.00195222725476607,0.756665507318766,0.889573632249404,0.689632169136788,0.708041710528073
China,371500,370000,0.751,0.738791260678,0.743759017829339,0.88981444094465,0.688529498973346,0.669559051355674,0.743025346504882,main,-0.0007024909107749,0.739493751588775,0.880767422316215,0.683675304998906,0.669559051355675
China,371600,370000,0.774,0.763210320583,0.766910787304108,0.90001772677191,0.700872639403777,0.713865735211723,0.766482485601181,main,-0.000652294726298019,0.763862615309298,0.892908254909878,0.700516311150918,0.713865735211722
China,371700,370000,0.748,0.744160819385,0.750893401562294,0.889730471578648,0.682308442710576,0.696173632207992,0.750445100717757,main,-0.00023663274437602,0.744397452129376,0.875909371429553,0.678218342192751,0.696173632207992
China,410100,410000,0.832,0.823671920268,0.820252939772234,0.926714832789198,0.737300653921323,0.811074830218029,0.821392158615939,main,0.000720826543442965,0.822951093724557,0.909175371301611,0.758733619477832,0.81107483021803
China,410200,410000,0.75,0.754842568612,0.754047195378875,0.89155382577567,0.678262667381981,0.711374585435264,0.754885834126182,main,-0.000666475088709095,0.754176093523291,0.881693203575617,0.686845233364557,0.711374585435263
China,410300,410000,0.789,0.791886589621,0.789173488530307,0.901028946511605,0.709443687298542,0.771947787127043,0.790220331746391,main,-0.00116085186889103,0.790725737752109,0.890409953414664,0.722346080513042,0.771947787127043
China,410400,410000,0.763,0.758688085407,0.752381380340273,0.886929962672783,0.676232917300609,0.712555533131513,0.753242443594413,main,-0.00011050371712007,0.75879858912412,0.883416735884563,0.696757798062786,0.712555533131512
China,410500,410000,0.75,0.74998017263,0.743644062917821,0.888821669606933,0.677199752562024,0.684899124347819,0.744250860267535,main,0.000505991998610011,0.74947418063139,0.885583094974177,0.696344588512415,0.684899124347819
China,410600,410000,0.772,0.767525298952,0.758702298146925,0.890104823739857,0.681745764128778,0.722243112545304,0.759595419657506,main,0.00012335597604396,0.767401942975956,0.885073327046335,0.709510044983105,0.722243112545304
China,410700,410000,0.764,0.752691840341,0.75249230104028,0.894530534757422,0.691999347799247,0.689711592114613,0.752990435952878,main,0.00011407126611096,0.752577769074889,0.887046145531095,0.698975710857396,0.689711592114613
China,410800,410000,0.784,0.782510439311,0.77983606906276,0.906196621056285,0.709098276865086,0.740281159780175,0.780623920358211,main,-0.000227937900973085,0.782738377211973,0.899516470139747,0.722816383957717,0.740281159780173
China,410900,410000,0.75,0.746317223407,0.741507937443868,0.884571940676354,0.667226701874706,0.692965715724082,0.742288573497649,main,2.09666965570454e-05,0.746296256710443,0.877659967118947,0.686031165411807,0.692965715724082
China,411000,410000,0.783,0.774434707546,0.767814833933806,0.898064272272353,0.68074279164254,0.743633630791511,0.768923553505688,main,-2.74849434500624e-06,0.774437456040345,0.893847562516942,0.701960488593819,0.743633630791516
China,411100,410000,0.782,0.775833065085,0.769541426945787,0.900285877284672,0.681616562333967,0.745893579706121,0.770665315647792,main,-0.000758923374493903,0.776591988459494,0.89852700826659,0.702098352506426,0.745893579706119
China,411200,410000,0.786,0.774525398404,0.768403076606857,0.883494614904324,0.690169367245424,0.74697034526696,0.769403780008873,main,0.00103363308558901,0.773491765318411,0.877743171636131,0.708707566858734,0.746970345266958
China,411300,410000,0.74,0.751775709929,0.749540156130013,0.881482183424765,0.673617226441462,0.711653556437374,0.750409717281428,main,-0.000202827497464031,0.751572882431536,0.873512075155198,0.685803106748538,0.711653556437373
China,411400,410000,0.737,0.737554659718,0.740748416126732,0.885634101150253,0.67154400437752,0.68525800210968,0.741414327153325,main,0.000371963728084901,0.737926623446085,0.877919556576029,0.670811487614422,0.68525800210968
China,411500,410000,0.74,0.747806844445,0.745993908147016,0.882684058852316,0.672180258769658,0.701964596558072,0.746796170070859,main,-0.00034851453500806,0.747458329909992,0.878716248633266,0.679939111319697,0.701964596558072
China,411600,410000,0.729,0.737260778456,0.736507965676959,0.887092184637588,0.665625272921881,0.678459016365956,0.737180872652247,main,0.00130704298583695,0.738567821441837,0.882915832546226,0.675255871529775,0.678459016365955
China,411700,410000,0.745,0.730220312183,0.727365037234564,0.880669891567989,0.662309868092793,0.661222233101837,0.727903723411173,main,-0.00159714614524997,0.73181745832825,0.879824972611011,0.676041657651186,0.661222233101837
China,420100,420000,0.859,0.832447521598,0.844150893960101,0.944495889757119,0.756872321510732,0.839243553311012,0.843406421388958,main,-0.0082218491469831,0.840669370744983,0.933355188185452,0.759229214469958,0.839243553311014
China,420200,420000,0.791,0.78719740065,0.787471846513396,0.89423036721234,0.696411961101963,0.781717973090342,0.786662734919411,main,-0.00179219312656709,0.793010406223433,0.898676997808875,0.710359647788626,0.781717973090344
China,420300,420000,0.783,0.78018997321,0.780139287385663,0.884087466066793,0.690556075298689,0.775399284221742,0.779363136271507,main,0.000264225485371972,0.786074252275372,0.885253007630796,0.708082455782823,0.775399284221743
China,420500,420000,0.829,0.788893505871,0.797729944752738,0.909930872504546,0.708486142941857,0.78468698585651,0.796792804477071,main,-0.00820682132231099,0.797100327193311,0.90131035688001,0.716530218131606,0.784686985856515
China,420600,420000,0.801,0.777847080616,0.784284750909342,0.898534115614273,0.69895421974281,0.765117680063101,0.783256209585984,main,-0.00594262096164699,0.783789701577647,0.892063151272189,0.705709190540931,0.765117680063097
China,420700,420000,0.809,0.791670435308,0.789874205057483,0.900725677291206,0.699049601763748,0.780019457064637,0.788984837952426,main,-0.00261681149169102,0.794287246799691,0.90820000813374,0.707795761249702,0.780019457064641
China,420800,420000,0.803,0.77642915603,0.785112829159409,0.899189021588713,0.696337995386945,0.770019077653196,0.78413503410751,main,-0.00760471587128408,0.784033871901284,0.89092647843297,0.702919205442171,0.770019077653195
China,420900,420000,0.767,0.769960261422,0.778214004987593,0.903707264042088,0.700562328527684,0.740574397871265,0.77686892373492,main,0.00416068403769498,0.774120945459695,0.893016213782715,0.701234706943372,0.740574397871268
China,421000,420000,0.765,0.761947578411,0.773965117456225,0.904609869944636,0.695735371536727,0.732560760394657,0.772531776933327,main,-0.00112937140066804,0.766923050188332,0.89193395640364,0.690150848461822,0.73256076039466
China,421100,420000,0.748,0.747026735601,0.749927432292469,0.888405699699357,0.674967207989582,0.698780235557384,0.748304242829001,main,-0.000432384086415993,0.748540880312584,0.883689019815603,0.678486634040355,0.698780235557384
China,421200,420000,0.776,0.759211869173,0.760228152308244,0.878993139355697,0.679563115899707,0.732149855657942,0.759052395411499,main,-0.00300094018573605,0.762212809358736,0.883726702307706,0.684317264499419,0.732149855657942
China,421300,420000,0.771,0.770197166228,0.771037267380722,0.88524147851326,0.683850553013034,0.754241835989474,0.770036287950918,main,0.00234540155533502,0.774148235327335,0.88449615625004,0.695660840650939,0.754241835989474
China,430100,430000,0.84,0.828084844728,0.830350390644507,0.928797302092006,0.7449428606208,0.833402495580795,0.832337703801255,main,-0.000219217458894971,0.828304062186895,0.917934315857668,0.743443793872576,0.8334024955808
China,430200,430000,0.803,0.791183334765,0.79696870603311,0.904921146378174,0.720921147416605,0.781083266262468,0.798727453354446,main,-0.000480974962112968,0.791664309727113,0.898516494602421,0.706931485810593,0.781083266262471
China,430300,430000,0.804,0.783237728434,0.787804039878436,0.911037347091195,0.707956911318249,0.763403947293546,0.789646053674917,main,-0.000115503840665054,0.783353232274665,0.899572847913466,0.699556609119332,0.763403947293542
China,430400,430000,0.759,0.760332080346,0.764567539426406,0.894160917529026,0.688685816478995,0.730767920618907,0.766311657371399,main,6.29465325210354e-05,0.760395026878521,0.883265125937715,0.680326477166366,0.730767920618907
China,430500,430000,0.734,0.744529551798,0.750128507752224,0.88633070059802,0.680794623059368,0.703953171150219,0.751712709500336,main,-0.000991187414240979,0.743538364383759,0.86983355018666,0.670049680674503,0.703953171150219
China,430600,430000,0.79,0.781602254911,0.783972356149273,0.899840787920654,0.700031361483527,0.7706290697574,0.785916101402497,main,-0.000871871092872012,0.782474126003872,0.888854175150345,0.699321478531595,0.770629069757399
China,430700,430000,0.781,0.774623948752,0.776647365146182,0.907798682233581,0.69671365277079,0.745952552526736,0.77848758521673,main,-5.88999453450256e-05,0.774682848697345,0.898391525245989,0.692951879513678,0.745952552526734
China,430800,430000,0.754,0.738968720362,0.737648735002229,0.877440901259119,0.677451913690957,0.678983246038192,0.739012530628935,main,0.000379482519429986,0.73858923784257,0.882475598247247,0.670256766906069,0.678983246038192
China,430900,430000,0.757,0.75101544314,0.752327408028958,0.892568073144185,0.684890911870754,0.700836177048271,0.753864144652358,main,-0.000372911851051039,0.751388354991051,0.890693847397363,0.677845364304176,0.70083617704827
China,431000,430000,0.766,0.755768347344,0.760114229725965,0.879494333625808,0.691486575107024,0.726637484872156,0.761689903461407,main,-8.93787016249536e-05,0.755857726045625,0.877139619686698,0.676721289678729,0.726637484872157
China,431100,430000,0.745,0.733434190661,0.733786769162577,0.874565831424022,0.672464221739823,0.675638121208781,0.735177055909976,main,0.000348386833233016,0.733085803827767,0.878219498492218,0.661898601090205,0.675638121208781
China,431200,430000,0.737,0.731226285757,0.731072869673359,0.876248167296032,0.672500747170934,0.666678526659702,0.732395139719431,main,0.000436991468293013,0.730789294288707,0.882649180880017,0.660863261886016,0.666678526659701
China,431300,430000,0.748,0.745970474063,0.742187623572633,0.882500371366026,0.673786640043868,0.691893572961259,0.743747518241575,main,0.000819601769421974,0.745150872293578,0.880568302778272,0.67720935500687,0.691893572961259
China,440100,440000,0.863,0.844237231148,0.84476504553386,0.939901224788503,0.773636578419517,0.831914403382899,0.845731717373007,main,0.000950930674839978,0.84328630047316,0.947644618989977,0.764331693798487,0.8319144033829
China,440200,440000,0.764,0.755618561202,0.747973131738636,0.876716242305482,0.676681144839912,0.707861018358354,0.748853806132697,main,-0.000173708649626958,0.755792269851627,0.896405108393283,0.683753279812292,0.707861018358353
China,440300,440000,0.88,0.86242438127,0.8675231376785,0.951041490169683,0.810354663688083,0.849372505040183,0.868275605184258,main,0.00138759480145001,0.86103678646855,0.948566970353379,0.795415745561514,0.849372505040178
China,440400,440000,0.864,0.840700879651,0.835221194213917,0.918439541959162,0.760304207764667,0.837588145329352,0.836288573886091,main,0.000340375603981036,0.840360504047019,0.931030011639644,0.764544594989995,0.837588145329346
China,440500,440000,0.761,0.794561835324,0.794613349150942,0.906176378112877,0.731105274554336,0.759566179403828,0.795400923765183,main,-0.00214152320615002,0.79242031211785,0.919373333499102,0.716085024649226,0.759566179403831
China,440600,440000,0.839,0.841098014167,0.846034292851048,0.936503186885286,0.790481759349566,0.820063503830126,0.846738939335592,main,-0.000952771572644062,0.840145242594356,0.941295321015409,0.771459523546626,0.820063503830123
China,440700,440000,0.796,0.788581678301,0.787801183560889,0.909419785676138,0.716429886127603,0.753006543510697,0.788700799448984,main,0.000639659658164038,0.787942018642836,0.915703509603365,0.712952022697719,0.7530065435107
China,440800,440000,0.754,0.751606822834,0.743162942055287,0.874219018958957,0.658489681443343,0.716197818347489,0.74427609907969,main,0.000110203507277085,0.751496619326723,0.882275207366585,0.675177352026884,0.716197818347492
China,440900,440000,0.761,0.747367431154,0.73838215417217,0.871473326613673,0.655527839890145,0.707774267239312,0.739457700958688,main,0.000211187780841948,0.747156243373158,0.885063881347786,0.669417197219826,0.707774267239312
China,441200,440000,0.768,0.7638235476,0.757499711989812,0.879429208580719,0.67068802620364,0.740364094982569,0.758674689957837,main,0.000274056089633046,0.763549491510367,0.894670697451865,0.676017282434736,0.740364094982569
China,441300,440000,0.794,0.80288433973,0.793254638533172,0.895087315772589,0.717393927041854,0.780389136815133,0.794288189000708,main,-0.00105822432153191,0.801826115408468,0.916403211771206,0.724427208384663,0.780389136815129
China,441400,440000,0.749,0.750567979209,0.741142587263816,0.880554318488989,0.663469764600521,0.699560141437284,0.742108572034268,main,0.000168966539782045,0.750736945748782,0.895725383688968,0.678620299736669,0.699560141437283
China,441500,440000,0.738,0.752666926094,0.744861018273745,0.873375800777056,0.670563954096347,0.708302453837146,0.745795974813655,main,-0.00113268926744103,0.751534236826559,0.895825661627872,0.672605145908849,0.708302453837146
China,441600,440000,0.75,0.735306415392,0.722997776954365,0.862961650988096,0.652581916221966,0.673426659321432,0.723833944202785,main,0.000182793438696982,0.735123621953303,0.884158410630421,0.67028380594467,0.673426659321432
China,441700,440000,0.767,0.753568994582,0.749258475589749,0.877904869962728,0.67822340192671,0.708920713621182,0.750134773723749,main,0.000251697546926999,0.753317297035073,0.89330521585555,0.678525403001683,0.708920713621181
China,441800,440000,0.753,0.743332844439,0.735960310174503,0.874377666149609,0.670784436770379,0.681712890374896,0.736706519722509,main,-0.000137347419012945,0.743470191858013,0.896177512715538,0.675854699135023,0.681712890374896
China,441900,440000,0.815,0.840567735553,0.84395433668151,0.93742046381234,0.793704759273159,0.809642739376064,0.844556962647744,main,-0.00135580808734803,0.839211927465652,0.943675058365679,0.776553562603492,0.80964273937606
China,442000,440000,0.805,0.828255006445,0.827262339508107,0.921054410853846,0.767431847108109,0.803190782480179,0.828033562062097,main,-0.00142325238735208,0.826831754057648,0.934303726951932,0.75655791985113,0.803190782480178
China,445100,440000,0.748,0.772779175534,0.767597835045708,0.899226031867376,0.702072164637995,0.718547825709354,0.768367113187186,main,-0.00130743160797797,0.771471743926022,0.918508708032113,0.699093305869665,0.718547825709354
China,445200,440000,0.739,0.750914644061,0.741398281122353,0.884608130555427,0.670105094814307,0.689826200327219,0.74224026569714,main,-0.00146071985783292,0.749453924203167,0.905420221732082,0.67735679480024,0.689826200327219
China,445300,440000,0.762,0.735149007105,0.722447463106276,0.865581161977205,0.64906725097571,0.673609866643437,0.723328056765124,main,0.000298474988109976,0.73485053211689,0.887899581677829,0.666688772971013,0.673609866643437
China,450100,450000,0.776,0.787588917594,0.786918214287074,0.89769306688834,0.717782795532759,0.759284795435402,0.787967925278311,main,0.000927655155877005,0.788516572749877,0.909113165899933,0.714158134359313,0.759284795435403
China,450200,450000,0.782,0.792610752998,0.796008369031797,0.894164126152697,0.717645985344931,0.791491114433439,0.797855999564438,main,0.00196439642379298,0.794575149421793,0.905534728235331,0.704856574733827,0.791491114433438
China,450300,450000,0.757,0.754040137981,0.751993353170794,0.880446597935846,0.684047522868281,0.705679168066345,0.75185171913559,main,1.42664405049509e-05,0.754025871540495,0.893751191389588,0.6832399057873,0.705679168066344
China,450400,450000,0.741,0.732312411898,0.725084087787161,0.85746905847816,0.672897793515753,0.656524028184923,0.723556966145872,main,0.00168117157748104,0.730631240320519,0.876528672780083,0.679918895753742,0.656524028184923
China,450500,450000,0.792,0.757358755282,0.754797391213792,0.878455052646031,0.69080151421267,0.708562149586895,0.754773988923638,main,-0.000156103138149954,0.75751485842015,0.893902605751825,0.689644158535555,0.708562149586896
China,450600,450000,0.775,0.744494970102,0.741411835750843,0.854662845966794,0.688652913093785,0.692235950534697,0.741338328663037,main,0.000425674820426103,0.744069295281574,0.883609363443037,0.676772465875387,0.692235950534698
China,450700,450000,0.739,0.721373109574,0.710874549993612,0.848710092310936,0.649054332269831,0.64823122399831,0.709452715426045,main,0.00124070390734299,0.720132405666657,0.876901499808341,0.65968724338718,0.64823122399831
China,450800,450000,0.721,0.716411034355,0.716946322167919,0.862715317585861,0.668455329563306,0.630980411715559,0.713923907254133,main,0.000689844285709951,0.71572119006929,0.873444392501709,0.667151774784002,0.630980411715558
China,450900,450000,0.729,0.728960566502,0.725042816259399,0.861526670752844,0.664185417370626,0.662597480323876,0.723773393909119,main,0.000523378271411024,0.728437188230589,0.875832342936298,0.668779063353552,0.662597480323875
China,451000,450000,0.73,0.714308607556,0.712870300274594,0.852448827182446,0.657504638642409,0.640986054609115,0.71089464025712,main,0.000652162815707014,0.713656444740293,0.86257280576096,0.659731385098058,0.640986054609115
China,451100,450000,0.741,0.71595959587,0.710186317468049,0.845517573245781,0.660018316743136,0.6363879253693,0.708163468151587,main,0.00128623227833502,0.714673363591665,0.866897521545749,0.663769722713473,0.6363879253693
China,451200,450000,0.713,0.703140874839,0.700798412180621,0.846223520002926,0.650623467597242,0.617134975764393,0.697801114603875,main,0.000737423210098953,0.702403451628901,0.862531083046015,0.652980672078022,0.617134975764393
China,451300,450000,0.732,0.7015011974,0.701427086933793,0.851229671853295,0.667969412072946,0.59396356497046,0.696392969732171,main,0.00144258063368308,0.700058616766317,0.879143927238175,0.658287633740603,0.59396356497046
China,451400,450000,0.707,0.724945663603,0.718087078039321,0.856138714694457,0.664310763182947,0.645840688657593,0.716165852019233,main,-0.000757474490532983,0.724188189112467,0.874513205129011,0.674502064655625,0.645840688657593
China,460100,460000,0.801,0.820596131606,0.813172262984678,0.914478027289106,0.730844777338752,0.800755782409491,0.811894318051666,main,0.000410470320254985,0.821006601926255,0.926813916751505,0.741977199075892,0.800755782409492
China,460200,460000,0.794,0.814795490293,0.805241456723759,0.888530289230199,0.711889616850759,0.816735079957131,0.80239590161533,main,0.003641151430687,0.818436641723687,0.912721190426433,0.731808399133874,0.816735079957132
China,510100,510000,0.821,0.811772291845,0.826400551278181,0.945172833607661,0.753668333052374,0.800409010784102,0.829216284800873,main,-0.000640331045067999,0.812412622890068,0.918066709255767,0.736834994511711,0.800409010784098
China,510300,510000,0.758,0.770079104736,0.776044731030979,0.916179349849718,0.700327008285201,0.732825609779009,0.77760791188554,main,-0.000471614939485998,0.769607489796514,0.903593997255645,0.695081496721363,0.732825609779006
China,510400,510000,0.79,0.782278378754,0.786481133388765,0.89724916291271,0.727635450727994,0.751069899622603,0.788561838955607,main,-0.00080423717228606,0.783082615926286,0.894484440414374,0.720495818609541,0.751069899622602
China,510500,510000,0.751,0.755293374337,0.763625007055208,0.897975059288567,0.687823921259384,0.726179615050432,0.765470634364198,main,-0.000599100065664993,0.754694274271335,0.890541225891161,0.672139796330563,0.726179615050431
China,510600,510000,0.77,0.76762461927,0.780211100818424,0.92142406067006,0.706740367613188,0.73314123356821,0.781572069405359,main,-0.000709578427809943,0.76833419769781,0.902981015892717,0.692012637000705,0.733141233568211
China,510700,510000,0.776,0.772043717108,0.777158212948147,0.904454518300262,0.701912452593541,0.745936511730328,0.779454044835992,main,-0.000194338453711973,0.772238055561712,0.895471698830378,0.696386978155536,0.745936511730326
China,510800,510000,0.739,0.743923363776,0.749711203194645,0.888096353559181,0.679378703708139,0.701511322446764,0.750819540695154,main,-0.000360492400182988,0.743562871375817,0.875982812676212,0.675073244942372,0.701511322446765
China,510900,510000,0.749,0.760379962183,0.766012180133389,0.913233697113913,0.703490598900842,0.699439277403878,0.765943522271163,main,-0.000582908783205993,0.759797053399794,0.904477455576476,0.698543936232572,0.699439277403878
China,511000,510000,0.743,0.752186877784,0.759232065150235,0.911163947915831,0.693200186928485,0.692406475155874,0.759053009444256,main,-0.000490587666314934,0.751696290117685,0.897360418647739,0.688944287815311,0.692406475155875
China,511100,510000,0.767,0.764071243069,0.771907700446135,0.904392540496915,0.699395828251003,0.732201031203779,0.773695578728877,main,-0.000256038196048025,0.764327281265048,0.90096253631025,0.684093007534733,0.732201031203783
China,511300,510000,0.735,0.760818261722,0.765816015183614,0.912689008710688,0.694112665753256,0.711000695365576,0.766550794989386,main,-0.000638989944450996,0.760179271777549,0.900996643807041,0.691728367727624,0.711000695365576
China,511400,510000,0.749,0.749287726095,0.76035877790229,0.90907101739783,0.694015110752355,0.697076765902266,0.760470634862015,main,0.000375983058255924,0.749663709153256,0.898640525234504,0.678720239686463,0.697076765902266
China,511500,510000,0.762,0.758513186461,0.760884958452696,0.894169899242193,0.68740580585693,0.721596671257126,0.762621867860506,main,0.000554006940749918,0.75795917952025,0.892440740897505,0.682912277856047,0.721596671257125
China,511600,510000,0.731,0.734057446192,0.745836000850937,0.901177147616883,0.677485102656941,0.678551925594175,0.745471427530561,main,9.79836462050576e-05,0.734155429838205,0.890740069923029,0.660975087009961,0.678551925594175
China,511700,510000,0.738,0.750125621245,0.760209636639473,0.899693704865608,0.693914401639219,0.705912939830083,0.760998688902333,main,0.00011254832887897,0.750238169573879,0.883964441547158,0.682695782346068,0.705912939830083
China,511800,510000,0.756,0.74976818582,0.75886400543485,0.880743421033104,0.693831427347099,0.720253641700364,0.760669984001634,main,-0.000991460389405008,0.750759646209405,0.883710838617698,0.671939989925077,0.720253641700365
China,511900,510000,0.722,0.741278585138,0.747801085698111,0.891611064668282,0.6768799758914,0.695015577816803,0.748561037223134,main,-0.000648445610831994,0.740630139527168,0.883563222452542,0.667953976726923,0.695015577816803
China,512000,510000,0.719,0.739620990556,0.742221847888598,0.901726796841652,0.671350586432771,0.67399001851527,0.741696001624795,main,-0.000837577813367907,0.738783412742632,0.896519330410492,0.672869102085803,0.67399001851527
China,520100,520000,0.775,0.806355853186,0.817268929695734,0.914583006057834,0.739670508471452,0.811880728558743,0.81893837266026,main,-0.000978075176667037,0.805377778009333,0.90470553482575,0.712145877224776,0.811880728558739
China,520200,520000,0.719,0.71801346166,0.733535418892824,0.867511430856516,0.668869272683847,0.678012492007204,0.732742500656065,main,-1.31653643159479e-05,0.718026627024316,0.863495095315944,0.631646314787312,0.678012492007205
China,520300,520000,0.738,0.741077404545,0.754121214152484,0.884894115276907,0.696427143433008,0.692580639122765,0.752914708074041,main,-0.000570778065602018,0.740506626479398,0.880401494160172,0.664957887222799,0.692580639122765
China,520400,520000,0.707,0.728595689127,0.740882837909763,0.870079597857332,0.660990631831858,0.708760737513627,0.741454741805275,main,-0.000885478644634063,0.727710210482366,0.86660421865749,0.627528818258425,0.708760737513627
China,520500,520000,0.686,0.704011665212,0.72405598020261,0.864893474767977,0.659339384168283,0.662720001309719,0.722992688861481,main,-0.000132309476008952,0.703879355735991,0.850568624329139,0.617961059034499,0.662720001309719
China,520600,520000,0.717,0.745364602968,0.742452787306923,0.872969067788758,0.660361163169549,0.711921793394437,0.743140429344235,main,-0.000271136444779052,0.745093466523221,0.874263445615221,0.66415996519835,0.711921793394437
China,530100,530000,0.805,0.790769661409,0.82431987798724,0.917889272160004,0.750397518010885,0.813048178620388,0.824263346679278,main,-0.000128563891944045,0.790898225300944,0.876533504058975,0.697415434821393,0.813048178620385
China,530300,530000,0.736,0.715700490048,0.741707604681522,0.872097669948954,0.678921802062359,0.68756587983132,0.741139111928195,main,-0.000581168967137002,0.716281659015137,0.845490737641252,0.634350865530456,0.68756587983132
China,530400,530000,0.782,0.762481581864,0.780657190986775,0.883077255057516,0.69136022340355,0.779395231656583,0.780704970266468,main,0.000125539562495947,0.762356042301504,0.859609677197566,0.664580317519885,0.779395231656581
China,530500,530000,0.73,0.712661176314,0.726328313366736,0.862237210465054,0.65616246314479,0.675785149784851,0.725797713710129,main,-0.000423002882443901,0.713084179196444,0.837911031907589,0.64210053934354,0.675785149784851
China,530600,530000,0.68,0.684997357252,0.700827501881689,0.856471320855131,0.659084060702255,0.606953395351474,0.699739396929034,main,0.000896795898627012,0.685894153150627,0.847265213628154,0.628165496818855,0.606953395351474
China,530700,530000,0.726,0.725442392361,0.747503787361951,0.858243036576928,0.680723617975211,0.714008899658612,0.747185171033762,main,-0.000148012154170929,0.725590404515171,0.840528876143564,0.639087560970525,0.714008899658613
China,530800,530000,0.711,0.709035767872,0.717159529939626,0.850956440856107,0.660604425053957,0.654277173450017,0.716479098897938,main,-0.000677170129778082,0.709712938001778,0.837300844581456,0.653566719060142,0.654277173450017
China,530900,530000,0.704,0.703942601203,0.71325244032546,0.851525412060165,0.647303230828909,0.656621314346797,0.71264534822562,main,0.000597555289385099,0.704654954086385,0.834546037179508,0.639909932710488,0.656621314346798
China,540100,540000,0.735,0.77213660413,0.794808021798569,0.85042153420253,0.70430245404694,0.841406750914012,0.795792449444296,main,-0.000867739146945934,0.771268864983054,0.838552060696882,0.652169848042834,0.841406750914011
China,540300,540000,0.659,0.640769288817,0.671385691520208,0.837368041848341,0.594149780458927,0.606524214916066,0.670738891997916,main,3.78961771996256e-06,0.64076549919928,0.794772878674592,0.544748553236661,0.606524214916067
China,540400,540000,0.729,0.727351811759,0.730702060891653,0.834861227414046,0.627695149612257,0.746377732036613,0.731319655857265,main,0.001723768593488,0.725628043165512,0.825113250983751,0.621041216034047,0.746377732036614
China,540500,540000,0.705,0.710848080753,0.711416915216079,0.832192615099745,0.612144767228546,0.707810055248865,0.711756719079113,main,-0.00111245182837394,0.709735628924626,0.825286977422677,0.612030271136252,0.707810055248866
China,540600,540000,0.611,0.619585144479,0.6619848886053,0.833155267181032,0.595482963970088,0.582286428854004,0.661064726818336,main,-0.00179047703096002,0.61779466744804,0.784351853499442,0.515189204565072,0.582286428854005
China,610100,610000,0.826,0.825611691927,0.82501168287384,0.932801267930097,0.739879019700266,0.814040172929475,0.825148078535678,main,0.000573823743692969,0.825037868183307,0.918920292962646,0.750289138365381,0.814040172929475
China,610200,610000,0.773,0.768010393145,0.770993817769806,0.886722527492108,0.70094513108653,0.738157658009691,0.771270934206274,main,-0.000147926828596989,0.768158319973597,0.872506175760241,0.703047583756553,0.738157658009692
China,610300,610000,0.787,0.772375201917,0.771238742441947,0.89290428960137,0.693436250237991,0.741642348978896,0.771498922364589,main,-1.47046315499555e-05,0.77238990654855,0.892047627270809,0.695714214743698,0.741642348978891
China,610400,610000,0.771,0.76520399572,0.766055816276377,0.895828800118711,0.698351624571221,0.71963218237128,0.766425445709965,main,0.000544261614315977,0.764659734105684,0.886336810797025,0.699984462797239,0.719632182371279
China,610500,610000,0.752,0.742305758834,0.740668038545736,0.893812377304338,0.688985450773835,0.661371561465612,0.741254445022434,main,0.000499643222644952,0.741806115611355,0.883280767542872,0.697222207321219,0.661371561465611
China,610600,610000,0.777,0.760473827806,0.754500681454437,0.862934219294727,0.690555404852442,0.721564013543487,0.754774168647476,main,-0.00169372191171802,0.762167549717718,0.863784485529363,0.709497135433342,0.721564013543487
China,610700,610000,0.75,0.740244142141,0.748695084573723,0.885435342520753,0.684296072167776,0.693832793040241,0.749120889175471,main,0.000673407735374942,0.739570734405625,0.880113864506813,0.661379691792257,0.693832793040241
China,610800,610000,0.799,0.760733275963,0.759217335890746,0.870354641419964,0.696185992443638,0.723074539296517,0.759512396540626,main,-0.000769682033701979,0.761502957996702,0.864059346773629,0.705959885730078,0.723074539296516
China,610900,610000,0.733,0.749955863691,0.744199579296369,0.872639557652412,0.673347125574214,0.702407331899632,0.744539335962338,main,0.000477607172311045,0.750433470863311,0.874093392612668,0.687293826160348,0.702407331899633
China,611000,610000,0.72,0.715721495704,0.713896165877947,0.86237072325148,0.670419352014333,0.630914650126828,0.714502445190238,main,-0.00010036770995403,0.715821863413954,0.860687864858756,0.673839748646297,0.630914650126828
China,620100,620000,0.778,0.814764666885,0.824781101330391,0.920936558433277,0.740905534510498,0.831031718320141,0.827694464697242,main,-0.00217259291587801,0.812592073969122,0.896359817332464,0.729502487312295,0.831031718320145
China,620200,620000,0.817,0.812672070384,0.821887951962014,0.911901105958857,0.736448126018716,0.835687593914322,0.8248556488541,main,0.00171603026518707,0.810956040118813,0.886297307577094,0.729788049541688,0.83568759391432
China,620300,620000,0.783,0.778306270087,0.797908708817755,0.884298833608601,0.722568964232854,0.802873817613442,0.800525585940182,main,0.00247933856754001,0.77582693151946,0.85936966200639,0.687200012991339,0.802873817613439
China,620400,620000,0.724,0.723694913869,0.732993774560613,0.861876845703673,0.678035662184943,0.679190799761197,0.734902708918701,main,-4.14884209987143e-07,0.72369532875321,0.847843947040747,0.658692316966397,0.679190799761198
China,620500,620000,0.687,0.70964975923,0.717207581184738,0.873711943384834,0.67660802322089,0.627752513020205,0.718617780475984,main,0.00224218269049903,0.711891941920499,0.859577421967413,0.66248333056726,0.627752513020206
China,620600,620000,0.723,0.711204433015,0.726529007894789,0.871416598433789,0.677327529710737,0.65432789629883,0.728237989301068,main,-0.000887153176819977,0.71209158619182,0.846395885920041,0.650498438656743,0.65432789629883
China,620700,620000,0.728,0.745905097317,0.749191376617618,0.862582115256739,0.677284401331077,0.727014536642918,0.7516890187268,main,-0.00019187672937504,0.745713220587625,0.854121938140399,0.672094105097783,0.727014536642918
China,620800,620000,0.69,0.710142781352,0.716275111204097,0.873609558948427,0.671270436424508,0.630761265359966,0.717838319368418,main,0.00173516745326296,0.711877948805263,0.854402520411735,0.663604330879827,0.630761265359966
China,620900,620000,0.764,0.768951116164,0.77508506458755,0.855837451686998,0.697931848397029,0.787663585565683,0.777764931469008,main,-0.00165964043508804,0.767291475728912,0.854883662205412,0.680420924630004,0.787663585565683
China,621000,620000,0.727,0.703251112602,0.703341689019293,0.856276636336094,0.659805297367359,0.61982262336023,0.70485389732229,main,-0.00169664766562294,0.704947760267623,0.845609399718789,0.661560437399241,0.619822623360231
China,621100,620000,0.663,0.682059799576,0.694153808849729,0.865424168640922,0.666861027113732,0.5819435967891,0.695101805906606,main,0.0029552005778759,0.685015000153876,0.845230897744442,0.643780659691053,0.581943596789101
China,621200,620000,0.663,0.678019660968,0.685582171291393,0.858943652246444,0.656796865558348,0.573695592762988,0.686582010200457,main,0.00353263846252794,0.681552299430528,0.845421100745815,0.642109908511384,0.573695592762988
China,630100,630000,0.761,0.784243925611,0.799484395131129,0.902839643147291,0.730110265266913,0.775130960417485,0.799450146278457,main,-0.000146385864082998,0.784097539746917,0.866926847267987,0.717945942143539,0.775130960417487
China,630200,630000,0.707,0.695062705076,0.701479042957138,0.845055562350988,0.657292576766884,0.622017451401321,0.701695762592735,main,-0.000304155273596063,0.695366860349596,0.835057847001579,0.647321129310026,0.622017451401321
China,640100,640000,0.796,0.809144844636,0.804674401307582,0.90273857242745,0.734511712086426,0.787779884966801,0.805357184566854,main,0.000343716569316976,0.809488561205317,0.894393761601903,0.751634809923544,0.787779884966802
China,640200,640000,0.778,0.772607717726,0.77988221924518,0.891092818210022,0.731713123011669,0.731615004688904,0.781355722356495,main,-0.000180518926065965,0.772788236652066,0.871790101965532,0.722457528416843,0.731615004688905
China,640300,640000,0.74,0.736504623204,0.734686128415769,0.851953887151123,0.676344393960499,0.690788105400165,0.735602073532776,main,-0.000328632638362025,0.736833255842362,0.847171128080316,0.682350359526727,0.690788105400165
China,640400,640000,0.714,0.708026963116,0.714391473001892,0.844181367811544,0.662456140522817,0.654091912089544,0.715172089467575,main,0.000173848438813962,0.707853114677186,0.834730299272434,0.64821561193353,0.654091912089543
China,640500,640000,0.733,0.723476797501,0.724611319106652,0.846280388295095,0.670362007538409,0.673242103468611,0.725546045281519,main,-0.000218952276830997,0.723695749777831,0.837494181207885,0.671005702843403,0.673242103468611
China,650200,650000,0.871,0.806468483312,0.806074679698979,0.881057991373727,0.739701659964129,0.807023532022678,0.807202370900417,main,-0.00105502081270792,0.807523504124708,0.894824910076906,0.72939481695277,0.807023532022678
