country,model,p5_pct,p8_pct,mae
China,B69,94.1666666667,100,0.0149292105801
China,R6,96.25,99.5833333333,0.0131110886494
China,B_R70,96.6666666667,100,0.0133086193877
China,R_S10,97.0833333333,99.5833333333,0.0134629677196
China,B_RS74,95,100,0.0137025577371
Indonesia,B69,79.006772009,95.2595936795,0.0222792387179
Indonesia,R6,76.072234763,93.6794582393,0.02399461466
Indonesia,B_R70,82.8442437923,96.6139954853,0.0209376125124
Indonesia,R_S10,77.8781038375,95.0338600451,0.0227534189356
Indonesia,B_RS74,81.7155756208,97.2911963883,0.0205092148834
