target,block,mean_MAE_increase,normalized_share_pct,ci95_MAE_low,ci95_MAE_high,ci95_share_low,ci95_share_high,n_regions,n_groups,permutation_repeats
H,Demography,0.0007331986242540073,36.56717252786723,-3.380157118876818e-06,0.0015155326971179792,7.885858446619024,65.77703337192895,240,24,30
H,EO,0.001111315739773273,55.42519181697927,5.011679155694482e-05,0.002231381131470015,15.706305480509252,102.18546395558752,240,24,30
H,Economy,8.260161300009625e-06,0.411963052539529,-0.00012737205719274807,0.0001334601902076664,-22.094560595131277,10.199317282793032,240,24,30
H,Healthcare,0.00015229880566445994,7.595672602613984,-0.0001462479868442413,0.0005062099133842873,-19.598152918649216,33.07979827091696,240,24,30
E,Demography,0.008537261503383652,75.31292573294127,0.006117260977047675,0.011224196134288473,65.44948696195715,86.19995634015785,240,24,30
E,EO,0.0015788946204670074,13.928491383828767,0.0005427613530593485,0.0030664885471039143,5.479296931533149,23.102354518864612,240,24,30
E,Economy,0.001171994841347224,10.338954758594468,0.0005928756505408854,0.0018391236413325715,5.778719125274769,15.021477880703989,240,24,30
E,Healthcare,4.7567864338337686e-05,0.4196281246355141,-4.11402966115749e-05,0.00015267629516250685,-0.38554039818408964,1.4347552105756007,240,24,30
I,Demography,0.006482380268109553,22.77440854103654,0.003858533999655578,0.008549747882139105,16.428996347720055,27.0953470207809,240,24,30
I,EO,0.0,0.0,0.0,0.0,0.0,0.0,240,24,30
I,Economy,0.022223408725432204,78.07702858429032,0.017944884969848793,0.02606846262681655,73.58267677001463,84.9677070246014,240,24,30
I,Healthcare,-0.00024234830119999185,-0.8514371253268649,-0.0006170682019215539,5.413597847022148e-05,-2.461893748823004,0.16897335350782358,240,24,30
HDI,Demography,0.006515626932816499,43.77722955937406,0.004702180196997369,0.00826564619651706,36.75103707585182,51.27657946685787,240,24,30
HDI,EO,0.0008021571043068832,5.389537501151184,0.00029104004699634096,0.0013909891326160495,2.115595944435999,9.174354125506978,240,24,30
HDI,Economy,0.00750496292899658,50.42438561399577,0.00605502618312896,0.009154147433683552,43.727563137517,57.99808627147026,240,24,30
HDI,Healthcare,6.0851193008637614e-05,0.408847325478991,-0.00012754120169801382,0.00023749018728203843,-0.9166295411516684,1.605243574837833,240,24,30
