outer_test_province,selection_group,selection_target,selected_model,selected_alpha,inner_province_equal_MAE,group_selection_score,selected_by_group
ID11,fixed_direct,y_hdi,B69,10,0.0232393973867,0.0232393973867,False
ID11,fixed_direct,y_hdi,R6,10,0.0252608770091,0.0252608770091,False
ID11,fixed_direct,y_hdi,B_R70,10,0.0216468967193,0.0216468967193,False
ID11,fixed_direct,y_hdi,R_S10,10,0.0246372411454,0.0246372411454,False
ID11,fixed_direct,y_hdi,B_RS74,10,0.0212543066384,0.0212543066384,True
ID11,A_direct,y_hdi,B_RS74,10,0.0212543066384,0.0212543066384,True
ID11,B_common_components,y_health_index,B_RS74,100,0.0288649095403,0.0342013354415,True
ID11,B_common_components,y_education_index,B_RS74,100,0.0361985368099,0.0342013354415,True
ID11,B_common_components,y_income_index,B_RS74,100,0.0375405599744,0.0342013354415,True
ID11,C_dimension_specific,y_health_index,R_S10,100,0.028501647503,0.028501647503,True
ID11,C_dimension_specific,y_education_index,B_RS74,100,0.0361985368099,0.0361985368099,True
ID11,C_dimension_specific,y_income_index,B_RS74,100,0.0375405599744,0.0375405599744,True
ID12,fixed_direct,y_hdi,B69,100,0.0237333642568,0.0237333642568,False
ID12,fixed_direct,y_hdi,R6,10,0.0250029554712,0.0250029554712,False
ID12,fixed_direct,y_hdi,B_R70,100,0.0219124397052,0.0219124397052,False
ID12,fixed_direct,y_hdi,R_S10,10,0.0242742909737,0.0242742909737,False
ID12,fixed_direct,y_hdi,B_RS74,100,0.0214474444277,0.0214474444277,True
ID12,A_direct,y_hdi,B_RS74,100,0.0214474444277,0.0214474444277,True
ID12,B_common_components,y_health_index,B_RS74,100,0.0301778672759,0.0353434246433,True
ID12,B_common_components,y_education_index,B_RS74,100,0.0370624686889,0.0353434246433,True
ID12,B_common_components,y_income_index,B_RS74,100,0.0387899379651,0.0353434246433,True
ID12,C_dimension_specific,y_health_index,R_S10,100,0.0294111324985,0.0294111324985,True
ID12,C_dimension_specific,y_education_index,B69,10,0.0361258839317,0.0361258839317,True
ID12,C_dimension_specific,y_income_index,R6,10,0.0383420965274,0.0383420965274,True
ID13,fixed_direct,y_hdi,B69,100,0.0242640156183,0.0242640156183,False
ID13,fixed_direct,y_hdi,R6,10,0.0258188315479,0.0258188315479,False
ID13,fixed_direct,y_hdi,B_R70,10,0.0222416088341,0.0222416088341,False
ID13,fixed_direct,y_hdi,R_S10,10,0.0244320457157,0.0244320457157,False
ID13,fixed_direct,y_hdi,B_RS74,10,0.0217702359491,0.0217702359491,True
ID13,A_direct,y_hdi,B_RS74,10,0.0217702359491,0.0217702359491,True
ID13,B_common_components,y_health_index,B_RS74,100,0.0280650137487,0.0340833255232,True
ID13,B_common_components,y_education_index,B_RS74,10,0.0362738348831,0.0340833255232,True
ID13,B_common_components,y_income_index,B_RS74,100,0.0379111279376,0.0340833255232,True
ID13,C_dimension_specific,y_health_index,B_RS74,100,0.0280650137487,0.0280650137487,True
ID13,C_dimension_specific,y_education_index,B69,10,0.0359731791283,0.0359731791283,True
ID13,C_dimension_specific,y_income_index,B_RS74,100,0.0379111279376,0.0379111279376,True
ID14,fixed_direct,y_hdi,B69,100,0.0228952202499,0.0228952202499,False
ID14,fixed_direct,y_hdi,R6,10,0.0251630292754,0.0251630292754,False
ID14,fixed_direct,y_hdi,B_R70,100,0.0212423101148,0.0212423101148,False
ID14,fixed_direct,y_hdi,R_S10,10,0.0241973970016,0.0241973970016,False
ID14,fixed_direct,y_hdi,B_RS74,100,0.0208652513812,0.0208652513812,True
ID14,A_direct,y_hdi,B_RS74,100,0.0208652513812,0.0208652513812,True
ID14,B_common_components,y_health_index,B_RS74,100,0.0273888078289,0.0342368442045,True
ID14,B_common_components,y_education_index,B_RS74,100,0.0373788253007,0.0342368442045,True
ID14,B_common_components,y_income_index,B_RS74,100,0.0379428994838,0.0342368442045,True
ID14,C_dimension_specific,y_health_index,B_RS74,100,0.0273888078289,0.0273888078289,True
ID14,C_dimension_specific,y_education_index,B69,10,0.0373558528919,0.0373558528919,True
ID14,C_dimension_specific,y_income_index,R6,0.1,0.037727679922,0.037727679922,True
ID15,fixed_direct,y_hdi,B69,100,0.0239249678956,0.0239249678956,False
ID15,fixed_direct,y_hdi,R6,10,0.0257336258469,0.0257336258469,False
ID15,fixed_direct,y_hdi,B_R70,100,0.0223885863593,0.0223885863593,False
ID15,fixed_direct,y_hdi,R_S10,10,0.0244694108197,0.0244694108197,False
ID15,fixed_direct,y_hdi,B_RS74,100,0.0218731035229,0.0218731035229,True
ID15,A_direct,y_hdi,B_RS74,100,0.0218731035229,0.0218731035229,True
ID15,B_common_components,y_health_index,B_RS74,100,0.0284557746814,0.0345696800875,True
ID15,B_common_components,y_education_index,B_RS74,1000,0.0377821422838,0.0345696800875,True
ID15,B_common_components,y_income_index,B_RS74,100,0.0374711232971,0.0345696800875,True
ID15,C_dimension_specific,y_health_index,B_RS74,100,0.0284557746814,0.0284557746814,True
ID15,C_dimension_specific,y_education_index,B_R70,1000,0.0376953935529,0.0376953935529,True
ID15,C_dimension_specific,y_income_index,B_RS74,100,0.0374711232971,0.0374711232971,True
ID16,fixed_direct,y_hdi,B69,10,0.0234973125714,0.0234973125714,False
ID16,fixed_direct,y_hdi,R6,10,0.0256425320993,0.0256425320993,False
ID16,fixed_direct,y_hdi,B_R70,10,0.0219927458224,0.0219927458224,False
ID16,fixed_direct,y_hdi,R_S10,10,0.0247660987178,0.0247660987178,False
ID16,fixed_direct,y_hdi,B_RS74,10,0.0217388874716,0.0217388874716,True
ID16,A_direct,y_hdi,B_RS74,10,0.0217388874716,0.0217388874716,True
ID16,B_common_components,y_health_index,B_RS74,100,0.0288772347117,0.0353752990576,True
ID16,B_common_components,y_education_index,B_RS74,100,0.0372385226375,0.0353752990576,True
ID16,B_common_components,y_income_index,B_RS74,100,0.0400101398236,0.0353752990576,True
ID16,C_dimension_specific,y_health_index,R_S10,100,0.0287748817557,0.0287748817557,True
ID16,C_dimension_specific,y_education_index,B69,10,0.0369804569997,0.0369804569997,True
ID16,C_dimension_specific,y_income_index,R_S10,10,0.0391040087574,0.0391040087574,True
ID17,fixed_direct,y_hdi,B69,100,0.0239156785587,0.0239156785587,False
ID17,fixed_direct,y_hdi,R6,10,0.0259752631009,0.0259752631009,False
ID17,fixed_direct,y_hdi,B_R70,100,0.0222610497182,0.0222610497182,False
ID17,fixed_direct,y_hdi,R_S10,10,0.0248100574238,0.0248100574238,False
ID17,fixed_direct,y_hdi,B_RS74,100,0.0217986494851,0.0217986494851,True
ID17,A_direct,y_hdi,B_RS74,100,0.0217986494851,0.0217986494851,True
ID17,B_common_components,y_health_index,B_RS74,100,0.0290584210853,0.0340337921007,True
ID17,B_common_components,y_education_index,B_RS74,10,0.0353344402401,0.0340337921007,True
ID17,B_common_components,y_income_index,B_RS74,100,0.0377085149766,0.0340337921007,True
ID17,C_dimension_specific,y_health_index,B_RS74,100,0.0290584210853,0.0290584210853,True
ID17,C_dimension_specific,y_education_index,B69,10,0.0349418147742,0.0349418147742,True
ID17,C_dimension_specific,y_income_index,B_RS74,100,0.0377085149766,0.0377085149766,True
ID18,fixed_direct,y_hdi,B69,10,0.02345036595,0.02345036595,False
ID18,fixed_direct,y_hdi,R6,10,0.0250642250478,0.0250642250478,False
ID18,fixed_direct,y_hdi,B_R70,10,0.0218718642295,0.0218718642295,False
ID18,fixed_direct,y_hdi,R_S10,10,0.0240432449865,0.0240432449865,False
ID18,fixed_direct,y_hdi,B_RS74,100,0.0214987742164,0.0214987742164,True
ID18,A_direct,y_hdi,B_RS74,100,0.0214987742164,0.0214987742164,True
ID18,B_common_components,y_health_index,B_RS74,100,0.0289471191342,0.0344483495646,True
ID18,B_common_components,y_education_index,B_RS74,100,0.0369486723264,0.0344483495646,True
ID18,B_common_components,y_income_index,B_RS74,10,0.0374492572333,0.0344483495646,True
ID18,C_dimension_specific,y_health_index,B_RS74,100,0.0289471191342,0.0289471191342,True
ID18,C_dimension_specific,y_education_index,B69,10,0.03661278815,0.03661278815,True
ID18,C_dimension_specific,y_income_index,R6,0.1,0.0373301317362,0.0373301317362,True
ID19,fixed_direct,y_hdi,B69,10,0.0231935726519,0.0231935726519,False
ID19,fixed_direct,y_hdi,R6,10,0.0253903443396,0.0253903443396,False
ID19,fixed_direct,y_hdi,B_R70,10,0.0217229429886,0.0217229429886,False
ID19,fixed_direct,y_hdi,R_S10,10,0.0241578621784,0.0241578621784,False
ID19,fixed_direct,y_hdi,B_RS74,10,0.021351040384,0.021351040384,True
ID19,A_direct,y_hdi,B_RS74,10,0.021351040384,0.021351040384,True
ID19,B_common_components,y_health_index,B_RS74,100,0.0289708899389,0.0342943212714,True
ID19,B_common_components,y_education_index,B_RS74,100,0.0363605833684,0.0342943212714,True
ID19,B_common_components,y_income_index,B_RS74,100,0.037551490507,0.0342943212714,True
ID19,C_dimension_specific,y_health_index,R_S10,100,0.0288234134426,0.0288234134426,True
ID19,C_dimension_specific,y_education_index,B69,10,0.0356684037563,0.0356684037563,True
ID19,C_dimension_specific,y_income_index,R6,0.1,0.0366820722528,0.0366820722528,True
ID21,fixed_direct,y_hdi,B69,10,0.0226035891303,0.0226035891303,False
ID21,fixed_direct,y_hdi,R6,10,0.0248819855494,0.0248819855494,False
ID21,fixed_direct,y_hdi,B_R70,100,0.0217603876263,0.0217603876263,False
ID21,fixed_direct,y_hdi,R_S10,10,0.0239340978766,0.0239340978766,False
ID21,fixed_direct,y_hdi,B_RS74,100,0.0212112266691,0.0212112266691,True
ID21,A_direct,y_hdi,B_RS74,100,0.0212112266691,0.0212112266691,True
ID21,B_common_components,y_health_index,B_RS74,100,0.02786662579,0.0335682631722,True
ID21,B_common_components,y_education_index,B_RS74,10,0.0358028568293,0.0335682631722,True
ID21,B_common_components,y_income_index,B_RS74,100,0.0370353068973,0.0335682631722,True
ID21,C_dimension_specific,y_health_index,B_RS74,100,0.02786662579,0.02786662579,True
ID21,C_dimension_specific,y_education_index,B69,10,0.0349398792951,0.0349398792951,True
ID21,C_dimension_specific,y_income_index,R_S10,10,0.0369738301171,0.0369738301171,True
ID31,fixed_direct,y_hdi,B69,10,0.0230819874374,0.0230819874374,False
ID31,fixed_direct,y_hdi,R6,10,0.0251591905242,0.0251591905242,False
ID31,fixed_direct,y_hdi,B_R70,10,0.0216428877695,0.0216428877695,False
ID31,fixed_direct,y_hdi,R_S10,10,0.0239442050781,0.0239442050781,False
ID31,fixed_direct,y_hdi,B_RS74,100,0.0211118450825,0.0211118450825,True
ID31,A_direct,y_hdi,B_RS74,100,0.0211118450825,0.0211118450825,True
ID31,B_common_components,y_health_index,B_RS74,100,0.0290316559052,0.0338086800823,True
ID31,B_common_components,y_education_index,B_RS74,10,0.0354441243375,0.0338086800823,True
ID31,B_common_components,y_income_index,B_RS74,100,0.0369502600043,0.0338086800823,True
ID31,C_dimension_specific,y_health_index,R_S10,100,0.0288159385644,0.0288159385644,True
ID31,C_dimension_specific,y_education_index,B69,10,0.0351365222948,0.0351365222948,True
ID31,C_dimension_specific,y_income_index,R_S10,10,0.0366840895697,0.0366840895697,True
ID32,fixed_direct,y_hdi,B69,10,0.0233434611423,0.0233434611423,False
ID32,fixed_direct,y_hdi,R6,10,0.0248244901588,0.0248244901588,False
ID32,fixed_direct,y_hdi,B_R70,10,0.0219786133431,0.0219786133431,False
ID32,fixed_direct,y_hdi,R_S10,10,0.0238911309427,0.0238911309427,False
ID32,fixed_direct,y_hdi,B_RS74,100,0.0216648638756,0.0216648638756,True
ID32,A_direct,y_hdi,B_RS74,100,0.0216648638756,0.0216648638756,True
ID32,B_common_components,y_health_index,B_RS74,100,0.0299875880429,0.035225101557,True
ID32,B_common_components,y_education_index,B_RS74,100,0.0371093089746,0.035225101557,True
ID32,B_common_components,y_income_index,B_RS74,100,0.0385784076536,0.035225101557,True
ID32,C_dimension_specific,y_health_index,R_S10,100,0.0294334236497,0.0294334236497,True
ID32,C_dimension_specific,y_education_index,B69,10,0.036236239728,0.036236239728,True
ID32,C_dimension_specific,y_income_index,R6,1,0.0379778428433,0.0379778428433,True
ID33,fixed_direct,y_hdi,B69,10,0.0232780351241,0.0232780351241,False
ID33,fixed_direct,y_hdi,R6,10,0.0252284874982,0.0252284874982,False
ID33,fixed_direct,y_hdi,B_R70,100,0.0219261156663,0.0219261156663,False
ID33,fixed_direct,y_hdi,R_S10,10,0.0244076706216,0.0244076706216,False
ID33,fixed_direct,y_hdi,B_RS74,100,0.0216827852723,0.0216827852723,True
ID33,A_direct,y_hdi,B_RS74,100,0.0216827852723,0.0216827852723,True
ID33,B_common_components,y_health_index,B_RS74,100,0.028473711279,0.0349531709864,True
ID33,B_common_components,y_education_index,B_RS74,1000,0.0371569894248,0.0349531709864,True
ID33,B_common_components,y_income_index,B_RS74,100,0.0392288122555,0.0349531709864,True
ID33,C_dimension_specific,y_health_index,R_S10,100,0.0279504433587,0.0279504433587,True
ID33,C_dimension_specific,y_education_index,B69,100,0.0370523822038,0.0370523822038,True
ID33,C_dimension_specific,y_income_index,R6,1,0.0387573914529,0.0387573914529,True
ID34,fixed_direct,y_hdi,B69,100,0.0226094563411,0.0226094563411,False
ID34,fixed_direct,y_hdi,R6,10,0.0241992391103,0.0241992391103,False
ID34,fixed_direct,y_hdi,B_R70,100,0.0211947580067,0.0211947580067,False
ID34,fixed_direct,y_hdi,R_S10,10,0.0230580893833,0.0230580893833,False
ID34,fixed_direct,y_hdi,B_RS74,100,0.0206149892235,0.0206149892235,True
ID34,A_direct,y_hdi,B_RS74,100,0.0206149892235,0.0206149892235,True
ID34,B_common_components,y_health_index,B_RS74,100,0.0288772304708,0.0335065295081,True
ID34,B_common_components,y_education_index,B_RS74,100,0.0348558977342,0.0335065295081,True
ID34,B_common_components,y_income_index,B_RS74,100,0.0367864603194,0.0335065295081,True
ID34,C_dimension_specific,y_health_index,B_RS74,100,0.0288772304708,0.0288772304708,True
ID34,C_dimension_specific,y_education_index,B69,10,0.0341447113046,0.0341447113046,True
ID34,C_dimension_specific,y_income_index,R_S10,10,0.0365271825866,0.0365271825866,True
ID35,fixed_direct,y_hdi,B69,10,0.0233266047223,0.0233266047223,False
ID35,fixed_direct,y_hdi,R6,10,0.0250078721904,0.0250078721904,False
ID35,fixed_direct,y_hdi,B_R70,10,0.0211772486116,0.0211772486116,False
ID35,fixed_direct,y_hdi,R_S10,10,0.0241181071694,0.0241181071694,False
ID35,fixed_direct,y_hdi,B_RS74,10,0.0210130027563,0.0210130027563,True
ID35,A_direct,y_hdi,B_RS74,10,0.0210130027563,0.0210130027563,True
ID35,B_common_components,y_health_index,B_RS74,100,0.0300545409228,0.0350746446715,True
ID35,B_common_components,y_education_index,B_RS74,100,0.0360114622968,0.0350746446715,True
ID35,B_common_components,y_income_index,B_RS74,100,0.0391579307948,0.0350746446715,True
ID35,C_dimension_specific,y_health_index,B_R70,100,0.0299985535701,0.0299985535701,True
ID35,C_dimension_specific,y_education_index,B69,10,0.0358955171542,0.0358955171542,True
ID35,C_dimension_specific,y_income_index,B_RS74,100,0.0391579307948,0.0391579307948,True
ID36,fixed_direct,y_hdi,B69,100,0.0234602192795,0.0234602192795,False
ID36,fixed_direct,y_hdi,R6,10,0.0247093967824,0.0247093967824,False
ID36,fixed_direct,y_hdi,B_R70,100,0.0217986279979,0.0217986279979,False
ID36,fixed_direct,y_hdi,R_S10,10,0.0235836022667,0.0235836022667,False
ID36,fixed_direct,y_hdi,B_RS74,100,0.0213510733332,0.0213510733332,True
ID36,A_direct,y_hdi,B_RS74,100,0.0213510733332,0.0213510733332,True
ID36,B_common_components,y_health_index,B_RS74,100,0.0279135322755,0.0340058664662,True
ID36,B_common_components,y_education_index,B_RS74,100,0.0368919019176,0.0340058664662,True
ID36,B_common_components,y_income_index,B_RS74,100,0.0372121652056,0.0340058664662,True
ID36,C_dimension_specific,y_health_index,R_S10,100,0.0275244306932,0.0275244306932,True
ID36,C_dimension_specific,y_education_index,B69,10,0.0362575841995,0.0362575841995,True
ID36,C_dimension_specific,y_income_index,B_RS74,100,0.0372121652056,0.0372121652056,True
ID51,fixed_direct,y_hdi,B69,100,0.0232444640086,0.0232444640086,False
ID51,fixed_direct,y_hdi,R6,10,0.0253037989334,0.0253037989334,False
ID51,fixed_direct,y_hdi,B_R70,100,0.0219836180049,0.0219836180049,False
ID51,fixed_direct,y_hdi,R_S10,10,0.0240082902266,0.0240082902266,False
ID51,fixed_direct,y_hdi,B_RS74,100,0.0213920591154,0.0213920591154,True
ID51,A_direct,y_hdi,B_RS74,100,0.0213920591154,0.0213920591154,True
ID51,B_common_components,y_health_index,B_RS74,100,0.0282707691966,0.0336376434167,True
ID51,B_common_components,y_education_index,B_RS74,10,0.0362826326721,0.0336376434167,True
ID51,B_common_components,y_income_index,B_RS74,100,0.0363595283814,0.0336376434167,True
ID51,C_dimension_specific,y_health_index,B_RS74,100,0.0282707691966,0.0282707691966,True
ID51,C_dimension_specific,y_education_index,B69,10,0.0358900264751,0.0358900264751,True
ID51,C_dimension_specific,y_income_index,B_RS74,100,0.0363595283814,0.0363595283814,True
ID52,fixed_direct,y_hdi,B69,100,0.0240425317228,0.0240425317228,False
ID52,fixed_direct,y_hdi,R6,10,0.0257950029192,0.0257950029192,False
ID52,fixed_direct,y_hdi,B_R70,100,0.022440077899,0.022440077899,False
ID52,fixed_direct,y_hdi,R_S10,10,0.0243626350101,0.0243626350101,False
ID52,fixed_direct,y_hdi,B_RS74,100,0.0219982414639,0.0219982414639,True
ID52,A_direct,y_hdi,B_RS74,100,0.0219982414639,0.0219982414639,True
ID52,B_common_components,y_health_index,B_RS74,100,0.0287264746937,0.0342635256909,True
ID52,B_common_components,y_education_index,B_RS74,10,0.0361582444663,0.0342635256909,True
ID52,B_common_components,y_income_index,B_RS74,100,0.0379058579125,0.0342635256909,True
ID52,C_dimension_specific,y_health_index,B_RS74,100,0.0287264746937,0.0287264746937,True
ID52,C_dimension_specific,y_education_index,B69,10,0.035727195016,0.035727195016,True
ID52,C_dimension_specific,y_income_index,B_RS74,100,0.0379058579125,0.0379058579125,True
ID53,fixed_direct,y_hdi,B69,100,0.0229343302581,0.0229343302581,False
ID53,fixed_direct,y_hdi,R6,10,0.0254555900729,0.0254555900729,False
ID53,fixed_direct,y_hdi,B_R70,10,0.0213009857593,0.0213009857593,False
ID53,fixed_direct,y_hdi,R_S10,10,0.0243546053343,0.0243546053343,False
ID53,fixed_direct,y_hdi,B_RS74,10,0.020874576549,0.020874576549,True
ID53,A_direct,y_hdi,B_RS74,10,0.020874576549,0.020874576549,True
ID53,B_common_components,y_health_index,B_RS74,100,0.0288778473208,0.0347755254115,True
ID53,B_common_components,y_education_index,B_RS74,10,0.0362330892035,0.0347755254115,True
ID53,B_common_components,y_income_index,B_RS74,100,0.0392156397102,0.0347755254115,True
ID53,C_dimension_specific,y_health_index,R_S10,100,0.0283875613479,0.0283875613479,True
ID53,C_dimension_specific,y_education_index,B69,10,0.0357561199061,0.0357561199061,True
ID53,C_dimension_specific,y_income_index,R6,0.1,0.0384526104367,0.0384526104367,True
ID61,fixed_direct,y_hdi,B69,10,0.0227526518427,0.0227526518427,False
ID61,fixed_direct,y_hdi,R6,10,0.0258561622524,0.0258561622524,False
ID61,fixed_direct,y_hdi,B_R70,10,0.0215294934139,0.0215294934139,False
ID61,fixed_direct,y_hdi,R_S10,10,0.0245534733144,0.0245534733144,False
ID61,fixed_direct,y_hdi,B_RS74,10,0.021092587401,0.021092587401,True
ID61,A_direct,y_hdi,B_RS74,10,0.021092587401,0.021092587401,True
ID61,B_common_components,y_health_index,B_RS74,100,0.0278092776017,0.0332852123413,True
ID61,B_common_components,y_education_index,B_RS74,10,0.0351065372005,0.0332852123413,True
ID61,B_common_components,y_income_index,B_RS74,10,0.0369398222215,0.0332852123413,True
ID61,C_dimension_specific,y_health_index,B_RS74,100,0.0278092776017,0.0278092776017,True
ID61,C_dimension_specific,y_education_index,B69,10,0.0344631783042,0.0344631783042,True
ID61,C_dimension_specific,y_income_index,B_RS74,10,0.0369398222215,0.0369398222215,True
ID62,fixed_direct,y_hdi,B69,100,0.0232804632671,0.0232804632671,False
ID62,fixed_direct,y_hdi,R6,10,0.0249220790378,0.0249220790378,False
ID62,fixed_direct,y_hdi,B_R70,10,0.0209742540256,0.0209742540256,False
ID62,fixed_direct,y_hdi,R_S10,1,0.0237372741282,0.0237372741282,False
ID62,fixed_direct,y_hdi,B_RS74,10,0.0203946627927,0.0203946627927,True
ID62,A_direct,y_hdi,B_RS74,10,0.0203946627927,0.0203946627927,True
ID62,B_common_components,y_health_index,B_RS74,100,0.0287034844013,0.0332192717173,True
ID62,B_common_components,y_education_index,B_RS74,10,0.0342207861594,0.0332192717173,True
ID62,B_common_components,y_income_index,B_RS74,100,0.0367335445912,0.0332192717173,True
ID62,C_dimension_specific,y_health_index,B_RS74,100,0.0287034844013,0.0287034844013,True
ID62,C_dimension_specific,y_education_index,B69,10,0.0336648865741,0.0336648865741,True
ID62,C_dimension_specific,y_income_index,R_S10,10,0.0360381909225,0.0360381909225,True
ID63,fixed_direct,y_hdi,B69,100,0.0244897889232,0.0244897889232,False
ID63,fixed_direct,y_hdi,R6,10,0.0256236998354,0.0256236998354,False
ID63,fixed_direct,y_hdi,B_R70,100,0.022646595794,0.022646595794,False
ID63,fixed_direct,y_hdi,R_S10,10,0.0245071488821,0.0245071488821,False
ID63,fixed_direct,y_hdi,B_RS74,100,0.022328873329,0.022328873329,True
ID63,A_direct,y_hdi,B_RS74,100,0.022328873329,0.022328873329,True
ID63,B_common_components,y_health_index,B_RS74,100,0.02807427217,0.0341836403045,True
ID63,B_common_components,y_education_index,B_RS74,10,0.0362901708752,0.0341836403045,True
ID63,B_common_components,y_income_index,B_RS74,100,0.0381864778683,0.0341836403045,True
ID63,C_dimension_specific,y_health_index,B_RS74,100,0.02807427217,0.02807427217,True
ID63,C_dimension_specific,y_education_index,B69,10,0.0362388876288,0.0362388876288,True
ID63,C_dimension_specific,y_income_index,R6,0.1,0.0369771768968,0.0369771768968,True
ID64,fixed_direct,y_hdi,B69,100,0.0237310122237,0.0237310122237,False
ID64,fixed_direct,y_hdi,R6,10,0.025554585652,0.025554585652,False
ID64,fixed_direct,y_hdi,B_R70,100,0.0223625029243,0.0223625029243,False
ID64,fixed_direct,y_hdi,R_S10,10,0.0245931239043,0.0245931239043,False
ID64,fixed_direct,y_hdi,B_RS74,100,0.0219451906967,0.0219451906967,True
ID64,A_direct,y_hdi,B_RS74,100,0.0219451906967,0.0219451906967,True
ID64,B_common_components,y_health_index,B_RS74,100,0.0279380658454,0.0336580490572,True
ID64,B_common_components,y_education_index,B_RS74,10,0.034883523746,0.0336580490572,True
ID64,B_common_components,y_income_index,B_RS74,100,0.0381525575802,0.0336580490572,True
ID64,C_dimension_specific,y_health_index,B_RS74,100,0.0279380658454,0.0279380658454,True
ID64,C_dimension_specific,y_education_index,B_RS74,10,0.034883523746,0.034883523746,True
ID64,C_dimension_specific,y_income_index,R6,0.1,0.0372033740176,0.0372033740176,True
ID65,fixed_direct,y_hdi,B69,10,0.0229730678726,0.0229730678726,False
ID65,fixed_direct,y_hdi,R6,10,0.0250128428547,0.0250128428547,False
ID65,fixed_direct,y_hdi,B_R70,10,0.0216159828392,0.0216159828392,False
ID65,fixed_direct,y_hdi,R_S10,10,0.0235646034499,0.0235646034499,False
ID65,fixed_direct,y_hdi,B_RS74,10,0.0209877108569,0.0209877108569,True
ID65,A_direct,y_hdi,B_RS74,10,0.0209877108569,0.0209877108569,True
ID65,B_common_components,y_health_index,B_RS74,100,0.0280186838432,0.0337494602056,True
ID65,B_common_components,y_education_index,B_RS74,10,0.0360144565297,0.0337494602056,True
ID65,B_common_components,y_income_index,B_RS74,100,0.0372152402441,0.0337494602056,True
ID65,C_dimension_specific,y_health_index,B_RS74,100,0.0280186838432,0.0280186838432,True
ID65,C_dimension_specific,y_education_index,B69,10,0.035523523431,0.035523523431,True
ID65,C_dimension_specific,y_income_index,R6,1,0.0366391820414,0.0366391820414,True
ID71,fixed_direct,y_hdi,B69,100,0.0238874279362,0.0238874279362,False
ID71,fixed_direct,y_hdi,R6,10,0.0251269068704,0.0251269068704,False
ID71,fixed_direct,y_hdi,B_R70,100,0.0218908602238,0.0218908602238,False
ID71,fixed_direct,y_hdi,R_S10,10,0.0237392173221,0.0237392173221,False
ID71,fixed_direct,y_hdi,B_RS74,100,0.0214242087885,0.0214242087885,True
ID71,A_direct,y_hdi,B_RS74,100,0.0214242087885,0.0214242087885,True
ID71,B_common_components,y_health_index,B_RS74,100,0.0287708622025,0.034590783224,True
ID71,B_common_components,y_education_index,B_RS74,100,0.0362423346545,0.034590783224,True
ID71,B_common_components,y_income_index,B_RS74,100,0.0387591528149,0.034590783224,True
ID71,C_dimension_specific,y_health_index,B_RS74,100,0.0287708622025,0.0287708622025,True
ID71,C_dimension_specific,y_education_index,B69,10,0.0355510364041,0.0355510364041,True
ID71,C_dimension_specific,y_income_index,R6,0.1,0.0378925149643,0.0378925149643,True
ID72,fixed_direct,y_hdi,B69,100,0.0239830880008,0.0239830880008,False
ID72,fixed_direct,y_hdi,R6,10,0.025315289842,0.025315289842,False
ID72,fixed_direct,y_hdi,B_R70,100,0.0222062359747,0.0222062359747,False
ID72,fixed_direct,y_hdi,R_S10,10,0.0242909883343,0.0242909883343,False
ID72,fixed_direct,y_hdi,B_RS74,100,0.0220023047314,0.0220023047314,True
ID72,A_direct,y_hdi,B_RS74,100,0.0220023047314,0.0220023047314,True
ID72,B_common_components,y_health_index,B_RS74,100,0.0283009501709,0.0340058335361,True
ID72,B_common_components,y_education_index,B_RS74,10,0.0352635847156,0.0340058335361,True
ID72,B_common_components,y_income_index,B_RS74,100,0.0384529657218,0.0340058335361,True
ID72,C_dimension_specific,y_health_index,B_R70,100,0.0282817756023,0.0282817756023,True
ID72,C_dimension_specific,y_education_index,B69,10,0.0351844857489,0.0351844857489,True
ID72,C_dimension_specific,y_income_index,R6,0.1,0.0374062327109,0.0374062327109,True
ID73,fixed_direct,y_hdi,B69,10,0.0226389446647,0.0226389446647,False
ID73,fixed_direct,y_hdi,R6,10,0.0253499791075,0.0253499791075,False
ID73,fixed_direct,y_hdi,B_R70,10,0.0215401065286,0.0215401065286,False
ID73,fixed_direct,y_hdi,R_S10,10,0.0243435311906,0.0243435311906,False
ID73,fixed_direct,y_hdi,B_RS74,10,0.0211560344651,0.0211560344651,True
ID73,A_direct,y_hdi,B_RS74,10,0.0211560344651,0.0211560344651,True
ID73,B_common_components,y_health_index,B_R70,100,0.0286592031795,0.0336631248924,True
ID73,B_common_components,y_education_index,B_R70,10,0.0348743111911,0.0336631248924,True
ID73,B_common_components,y_income_index,B_R70,10,0.0374558603067,0.0336631248924,True
ID73,C_dimension_specific,y_health_index,R_S10,100,0.0284413038954,0.0284413038954,True
ID73,C_dimension_specific,y_education_index,B69,10,0.0347062284484,0.0347062284484,True
ID73,C_dimension_specific,y_income_index,B_R70,10,0.0374558603067,0.0374558603067,True
ID74,fixed_direct,y_hdi,B69,10,0.0230288445741,0.0230288445741,False
ID74,fixed_direct,y_hdi,R6,10,0.0259107250195,0.0259107250195,False
ID74,fixed_direct,y_hdi,B_R70,10,0.0212694046095,0.0212694046095,True
ID74,fixed_direct,y_hdi,R_S10,10,0.024807603207,0.024807603207,False
ID74,fixed_direct,y_hdi,B_RS74,10,0.0213632486611,0.0213632486611,False
ID74,A_direct,y_hdi,B_R70,10,0.0212694046095,0.0212694046095,True
ID74,B_common_components,y_health_index,B_RS74,100,0.0274472196474,0.0345800544186,True
ID74,B_common_components,y_education_index,B_RS74,10,0.0380239417998,0.0345800544186,True
ID74,B_common_components,y_income_index,B_RS74,100,0.0382690018088,0.0345800544186,True
ID74,C_dimension_specific,y_health_index,B_R70,100,0.0273341139082,0.0273341139082,True
ID74,C_dimension_specific,y_education_index,B69,10,0.0371070348911,0.0371070348911,True
ID74,C_dimension_specific,y_income_index,R6,0.1,0.03807315312,0.03807315312,True
ID75,fixed_direct,y_hdi,B69,100,0.0227035953027,0.0227035953027,False
ID75,fixed_direct,y_hdi,R6,10,0.0253698542959,0.0253698542959,False
ID75,fixed_direct,y_hdi,B_R70,100,0.0212851725721,0.0212851725721,False
ID75,fixed_direct,y_hdi,R_S10,10,0.0239401025579,0.0239401025579,False
ID75,fixed_direct,y_hdi,B_RS74,100,0.0209438256877,0.0209438256877,True
ID75,A_direct,y_hdi,B_RS74,100,0.0209438256877,0.0209438256877,True
ID75,B_common_components,y_health_index,B_RS74,100,0.028684889005,0.0337971726477,True
ID75,B_common_components,y_education_index,B_RS74,10,0.0346755240905,0.0337971726477,True
ID75,B_common_components,y_income_index,B_RS74,100,0.0380311048476,0.0337971726477,True
ID75,C_dimension_specific,y_health_index,R_S10,100,0.0283535033846,0.0283535033846,True
ID75,C_dimension_specific,y_education_index,B69,10,0.0345222166158,0.0345222166158,True
ID75,C_dimension_specific,y_income_index,B_RS74,100,0.0380311048476,0.0380311048476,True
ID76,fixed_direct,y_hdi,B69,10,0.0226681387802,0.0226681387802,False
ID76,fixed_direct,y_hdi,R6,10,0.0253105342304,0.0253105342304,False
ID76,fixed_direct,y_hdi,B_R70,10,0.0214858584826,0.0214858584826,False
ID76,fixed_direct,y_hdi,R_S10,10,0.0241914316276,0.0241914316276,False
ID76,fixed_direct,y_hdi,B_RS74,10,0.0209041748467,0.0209041748467,True
ID76,A_direct,y_hdi,B_RS74,10,0.0209041748467,0.0209041748467,True
ID76,B_common_components,y_health_index,B_RS74,100,0.0281294668939,0.0335679947145,True
ID76,B_common_components,y_education_index,B_RS74,10,0.0346215115155,0.0335679947145,True
ID76,B_common_components,y_income_index,B_RS74,100,0.0379530057341,0.0335679947145,True
ID76,C_dimension_specific,y_health_index,R_S10,100,0.0274938718318,0.0274938718318,True
ID76,C_dimension_specific,y_education_index,B69,10,0.0344242841398,0.0344242841398,True
ID76,C_dimension_specific,y_income_index,R_S10,10,0.0378847647722,0.0378847647722,True
ID81,fixed_direct,y_hdi,B69,100,0.0228864294646,0.0228864294646,False
ID81,fixed_direct,y_hdi,R6,10,0.0244959069607,0.0244959069607,False
ID81,fixed_direct,y_hdi,B_R70,10,0.0212213522669,0.0212213522669,False
ID81,fixed_direct,y_hdi,R_S10,10,0.0234567363244,0.0234567363244,False
ID81,fixed_direct,y_hdi,B_RS74,100,0.02069473173,0.02069473173,True
ID81,A_direct,y_hdi,B_RS74,100,0.02069473173,0.02069473173,True
ID81,B_common_components,y_health_index,B_RS74,100,0.0272708887399,0.0332329290808,True
ID81,B_common_components,y_education_index,B_RS74,100,0.0356249761164,0.0332329290808,True
ID81,B_common_components,y_income_index,B_RS74,100,0.0368029223861,0.0332329290808,True
ID81,C_dimension_specific,y_health_index,B_RS74,100,0.0272708887399,0.0272708887399,True
ID81,C_dimension_specific,y_education_index,B_RS74,100,0.0356249761164,0.0356249761164,True
ID81,C_dimension_specific,y_income_index,B_RS74,100,0.0368029223861,0.0368029223861,True
ID82,fixed_direct,y_hdi,B69,10,0.0234812586308,0.0234812586308,False
ID82,fixed_direct,y_hdi,R6,10,0.0256389450323,0.0256389450323,False
ID82,fixed_direct,y_hdi,B_R70,10,0.0219456991345,0.0219456991345,False
ID82,fixed_direct,y_hdi,R_S10,10,0.0244189471747,0.0244189471747,False
ID82,fixed_direct,y_hdi,B_RS74,100,0.0217501270305,0.0217501270305,True
ID82,A_direct,y_hdi,B_RS74,100,0.0217501270305,0.0217501270305,True
ID82,B_common_components,y_health_index,B_R70,100,0.0288196839266,0.0332733882091,True
ID82,B_common_components,y_education_index,B_R70,10,0.0356079141552,0.0332733882091,True
ID82,B_common_components,y_income_index,B_R70,1,0.0353925665455,0.0332733882091,True
ID82,C_dimension_specific,y_health_index,B_RS74,100,0.0286519554548,0.0286519554548,True
ID82,C_dimension_specific,y_education_index,B_RS74,10,0.035456407432,0.035456407432,True
ID82,C_dimension_specific,y_income_index,B_R70,1,0.0353925665455,0.0353925665455,True
ID91,fixed_direct,y_hdi,B69,10,0.0226959341814,0.0226959341814,False
ID91,fixed_direct,y_hdi,R6,10,0.0255163109379,0.0255163109379,False
ID91,fixed_direct,y_hdi,B_R70,10,0.0214527181012,0.0214527181012,False
ID91,fixed_direct,y_hdi,R_S10,10,0.0246443947878,0.0246443947878,False
ID91,fixed_direct,y_hdi,B_RS74,100,0.0211681104364,0.0211681104364,True
ID91,A_direct,y_hdi,B_RS74,100,0.0211681104364,0.0211681104364,True
ID91,B_common_components,y_health_index,B_RS74,100,0.0278120644382,0.0340519941953,True
ID91,B_common_components,y_education_index,B_RS74,10,0.0353602036416,0.0340519941953,True
ID91,B_common_components,y_income_index,B_RS74,100,0.0389837145062,0.0340519941953,True
ID91,C_dimension_specific,y_health_index,B_RS74,100,0.0278120644382,0.0278120644382,True
ID91,C_dimension_specific,y_education_index,B_R70,10,0.035047155625,0.035047155625,True
ID91,C_dimension_specific,y_income_index,R6,0.1,0.0378473018293,0.0378473018293,True
ID94,fixed_direct,y_hdi,B69,10,0.0229994776696,0.0229994776696,False
ID94,fixed_direct,y_hdi,R6,10,0.0251424575604,0.0251424575604,False
ID94,fixed_direct,y_hdi,B_R70,10,0.0215251143124,0.0215251143124,False
ID94,fixed_direct,y_hdi,R_S10,10,0.0241429685642,0.0241429685642,False
ID94,fixed_direct,y_hdi,B_RS74,10,0.0211565160576,0.0211565160576,True
ID94,A_direct,y_hdi,B_RS74,10,0.0211565160576,0.0211565160576,True
ID94,B_common_components,y_health_index,B_RS74,100,0.0288162598678,0.0343374352397,True
ID94,B_common_components,y_education_index,B_RS74,100,0.0366585823675,0.0343374352397,True
ID94,B_common_components,y_income_index,B_RS74,100,0.0375374634838,0.0343374352397,True
ID94,C_dimension_specific,y_health_index,B_RS74,100,0.0288162598678,0.0288162598678,True
ID94,C_dimension_specific,y_education_index,B69,10,0.0363699126297,0.0363699126297,True
ID94,C_dimension_specific,y_income_index,R6,0.1,0.0373753420067,0.0373753420067,True
