country,province,method,n,p5_n,p8_n,mape_pct
China,130000,A,11,11,11,1.93750990225591
China,130000,B,11,11,11,1.92433756070807
China,130000,C,11,11,11,1.49006395972288
China,140000,A,10,10,10,1.48230665659574
China,140000,B,10,10,10,1.30135243846033
China,140000,C,10,10,10,1.14335439077268
China,150000,A,9,9,9,1.63576219753677
China,150000,B,9,9,9,1.54002968569697
China,150000,C,9,9,9,1.39232801251991
China,210000,A,14,14,14,1.11529124237653
China,210000,B,14,14,14,1.26639384570271
China,210000,C,14,14,14,1.12853493228675
China,220000,A,8,8,8,1.85937767862218
China,220000,B,8,8,8,1.48351797231572
China,220000,C,8,8,8,1.63539285297492
China,230000,A,6,6,6,1.90185716907346
China,230000,B,6,5,6,2.86611507035774
China,230000,C,6,6,6,2.36161730733529
China,350000,A,9,9,9,0.951752303288956
China,350000,B,9,9,9,1.04736101121228
China,350000,C,9,9,9,0.970899315437192
China,360000,A,11,11,11,1.51483663709599
China,360000,B,11,11,11,1.36737020300325
China,360000,C,11,11,11,1.58604271851162
China,370000,A,16,15,16,1.76161127928052
China,370000,B,16,16,16,1.69864715882363
China,370000,C,16,16,16,1.66788643107499
China,410000,A,17,17,17,0.965489621192683
China,410000,B,17,17,17,0.942077989203257
China,410000,C,17,17,17,0.836879406263004
China,420000,A,12,11,12,1.74454412341697
China,420000,B,12,12,12,1.45684530388038
China,420000,C,12,12,12,1.42810539998488
China,430000,A,13,13,13,1.78175099323015
China,430000,B,13,13,13,1.59908780796011
China,430000,C,13,13,13,1.23874518516509
China,440000,A,21,19,21,2.29615525937834
China,440000,B,21,21,21,2.01337669326579
China,440000,C,21,21,21,1.83276052788264
China,450000,A,14,13,14,1.50800202642898
China,450000,B,14,14,14,1.85841377911783
China,450000,C,14,14,14,2.16479844696646
China,460000,A,2,1,2,4.46680831953724
China,460000,B,2,2,2,4.06775894877717
China,460000,C,2,2,2,2.41626781187818
China,510000,A,18,18,18,1.92124722105655
China,510000,B,18,15,18,2.45702308410304
China,510000,C,18,18,18,1.23681445014737
China,520000,A,6,5,6,3.73527640021987
China,520000,B,6,5,6,3.67849662931026
China,520000,C,6,6,6,2.34213669977544
China,530000,A,8,8,8,1.96552618830136
China,530000,B,8,8,8,1.36590192542655
China,530000,C,8,8,8,1.26454291657889
China,540000,A,5,3,4,3.23171414913081
China,540000,B,5,5,5,2.05136660768931
China,540000,C,5,4,5,2.04344447632081
China,610000,A,10,9,10,1.55851340251411
China,610000,B,10,10,10,1.95630620587218
China,610000,C,10,10,10,1.62703208834439
China,620000,A,12,11,12,2.59083021620117
China,620000,B,12,12,12,2.36154924241831
China,620000,C,12,12,12,2.13086544383713
China,630000,A,2,2,2,2.84099606511883
China,630000,B,2,1,2,2.66164053848403
China,630000,C,2,2,2,2.36574210194335
China,640000,A,5,5,5,0.660975669888444
China,640000,B,5,5,5,0.746749349791257
China,640000,C,5,5,5,1.02715049772086
China,650000,A,1,0,1,7.59980141913305
China,650000,B,1,0,1,7.36040134272172
China,650000,C,1,0,1,7.44437253783269
Indonesia,ID11,A,23,17,22,2.85274740110829
Indonesia,ID11,B,23,17,23,2.48666836106923
Indonesia,ID11,C,23,20,23,2.21603611706425
Indonesia,ID12,A,29,25,27,2.83335325549728
Indonesia,ID12,B,29,25,27,2.85467215473453
Indonesia,ID12,C,29,23,25,3.35799754205474
Indonesia,ID13,A,18,16,18,2.35005034377168
Indonesia,ID13,B,18,17,18,2.31450666536507
Indonesia,ID13,C,18,16,18,2.3590761035537
Indonesia,ID14,A,12,11,11,2.57765835085042
Indonesia,ID14,B,12,11,11,2.59615096541572
Indonesia,ID14,C,12,11,11,2.48865713977761
Indonesia,ID15,A,11,11,11,2.09164195396371
Indonesia,ID15,B,11,10,11,2.0559327316867
Indonesia,ID15,C,11,10,11,2.07611844734984
Indonesia,ID16,A,16,14,16,2.01290019197224
Indonesia,ID16,B,16,14,16,1.84584611920211
Indonesia,ID16,C,16,15,16,1.90675208097108
Indonesia,ID17,A,10,9,10,2.43773004984596
Indonesia,ID17,B,10,9,10,2.30310636765114
Indonesia,ID17,C,10,9,10,2.34209391508293
Indonesia,ID18,A,14,12,14,2.25528167905203
Indonesia,ID18,B,14,12,14,2.37976538577333
Indonesia,ID18,C,14,14,14,2.36406663814938
Indonesia,ID19,A,6,5,6,3.35708844205343
Indonesia,ID19,B,6,6,6,2.3006106843684
Indonesia,ID19,C,6,6,6,2.45481027245304
Indonesia,ID21,A,6,5,6,3.37256514187715
Indonesia,ID21,B,6,5,5,3.6291299118466
Indonesia,ID21,C,6,5,6,3.42886399701466
Indonesia,ID31,A,5,4,5,2.83873347639193
Indonesia,ID31,B,5,4,5,2.81745039606669
Indonesia,ID31,C,5,4,5,3.08956192411402
Indonesia,ID32,A,27,22,27,3.07094510369278
Indonesia,ID32,B,27,22,27,3.14877174966174
Indonesia,ID32,C,27,21,27,3.47351339149288
Indonesia,ID33,A,35,33,35,2.39610158579142
Indonesia,ID33,B,35,30,35,2.53606800750326
Indonesia,ID33,C,35,32,35,2.57647109481954
Indonesia,ID34,A,5,3,4,5.55719217566825
Indonesia,ID34,B,5,3,4,5.48961124347436
Indonesia,ID34,C,5,1,4,5.55998703215446
Indonesia,ID35,A,37,27,36,3.19282559083215
Indonesia,ID35,B,37,30,36,3.05721969584712
Indonesia,ID35,C,37,30,36,2.86561066818151
Indonesia,ID36,A,8,5,8,3.93097078001184
Indonesia,ID36,B,8,5,8,4.02110232251167
Indonesia,ID36,C,8,7,8,3.18345014650702
Indonesia,ID51,A,9,5,9,3.78971899178553
Indonesia,ID51,B,9,6,9,3.46743379204843
Indonesia,ID51,C,9,6,9,3.50353812946611
Indonesia,ID52,A,9,8,9,1.53690930152805
Indonesia,ID52,B,9,9,9,1.49568340604368
Indonesia,ID52,C,9,9,9,1.59553119101344
Indonesia,ID53,A,9,9,9,1.97996448405531
Indonesia,ID53,B,9,9,9,2.25301422835745
Indonesia,ID53,C,9,9,9,2.40945723367826
Indonesia,ID61,A,14,10,14,3.84415503520505
Indonesia,ID61,B,14,9,14,3.85741080654327
Indonesia,ID61,C,14,9,14,4.01347649327037
Indonesia,ID62,A,14,10,13,4.14518583216192
Indonesia,ID62,B,14,9,13,4.36378338986305
Indonesia,ID62,C,14,8,13,4.74040304238974
Indonesia,ID63,A,13,11,13,2.08562780127598
Indonesia,ID63,B,13,12,13,2.15094416982045
Indonesia,ID63,C,13,11,13,2.2761109316073
Indonesia,ID64,A,10,10,10,1.90526449614658
Indonesia,ID64,B,10,10,10,1.87912509822764
Indonesia,ID64,C,10,10,10,1.98245846840827
Indonesia,ID65,A,5,3,4,3.87121818237458
Indonesia,ID65,B,5,3,5,3.45236411471301
Indonesia,ID65,C,5,3,5,3.11538744632522
Indonesia,ID71,A,14,12,14,2.91656581700014
Indonesia,ID71,B,14,12,14,2.8875302521649
Indonesia,ID71,C,14,12,14,2.598405266328
Indonesia,ID72,A,10,8,10,2.47911995535436
Indonesia,ID72,B,10,8,10,2.35807878876566
Indonesia,ID72,C,10,9,10,2.61895786143857
Indonesia,ID73,A,23,21,23,2.34598418953094
Indonesia,ID73,B,23,19,23,2.53420732212222
Indonesia,ID73,C,23,20,23,2.63887550725329
Indonesia,ID74,A,16,12,14,3.82028555693527
Indonesia,ID74,B,16,12,15,3.13238701964183
Indonesia,ID74,C,16,12,15,3.17568654093326
Indonesia,ID75,A,6,4,6,3.85255158645114
Indonesia,ID75,B,6,5,6,3.32640013736856
Indonesia,ID75,C,6,4,6,3.62079075354535
Indonesia,ID76,A,6,5,5,2.83376699935044
Indonesia,ID76,B,6,5,6,2.41647583859681
Indonesia,ID76,C,6,5,5,2.76837677451822
Indonesia,ID81,A,5,4,4,4.75666747362387
Indonesia,ID81,B,5,4,4,4.74972553257879
Indonesia,ID81,C,5,4,4,4.74972553257879
Indonesia,ID82,A,8,5,8,3.46528494585736
Indonesia,ID82,B,8,4,8,4.44170772650231
Indonesia,ID82,C,8,5,7,4.41809170465372
Indonesia,ID91,A,4,2,4,3.88270995279097
Indonesia,ID91,B,4,2,4,3.86580974911738
Indonesia,ID91,C,4,2,4,3.49122357435532
Indonesia,ID94,A,6,4,6,3.64181916217948
Indonesia,ID94,B,6,5,6,2.79642020533544
Indonesia,ID94,C,6,5,6,3.08787714019783
