outer_test_province,train_cities,test_cities,train_development_cities,excluded_development_cities,province_overlap,inner_folds
130000,269,11,40,0,0,5
140000,270,10,40,0,0,5
150000,271,9,40,0,0,5
210000,266,14,40,0,0,5
220000,272,8,40,0,0,5
230000,274,6,40,0,0,5
350000,271,9,40,0,0,5
360000,269,11,40,0,0,5
370000,264,16,40,0,0,5
410000,263,17,40,0,0,5
420000,268,12,40,0,0,5
430000,267,13,40,0,0,5
440000,259,21,40,0,0,5
450000,266,14,40,0,0,5
460000,278,2,40,0,0,5
510000,262,18,40,0,0,5
520000,274,6,40,0,0,5
530000,272,8,40,0,0,5
540000,275,5,40,0,0,5
610000,270,10,40,0,0,5
620000,268,12,40,0,0,5
630000,278,2,40,0,0,5
640000,275,5,40,0,0,5
650000,279,1,40,0,0,5
