outer_test_province,inner_fold,train_cities,validation_cities,train_development_cities,validation_development_cities,province_overlap,test_province_cities
130000,1,214,55,40,0,0,0
130000,2,213,56,16,24,0,0
130000,3,214,55,40,0,0,0
130000,4,217,52,40,0,0,0
130000,5,218,51,24,16,0,0
140000,1,214,56,40,0,0,0
140000,2,214,56,16,24,0,0
140000,3,215,55,40,0,0,0
140000,4,218,52,40,0,0,0
140000,5,219,51,24,16,0,0
150000,1,218,53,40,0,0,0
150000,2,214,57,16,24,0,0
150000,3,216,55,40,0,0,0
150000,4,216,55,40,0,0,0
150000,5,220,51,24,16,0,0
210000,1,211,55,40,0,0,0
210000,2,210,56,40,0,0,0
210000,3,211,55,16,24,0,0
210000,4,217,49,40,0,0,0
210000,5,215,51,24,16,0,0
220000,1,219,53,40,0,0,0
220000,2,216,56,16,24,0,0
220000,3,215,57,40,0,0,0
220000,4,217,55,40,0,0,0
220000,5,221,51,24,16,0,0
230000,1,219,55,40,0,0,0
230000,2,218,56,16,24,0,0
230000,3,219,55,40,0,0,0
230000,4,222,52,40,0,0,0
230000,5,218,56,24,16,0,0
350000,1,218,53,40,0,0,0
350000,2,214,57,29,11,0,0
350000,3,216,55,27,13,0,0
350000,4,216,55,40,0,0,0
350000,5,220,51,24,16,0,0
360000,1,214,55,40,0,0,0
360000,2,213,56,29,11,0,0
360000,3,214,55,27,13,0,0
360000,4,217,52,40,0,0,0
360000,5,218,51,24,16,0,0
370000,1,209,55,40,0,0,0
370000,2,218,46,40,0,0,0
370000,3,210,54,16,24,0,0
370000,4,209,55,24,16,0,0
370000,5,210,54,40,0,0,0
410000,1,210,53,40,0,0,0
410000,2,209,54,29,11,0,0
410000,3,208,55,40,0,0,0
410000,4,214,49,11,29,0,0
410000,5,211,52,40,0,0,0
420000,1,213,55,40,0,0,0
420000,2,213,55,29,11,0,0
420000,3,216,52,27,13,0,0
420000,4,212,56,24,16,0,0
420000,5,218,50,40,0,0,0
430000,1,212,55,40,0,0,0
430000,2,215,52,40,0,0,0
430000,3,211,56,27,13,0,0
430000,4,217,50,24,16,0,0
430000,5,213,54,29,11,0,0
440000,1,205,54,40,0,0,0
440000,2,205,54,40,0,0,0
440000,3,214,45,40,0,0,0
440000,4,206,53,0,40,0,0
440000,5,206,53,40,0,0,0
450000,1,211,55,40,0,0,0
450000,2,210,56,40,0,0,0
450000,3,216,50,27,13,0,0
450000,4,212,54,13,27,0,0
450000,5,215,51,40,0,0,0
460000,1,222,56,40,0,0,0
460000,2,219,59,27,13,0,0
460000,3,222,56,40,0,0,0
460000,4,223,55,13,27,0,0
460000,5,226,52,40,0,0,0
510000,1,209,53,40,0,0,0
510000,2,207,55,40,0,0,0
510000,3,213,49,40,0,0,0
510000,4,209,53,0,40,0,0
510000,5,210,52,40,0,0,0
520000,1,222,52,40,0,0,0
520000,2,215,59,27,13,0,0
520000,3,218,56,40,0,0,0
520000,4,218,56,13,27,0,0
520000,5,223,51,40,0,0,0
530000,1,220,52,40,0,0,0
530000,2,216,56,27,13,0,0
530000,3,215,57,40,0,0,0
530000,4,216,56,13,27,0,0
530000,5,221,51,40,0,0,0
540000,1,223,52,40,0,0,0
540000,2,216,59,27,13,0,0
540000,3,218,57,40,0,0,0
540000,4,219,56,13,27,0,0
540000,5,224,51,40,0,0,0
610000,1,218,52,40,0,0,0
610000,2,214,56,27,13,0,0
610000,3,215,55,40,0,0,0
610000,4,214,56,13,27,0,0
610000,5,219,51,40,0,0,0
620000,1,213,55,40,0,0,0
620000,2,213,55,16,24,0,0
620000,3,216,52,40,0,0,0
620000,4,212,56,24,16,0,0
620000,5,218,50,40,0,0,0
630000,1,222,56,40,0,0,0
630000,2,219,59,27,13,0,0
630000,3,222,56,40,0,0,0
630000,4,223,55,13,27,0,0
630000,5,226,52,40,0,0,0
640000,1,223,52,40,0,0,0
640000,2,216,59,27,13,0,0
640000,3,219,56,40,0,0,0
640000,4,219,56,13,27,0,0
640000,5,223,52,40,0,0,0
650000,1,223,56,40,0,0,0
650000,2,220,59,27,13,0,0
650000,3,223,56,40,0,0,0
650000,4,223,56,13,27,0,0
650000,5,227,52,40,0,0,0
