country,method,n,p5_n,p5_pct,p8_n,p8_pct,mae,rmse,mape_pct,r2
China,A,240,228,95,239,99.5833333333,0.0139314643238,0.0184434934783,1.82119462447,0.774303942954
China,B,240,233,97.0833333333,240,100,0.0136758516596,0.0173685840952,1.78750786182,0.799845006022
China,C,240,236,98.3333333333,240,100,0.0120616058628,0.0155727051646,1.57006753878,0.839096414636
Indonesia,A,443,362,81.7155756208,431,97.2911963883,0.0206462248707,0.0264561327094,2.89783408509,0.703641728842
Indonesia,B,443,363,81.9413092551,434,97.9683972912,0.0202205951483,0.0259143676239,2.84406098204,0.715655021799
Indonesia,C,443,367,82.8442437923,431,97.2911963883,0.0207145096091,0.0262746411758,2.91302696208,0.707693872627
USA,A,3104,2964,95.4896907216,3084,99.3556701031,0.0165567524912,0.0215610484603,1.85902302701,0.55849539588
USA,B,3104,2966,95.5541237113,3086,99.4201030928,0.0165653520262,0.0215336417829,1.86016650218,0.559617093085
USA,C,3104,2965,95.5219072165,3084,99.3556701031,0.0166105587771,0.0215482221036,1.86708592918,0.559020529076
