support,strategy,component,N,groups,group_equal_MAE,unit_equal_MAE,RMSE,MAPE_pct,R2,within_5pct,within_8pct
1 km,B_common_components,education,3104,51,0.0242416485221,0.0241729431787,0.0315771165191,2.85798145348,0.507556811152,0.839884020619,0.961662371134
1 km,B_common_components,health,3104,51,0.0222024343612,0.0225528501731,0.0303809698214,2.56765251244,0.417827016884,0.880476804124,0.969394329897
1 km,B_common_components,income,3104,51,0.0177382765113,0.017753399208,0.0235549655309,1.87998318788,0.362920338498,0.951353092784,0.991301546392
1 km,C_dimension_specific,education,3104,51,0.0242416485221,0.0241729431787,0.0315771165191,2.85798145348,0.507556811152,0.839884020619,0.961662371134
1 km,C_dimension_specific,health,3104,51,0.0222240711788,0.0226189945212,0.0304878517633,2.57468431977,0.413723577615,0.878865979381,0.969072164948
1 km,C_dimension_specific,income,3104,51,0.0177316454979,0.0177389088202,0.0235121277344,1.87830341193,0.365235457377,0.951675257732,0.99162371134
100 m,B_common_components,education,3104,51,0.0241338431598,0.0240006200624,0.0313534876632,2.8379131777,0.514507069354,0.839884020619,0.962628865979
100 m,B_common_components,health,3104,51,0.0218166124741,0.0219412274576,0.0294970977672,2.49770803378,0.451208525482,0.888208762887,0.973260309278
100 m,B_common_components,income,3104,51,0.0182379158896,0.017896366269,0.0236707771502,1.89417596651,0.356640337321,0.951353092784,0.990979381443
100 m,C_dimension_specific,education,3104,51,0.0241087024294,0.0239668930995,0.0313219800274,2.83411686667,0.515482338747,0.840850515464,0.961984536082
100 m,C_dimension_specific,health,3104,51,0.0218076615226,0.0219973985769,0.0295697659814,2.50398554425,0.448501220511,0.885953608247,0.973582474227
100 m,C_dimension_specific,income,3104,51,0.0181367669438,0.0178804605475,0.0236628577912,1.89255240247,0.357070753593,0.951030927835,0.990979381443
