division,N,groups,group_equal_MAE,unit_equal_MAE,RMSE,MAPE_pct,R2,within_5pct,within_8pct
Pacific,163,1,0.0236470762615,0.0236470762615,0.0320837812216,2.59299793393,-0.00744603155183,0.883435582822,0.950920245399
West South Central,462,1,0.019470894556,0.019470894556,0.0255618902756,2.21692333539,0.01844064904,0.91341991342,0.987012987013
Mountain,271,1,0.0192035572577,0.0192035572577,0.0250355312554,2.1414312905,0.373939621998,0.922509225092,0.981549815498
South Atlantic,588,1,0.0193436873139,0.0193436873139,0.0249660713172,2.1805930688,0.479176251622,0.925170068027,0.989795918367
West North Central,603,1,0.0198900340518,0.0198900340518,0.0246980702423,2.20147427889,0.182944010571,0.941956882255,0.995024875622
East South Central,363,1,0.0148985436145,0.0148985436145,0.0192963576215,1.72445642548,0.468369777106,0.955922865014,1
New England,67,1,0.0175161653366,0.0175161653366,0.0217706711825,1.86292270063,0.202838134095,0.970149253731,1
East North Central,437,1,0.0161752958215,0.0161752958215,0.019793637698,1.80506428998,0.401122707345,0.986270022883,1
Middle Atlantic,150,1,0.0153814402705,0.0153814402705,0.0194574503389,1.67884460975,0.496690983106,0.986666666667,1
