country,method,n,threshold_pct,within_threshold_n,within_threshold_pct,rank,best_at_threshold
China,A,240,3.0,193,80.41666666666667,3,False
China,B,240,3.0,200,83.33333333333333,2,False
China,C,240,3.0,209,87.08333333333333,1,True
China,A,240,5.0,228,95.0,3,False
China,B,240,5.0,233,97.08333333333333,2,False
China,C,240,5.0,236,98.33333333333333,1,True
China,A,240,8.0,239,99.58333333333333,3,False
China,B,240,8.0,240,100.0,1,True
China,C,240,8.0,240,100.0,1,True
China,A,240,10.0,240,100.0,1,True
China,B,240,10.0,240,100.0,1,True
China,C,240,10.0,240,100.0,1,True
Indonesia,A,443,3.0,256,57.78781038374718,3,False
Indonesia,B,443,3.0,268,60.496613995485326,1,True
Indonesia,C,443,3.0,261,58.91647855530474,2,False
Indonesia,A,443,5.0,362,81.7155756207675,3,False
Indonesia,B,443,5.0,363,81.941309255079,2,False
Indonesia,C,443,5.0,367,82.84424379232506,1,True
Indonesia,A,443,8.0,431,97.29119638826185,2,False
Indonesia,B,443,8.0,434,97.96839729119638,1,True
Indonesia,C,443,8.0,431,97.29119638826185,2,False
Indonesia,A,443,10.0,439,99.09706546275395,1,True
Indonesia,B,443,10.0,439,99.09706546275395,1,True
Indonesia,C,443,10.0,439,99.09706546275395,1,True
United States,A,3104,3.0,2526,81.37886597938144,1,True
United States,B,3104,3.0,2526,81.37886597938144,1,True
United States,C,3104,3.0,2520,81.18556701030928,3,False
United States,A,3104,5.0,2964,95.48969072164948,3,False
United States,B,3104,5.0,2966,95.55412371134021,1,True
United States,C,3104,5.0,2965,95.52190721649484,2,False
United States,A,3104,8.0,3084,99.35567010309278,2,False
United States,B,3104,8.0,3086,99.4201030927835,1,True
United States,C,3104,8.0,3084,99.35567010309278,2,False
United States,A,3104,10.0,3097,99.77448453608247,1,True
United States,B,3104,10.0,3097,99.77448453608247,1,True
United States,C,3104,10.0,3097,99.77448453608247,1,True
