contrast,metric,estimate,bootstrap_95_lo,bootstrap_95_hi,signflip_p_two_sided,leave_one_state_out_min,leave_one_state_out_max,states_positive,states_zero,states_negative,n_counties,n_outer_groups,replicates,seed,holm_p_12_tests
EO_added_to_population_economy,P3,13.981958762886597,10.585045512964491,17.582417582417584,4.999750012499375e-05,13.22505800464037,14.870538838348496,45,3,3,3104,51,20000,20260928,0.000599970001499925
EO_added_to_population_economy,P5,4.381443298969073,2.8698784879769006,5.898812091373076,4.999750012499375e-05,4.035726099900761,4.809879753006175,40,7,4,3104,51,20000,20260928,0.000599970001499925
EO_added_to_population_economy,P8,0.3865979381443299,-0.1914263344948723,0.8965625029290184,0.2405879706014699,0.23458445040214476,0.5264889766370516,10,38,3,3104,51,20000,20260928,0.9623518824058797
EO_added_to_population_economy,P10,0.06443298969072164,-0.1477677848966908,0.2509444041410667,0.767911604419779,0.032520325203252036,0.1316222441592629,5,44,2,3104,51,20000,20260928,1.0
EO_added_to_population_economy,MAE_gain,0.005032457778352448,0.003775243710700086,0.006355482885408394,4.999750012499375e-05,0.004750405546031488,0.005292922426484254,47,0,4,3104,51,20000,20260928,0.000599970001499925
EO_added_to_population_economy,MSE_gain,0.00026175371680084886,0.00018801958899871906,0.00033247263201868624,4.999750012499375e-05,0.0002487565888709025,0.0002796662660015625,48,0,3,3104,51,20000,20260928,0.000599970001499925
EO_added_to_all_traditional_blocks,P3,14.49742268041237,10.982827998535646,18.256522908048648,4.999750012499375e-05,13.722240636393769,15.29041287613716,41,9,1,3104,51,20000,20260928,0.000599970001499925
EO_added_to_all_traditional_blocks,P5,4.542525773195877,2.930001528627839,6.161145248561412,4.999750012499375e-05,4.168044988422097,5.004874878128047,38,9,4,3104,51,20000,20260928,0.000599970001499925
EO_added_to_all_traditional_blocks,P8,0.3865979381443299,-0.2632618175070414,0.9705917077741234,0.3088845557722114,0.2099370188943317,0.5264889766370516,10,38,3,3104,51,20000,20260928,0.9623518824058797
EO_added_to_all_traditional_blocks,P10,0.03221649484536082,-0.18518947585212645,0.23163587691612975,1.0,0.0,0.09871668311944719,5,43,3,3104,51,20000,20260928,1.0
EO_added_to_all_traditional_blocks,MAE_gain,0.00515856289723389,0.0038197163371626167,0.006577043592791163,4.999750012499375e-05,0.004855909452766654,0.005416693378660706,47,0,4,3104,51,20000,20260928,0.000599970001499925
EO_added_to_all_traditional_blocks,MSE_gain,0.0002698914023162585,0.00019327016939896686,0.00034797975837794627,4.999750012499375e-05,0.0002557017056178871,0.00028995208519391123,48,0,3,3104,51,20000,20260928,0.000599970001499925
