contrast,metric,estimate,bootstrap_95_lo,bootstrap_95_hi,signflip_p_two_sided,n_outer_groups,replicates,seed,leave_one_group_out_min,leave_one_group_out_max,groups_positive,groups_zero,groups_negative,n_units,country,holm_p_36_tests
all_tabular,P3,-0.41666666666666669,-5.6768558951965069,5.6339351900878842,1,24,20000,20260928,-2.2123893805309733,0.44642857142857145,5,12,7,240,China,1
all_tabular,P5,-2.0833333333333335,-4.5248868778280542,0.44247787610619471,0.23958802059897005,24,20000,20260928,-2.6315789473684212,-1.3698630136986301,2,16,6,240,China,1
all_tabular,P8,0.41666666666666669,0,1.4354066985645932,1,24,20000,20260928,0,0.45662100456621002,1,23,0,240,China,1
all_tabular,P10,0,0,0,1,24,20000,20260928,0,0,0,24,0,240,China,1
all_tabular,MAE_gain,-0.00023959001753632764,-0.0020019361762588319,0.0016727063449722629,0.80365981700914957,24,20000,20260928,-0.00079212931992722071,9.0821241701106127e-05,10,0,14,240,China,1
all_tabular,MSE_gain,-1.392824797419848e-05,-8.1681761868689805e-05,6.3523486479114677e-05,0.7170641467926604,24,20000,20260928,-3.2380972146613777e-05,1.0094986667072834e-07,12,0,12,240,China,1
population_economy,P3,-0.83333333333333337,-6.666666666666667,5.5555555555555554,0.89660516974151294,24,20000,20260928,-2.5641025641025643,0.44642857142857145,6,10,8,240,China,1
population_economy,P5,0.41666666666666669,-1.5748031496062993,2.8846153846153846,1,24,20000,20260928,0,0.91324200913242004,4,17,3,240,China,1
population_economy,P8,0.41666666666666669,0,1.4563106796116505,1,24,20000,20260928,0,0.45662100456621002,1,23,0,240,China,1
population_economy,P10,0,0,0,1,24,20000,20260928,0,0,0,24,0,240,China,1
population_economy,MAE_gain,-0.00019753073834617672,-0.0018263690669790523,0.0015692340457023959,0.82630868456577167,24,20000,20260928,-0.0006573407882549617,0.00010009442573799689,11,0,13,240,China,1
population_economy,MSE_gain,-6.8295217522051054e-06,-7.1486619945163957e-05,7.1046154079934992e-05,0.86075696215189246,24,20000,20260928,-2.3204552645052039e-05,5.3112397597618375e-06,12,0,12,240,China,1
all_tabular,P3,1.8058690744920993,-3.9106486730136183,7.4866633082745588,0.60091995400229992,34,20000,20260928,0.46082949308755761,3.4965034965034967,14,7,13,443,Indonesia,1
all_tabular,P5,3.8374717832957113,0,7.5999999999999996,0.092295385230738464,34,20000,20260928,2.6442307692307692,4.4289044289044286,15,10,9,443,Indonesia,1
all_tabular,P8,2.2573363431151243,0.46511627906976744,4.2129604894077328,0.043847807609619517,34,20000,20260928,1.7241379310344827,2.5761124121779861,9,23,2,443,Indonesia,1
all_tabular,P10,0.90293453724604966,-0.42646201228290775,2.2901160941475789,0.36293185340732964,34,20000,20260928,0.49261083743842365,1.1709601873536299,5,27,2,443,Indonesia,1
all_tabular,MAE_gain,0.0022442040521467263,0.00052034609831566061,0.0038375138049644001,0.017949102544872756,34,20000,20260928,0.0019710265524101388,0.002699666454571095,23,0,11,443,Indonesia,0.44872756362181893
all_tabular,MSE_gain,0.00018459808513319334,7.583814822372339e-05,0.00029268713565196484,0.0026498675066246686,34,20000,20260928,0.00016471539578102385,0.00020641821687476501,25,0,9,443,Indonesia,0.071546422678866059
population_economy,P3,1.8058690744920993,-4.448752991509032,8.0097087378640772,0.62326883655817211,34,20000,20260928,0.7142857142857143,3.2634032634032635,13,7,14,443,Indonesia,1
population_economy,P5,6.7720090293453721,1.7199017199017199,11.943871629603525,0.022448877556122192,34,20000,20260928,5.0480769230769234,7.4941451990632322,17,9,8,443,Indonesia,0.53877306134693259
population_economy,P8,2.9345372460496613,0.46726248829052569,5.5961534889767979,0.057647117644117792,34,20000,20260928,2.2988505747126435,3.3333333333333335,10,20,4,443,Indonesia,1
population_economy,P10,1.5801354401805869,-0.22222222222222221,3.5885474174947829,0.19814009299535024,34,20000,20260928,0.98522167487684731,1.873536299765808,5,27,2,443,Indonesia,1
population_economy,MAE_gain,0.0030570021476636552,0.0012756607627945882,0.0046507770743411366,0.0037998100094995251,34,20000,20260928,0.002814746306570113,0.0034902836502377602,24,0,10,443,Indonesia,0.098795060246987657
population_economy,MSE_gain,0.0002281060351941866,0.00010156310154527156,0.00035202123621858045,0.0018499075046247689,34,20000,20260928,0.00020147098246101687,0.00025205064416439227,23,0,11,443,Indonesia,0.051797410129493529
all_tabular,P3,14.49742268041237,10.985303432393039,18.204354211320155,4.9997500124993749e-05,51,20000,20260928,13.722240636393769,15.290412876137159,41,9,1,3104,USA,0.001799910004499775
all_tabular,P5,4.5425257731958766,2.9134429516420464,6.1670155231320276,9.9995000249987497e-05,51,20000,20260928,4.1680449884220971,5.0048748781280468,38,9,4,3104,USA,0.0028998550072496373
all_tabular,P8,0.38659793814432991,-0.27077211541152435,0.97088653087857724,0.31208439578021097,51,20000,20260928,0.2099370188943317,0.52648897663705163,10,38,3,3104,USA,1
all_tabular,P10,0.032216494845360821,-0.19108432439232748,0.23316841526614626,1,51,20000,20260928,0,0.098716683119447188,5,43,3,3104,USA,1
all_tabular,MAE_gain,0.0051585628972338898,0.003821315128349395,0.0065323925384846307,4.9997500124993749e-05,51,20000,20260928,0.0048559094527666543,0.0054166933786607063,47,0,4,3104,USA,0.001799910004499775
all_tabular,MSE_gain,0.00026989140231625851,0.00019107359194147594,0.00034735019244999649,4.9997500124993749e-05,51,20000,20260928,0.00025570170561788709,0.00028995208519391123,48,0,3,3104,USA,0.001799910004499775
population_economy,P3,13.981958762886597,10.604646230486571,17.682293736628804,4.9997500124993749e-05,51,20000,20260928,13.225058004640371,14.870538838348496,45,3,3,3104,USA,0.001799910004499775
population_economy,P5,4.3814432989690726,2.8571196735753697,5.9016423489255327,4.9997500124993749e-05,51,20000,20260928,4.0357260999007609,4.8098797530061752,40,7,4,3104,USA,0.001799910004499775
population_economy,P8,0.38659793814432991,-0.17992083483267363,0.8977705550302163,0.24493775311234439,51,20000,20260928,0.23458445040214476,0.52648897663705163,10,38,3,3104,USA,1
population_economy,P10,0.064432989690721643,-0.14881395794312957,0.24946709861988087,0.76481175941202939,51,20000,20260928,0.032520325203252036,0.13162224415926291,5,44,2,3104,USA,1
population_economy,MAE_gain,0.0050324577783524482,0.0037773836588542433,0.0063613485146763295,4.9997500124993749e-05,51,20000,20260928,0.0047504055460314883,0.0052929224264842544,47,0,4,3104,USA,0.001799910004499775
population_economy,MSE_gain,0.00026175371680084886,0.00019043045452611646,0.0003339728627448585,4.9997500124993749e-05,51,20000,20260928,0.00024875658887090249,0.00027966626600156249,48,0,3,3104,USA,0.001799910004499775
