country,metric,estimate_full_minus_no_EO,bootstrap_95_lo,bootstrap_95_hi,signflip_p_two_sided,groups_positive,groups_zero,groups_negative,leave_one_group_out_min,leave_one_group_out_max,n_units,n_outer_groups,replicates,seed,holm_p_six_tests,holm_p_18_tests
China,P3,3.75,0,8.2126035196687326,0.13449327533623309,8,13,3,2.192982456140351,4.4642857142857135,240,24,20000,20260928,0.40347982600869953,0.94145292735363162
China,P5,2.9166666666666665,0.9009009009009008,5.5555555555555554,0.031348432578370999,6,18,0,2.1367521367521367,3.1531531531531534,240,24,20000,20260928,0.15674216289185541,0.31348432578370999
China,P8,0.83333333333333326,0,2.912621359223301,1,1,23,0,0,0.91324200913242004,240,24,20000,20260928,1,1
China,P10,0,0,0,1,0,24,0,0,0,240,24,20000,20260928,1,1
China,MAE_gain,0.0015886136937033001,0.00030357248932369999,0.0029109573544524999,0.034848257587120603,16,0,8,0.0013101357111821,0.0018449678146118,240,24,20000,20260928,0.15674216289185541,0.31363431828408544
China,MSE_gain,6.837957861239311e-05,1.7458147491299533e-05,0.0001319396055151,0.023398830058497001,14,0,10,5.0432603084042335e-05,7.5982199635382653e-05,240,24,20000,20260928,0.14039298035098241,0.27898605069746402
Indonesia,P3,3.6117381489841991,-2.7227963555110377,10.582099957099947,0.33573321333933298,15,9,10,1.6666666666666667,5.3613053613053614,443,34,20000,20260928,0.67146642667866596,1
Indonesia,P5,5.4176072234762973,1.0752111311089574,9.7112860892388451,0.036548172591370401,15,12,7,4.5673076923076925,6.2937062937062924,443,34,20000,20260928,0.1096445177741112,0.31363431828408544
Indonesia,P8,2.7088036117381487,0.78740157480314965,4.8828228669055189,0.023248837558122001,10,22,2,2.2167487684729066,3.0162412993039438,443,34,20000,20260928,0.092995350232488297,0.27898605069746402
Indonesia,P10,0.45146726862302478,-0.41753653444676397,1.344116157963255,0.62881855907204642,3,30,1,0.2288329519450801,0.72463768115942018,443,34,20000,20260928,0.67146642667866596,1
Indonesia,MAE_gain,0.0024333706996914001,0.00068525228575010003,0.0041004590195632996,0.0123493825308734,23,0,11,0.0020806070051428999,0.0029133473088724998,443,34,20000,20260928,0.0617469126543672,0.16054197290135419
Indonesia,MSE_gain,0.00018849717959160001,7.7421610024268732e-05,0.00030209778074349999,0.0023998800059996002,22,0,12,0.00016515798296410001,0.00021223704403459999,443,34,20000,20260928,0.0143992800359982,0.033598320083994403
USA (1 km),P3,13.240979381443299,9.4940392567482448,17.246683672189157,4.9997500124993749e-05,44,5,2,12.429565793834936,14.2407277816655,3104,51,20000,20260928,0.00029998500074989999,0.00089995500224988748
USA (1 km),P5,4.1559278350515454,2.6105116602854159,5.7366372668827372,4.9997500124993749e-05,38,8,5,3.8041680449884225,4.5498862528436792,3104,51,20000,20260928,0.00029998500074989999,0.00089995500224988748
USA (1 km),P8,0.38659793814432991,-0.2313030069390902,0.94787070229587522,0.28848557572121392,9,39,3,0.2099370188943317,0.5199870003249919,3104,51,20000,20260928,0.57697115144242783,1
USA (1 km),P10,0,-0.24682651622002821,0.2296625624932139,1,4,43,4,-0.067317401548300196,0.065811122079631398,3104,51,20000,20260928,1,1
USA (1 km),MAE_gain,0.0047971347327457996,0.0034606584419389999,0.0061900045510738001,4.9997500124993749e-05,47,0,4,0.0045030706944444001,0.0050668309736497004,3104,51,20000,20260928,0.00029998500074989999,0.00089995500224988748
USA (1 km),MSE_gain,0.00025059783907159999,0.00017373673315260001,0.000326980183237,4.9997500124993749e-05,48,0,3,0.0002367278899191,0.0002696888274056,3104,51,20000,20260928,0.00029998500074989999,0.00089995500224988748
