comparator,metric,contrast_direction,estimate,bootstrap_95_lo,bootstrap_95_hi,leave_one_province_out_min,leave_one_province_out_max,signflip_p_two_sided,n_units,n_provinces,replicates,seed,holm_p_12_tests
FT-Transformer,P3,C_minus_neural_percentage_points,15.4166666667,9.13242009132,20.7142857143,13.963963964,17.2566371681,0.000749962501875,240,24,20000,20260928,0.00749962501875
FT-Transformer,P5,C_minus_neural_percentage_points,6.25,2.53623188406,10.3846153846,4.82456140351,7.14285714286,0.007199640018,240,24,20000,20260928,0.064796760162
FT-Transformer,P8,C_minus_neural_percentage_points,2.08333333333,0.395256916996,4.46104952204,1.31578947368,2.25225225225,0.123043847808,240,24,20000,20260928,0.615219239038
FT-Transformer,P10,C_minus_neural_percentage_points,1.25,0,2.99145299145,0.836820083682,1.3698630137,0.250237488126,240,24,20000,20260928,0.750712464377
FT-Transformer,MAE,neural_error_minus_C_error,0.00608276174268,0.00421804305581,0.00783567513952,0.00576034666848,0.00654765125908,4.9997500125e-05,240,24,20000,20260928,0.0005999700015
FT-Transformer,MSE,neural_error_minus_C_error,0.00032077828255,0.000193815745616,0.000475576194528,0.000279684219966,0.000343968639705,4.9997500125e-05,240,24,20000,20260928,0.0005999700015
Residual MLP,P3,C_minus_neural_percentage_points,12.5,3.46120689655,22.321532392,9.00900900901,14.1025641026,0.0246487675616,240,24,20000,20260928,0.14789260537
Residual MLP,P5,C_minus_neural_percentage_points,3.33333333333,0,7.16984890626,1.8018018018,4.01785714286,0.178841057947,240,24,20000,20260928,0.715364231788
Residual MLP,P8,C_minus_neural_percentage_points,1.25,0,3.44827586207,0.425531914894,1.3698630137,0.501724913754,240,24,20000,20260928,1
Residual MLP,P10,C_minus_neural_percentage_points,0.416666666667,0,1.47058823529,0,0.456621004566,1,240,24,20000,20260928,1
Residual MLP,MAE,neural_error_minus_C_error,0.00428284310303,0.00125724529594,0.00771882861188,0.00308163827575,0.00480409810968,0.0133993300335,240,24,20000,20260928,0.107194640268
Residual MLP,MSE,neural_error_minus_C_error,0.000211041083603,4.81002763499e-05,0.000418544447625,0.000146898961316,0.000233746713692,0.0158492075396,240,24,20000,20260928,0.110944452777
