country,outer_group,method,penalty,inner_group_equal_MAE,selected
China,130000,P3_weighted_geometric,0,0.0155722636322,False
China,130000,P3_weighted_geometric,0.0001,0.015572520138,False
China,130000,P3_weighted_geometric,0.001,0.0155733478939,False
China,130000,P3_weighted_geometric,0.01,0.0155531112262,True
China,130000,P4_constrained_interactions,0,0.0155600612251,False
China,130000,P4_constrained_interactions,0.0001,0.0155533211336,False
China,130000,P4_constrained_interactions,0.001,0.0155646062833,False
China,130000,P4_constrained_interactions,0.01,0.0155111730452,True
China,140000,P3_weighted_geometric,0,0.0160725096666,False
China,140000,P3_weighted_geometric,0.0001,0.0160722577769,False
China,140000,P3_weighted_geometric,0.001,0.0160698540592,False
China,140000,P3_weighted_geometric,0.01,0.0160142357816,True
China,140000,P4_constrained_interactions,0,0.0160758640679,False
China,140000,P4_constrained_interactions,0.0001,0.0160526513329,False
China,140000,P4_constrained_interactions,0.001,0.016035661991,False
China,140000,P4_constrained_interactions,0.01,0.0157681017146,True
China,150000,P3_weighted_geometric,0,0.0157812234694,False
China,150000,P3_weighted_geometric,0.0001,0.0157804204311,False
China,150000,P3_weighted_geometric,0.001,0.0157416215573,False
China,150000,P3_weighted_geometric,0.01,0.0156703256207,True
China,150000,P4_constrained_interactions,0,0.0158174591359,False
China,150000,P4_constrained_interactions,0.0001,0.0157715436972,False
China,150000,P4_constrained_interactions,0.001,0.0157001188449,False
China,150000,P4_constrained_interactions,0.01,0.0154624335871,True
China,210000,P3_weighted_geometric,0,0.0156666181428,False
China,210000,P3_weighted_geometric,0.0001,0.015668473559,False
China,210000,P3_weighted_geometric,0.001,0.0156704598088,False
China,210000,P3_weighted_geometric,0.01,0.0155907768995,True
China,210000,P4_constrained_interactions,0,0.0156002391154,False
China,210000,P4_constrained_interactions,0.0001,0.0155836995516,False
China,210000,P4_constrained_interactions,0.001,0.0156093950353,False
China,210000,P4_constrained_interactions,0.01,0.015445526836,True
China,220000,P3_weighted_geometric,0,0.0159959101032,False
China,220000,P3_weighted_geometric,0.0001,0.0159950042943,False
China,220000,P3_weighted_geometric,0.001,0.0159893633107,False
China,220000,P3_weighted_geometric,0.01,0.0157791068734,True
China,220000,P4_constrained_interactions,0,0.0159381823335,False
China,220000,P4_constrained_interactions,0.0001,0.0160090809647,False
China,220000,P4_constrained_interactions,0.001,0.0158057197213,False
China,220000,P4_constrained_interactions,0.01,0.0154948330286,True
China,230000,P3_weighted_geometric,0,0.0155108516354,False
China,230000,P3_weighted_geometric,0.0001,0.015509969158,False
China,230000,P3_weighted_geometric,0.001,0.015446477025,False
China,230000,P3_weighted_geometric,0.01,0.0152938486416,True
China,230000,P4_constrained_interactions,0,0.0156222669856,False
China,230000,P4_constrained_interactions,0.0001,0.0155200030217,False
China,230000,P4_constrained_interactions,0.001,0.0154016105652,False
China,230000,P4_constrained_interactions,0.01,0.0151339209381,True
China,350000,P3_weighted_geometric,0,0.015165131556,False
China,350000,P3_weighted_geometric,0.0001,0.0151651187382,False
China,350000,P3_weighted_geometric,0.001,0.0151681067327,False
China,350000,P3_weighted_geometric,0.01,0.0150887907647,True
China,350000,P4_constrained_interactions,0,0.0152369485557,False
China,350000,P4_constrained_interactions,0.0001,0.0151696365843,False
China,350000,P4_constrained_interactions,0.001,0.0151395518797,False
China,350000,P4_constrained_interactions,0.01,0.0149941796353,True
China,360000,P3_weighted_geometric,0,0.0152404033586,True
China,360000,P3_weighted_geometric,0.0001,0.0152407958767,False
China,360000,P3_weighted_geometric,0.001,0.0152409479186,False
China,360000,P3_weighted_geometric,0.01,0.0152803109646,False
China,360000,P4_constrained_interactions,0,0.0153868697447,False
China,360000,P4_constrained_interactions,0.0001,0.0152661005313,False
China,360000,P4_constrained_interactions,0.001,0.0152562963872,True
China,360000,P4_constrained_interactions,0.01,0.0153815015485,False
China,370000,P3_weighted_geometric,0,0.0153694258323,False
China,370000,P3_weighted_geometric,0.0001,0.0153695109924,False
China,370000,P3_weighted_geometric,0.001,0.0153700053446,False
China,370000,P3_weighted_geometric,0.01,0.0153313018332,True
China,370000,P4_constrained_interactions,0,0.0155902833681,False
China,370000,P4_constrained_interactions,0.0001,0.0154142481042,False
China,370000,P4_constrained_interactions,0.001,0.0153707063901,True
China,370000,P4_constrained_interactions,0.01,0.015380021067,False
China,410000,P3_weighted_geometric,0,0.014919650144,False
China,410000,P3_weighted_geometric,0.0001,0.014919613195,False
China,410000,P3_weighted_geometric,0.001,0.0149193529157,False
China,410000,P3_weighted_geometric,0.01,0.0148743527391,True
China,410000,P4_constrained_interactions,0,0.0149370760051,False
China,410000,P4_constrained_interactions,0.0001,0.0149271575341,False
China,410000,P4_constrained_interactions,0.001,0.0148808519338,False
China,410000,P4_constrained_interactions,0.01,0.0148156113061,True
China,420000,P3_weighted_geometric,0,0.0147394297256,False
China,420000,P3_weighted_geometric,0.0001,0.0147406439957,False
China,420000,P3_weighted_geometric,0.001,0.0147387887562,False
China,420000,P3_weighted_geometric,0.01,0.0146800851431,True
China,420000,P4_constrained_interactions,0,0.0147429902643,False
China,420000,P4_constrained_interactions,0.0001,0.0147412247206,False
China,420000,P4_constrained_interactions,0.001,0.014686641178,True
China,420000,P4_constrained_interactions,0.01,0.0147701481759,False
China,430000,P3_weighted_geometric,0,0.01501732141,False
China,430000,P3_weighted_geometric,0.0001,0.0150172496246,False
China,430000,P3_weighted_geometric,0.001,0.0150087112106,False
China,430000,P3_weighted_geometric,0.01,0.0149829805673,True
China,430000,P4_constrained_interactions,0,0.0150885331758,False
China,430000,P4_constrained_interactions,0.0001,0.0150150721686,False
China,430000,P4_constrained_interactions,0.001,0.0149775899339,False
China,430000,P4_constrained_interactions,0.01,0.014886037706,True
China,440000,P3_weighted_geometric,0,0.0137617446918,False
China,440000,P3_weighted_geometric,0.0001,0.0137617258453,False
China,440000,P3_weighted_geometric,0.001,0.0137613388886,False
China,440000,P3_weighted_geometric,0.01,0.0137573738537,True
China,440000,P4_constrained_interactions,0,0.0137823928646,False
China,440000,P4_constrained_interactions,0.0001,0.0137756265649,False
China,440000,P4_constrained_interactions,0.001,0.0137629171783,False
China,440000,P4_constrained_interactions,0.01,0.0136991597756,True
China,450000,P3_weighted_geometric,0,0.0143733886253,False
China,450000,P3_weighted_geometric,0.0001,0.0143727484208,False
China,450000,P3_weighted_geometric,0.001,0.0143711553505,True
China,450000,P3_weighted_geometric,0.01,0.0144185990456,False
China,450000,P4_constrained_interactions,0,0.0144617048296,False
China,450000,P4_constrained_interactions,0.0001,0.0143769674982,True
China,450000,P4_constrained_interactions,0.001,0.0143983830168,False
China,450000,P4_constrained_interactions,0.01,0.0143972753578,False
China,460000,P3_weighted_geometric,0,0.0146577667358,False
China,460000,P3_weighted_geometric,0.0001,0.0146571871932,False
China,460000,P3_weighted_geometric,0.001,0.0146444095056,False
China,460000,P3_weighted_geometric,0.01,0.0146198742737,True
China,460000,P4_constrained_interactions,0,0.0146779270522,False
China,460000,P4_constrained_interactions,0.0001,0.0146606704046,False
China,460000,P4_constrained_interactions,0.001,0.0146332776205,False
China,460000,P4_constrained_interactions,0.01,0.0145997685032,True
China,510000,P3_weighted_geometric,0,0.01502351707,False
China,510000,P3_weighted_geometric,0.0001,0.015023274381,False
China,510000,P3_weighted_geometric,0.001,0.0150036919118,False
China,510000,P3_weighted_geometric,0.01,0.0149576990312,True
China,510000,P4_constrained_interactions,0,0.015139639055,False
China,510000,P4_constrained_interactions,0.0001,0.0150372865984,False
China,510000,P4_constrained_interactions,0.001,0.014994768655,False
China,510000,P4_constrained_interactions,0.01,0.014933488478,True
China,520000,P3_weighted_geometric,0,0.0148059266275,False
China,520000,P3_weighted_geometric,0.0001,0.0148023120457,False
China,520000,P3_weighted_geometric,0.001,0.0147436760271,True
China,520000,P3_weighted_geometric,0.01,0.0147576829897,False
China,520000,P4_constrained_interactions,0,0.0148390387271,False
China,520000,P4_constrained_interactions,0.0001,0.0147795857421,False
China,520000,P4_constrained_interactions,0.001,0.0147573811354,False
China,520000,P4_constrained_interactions,0.01,0.0146615524947,True
China,530000,P3_weighted_geometric,0,0.0150348524547,False
China,530000,P3_weighted_geometric,0.0001,0.0150347803691,False
China,530000,P3_weighted_geometric,0.001,0.0150324850053,False
China,530000,P3_weighted_geometric,0.01,0.0150050052599,True
China,530000,P4_constrained_interactions,0,0.015154048979,False
China,530000,P4_constrained_interactions,0.0001,0.0150431625109,False
China,530000,P4_constrained_interactions,0.001,0.01502704085,False
China,530000,P4_constrained_interactions,0.01,0.0148729698631,True
China,540000,P3_weighted_geometric,0,0.0150235823338,False
China,540000,P3_weighted_geometric,0.0001,0.0150234785105,False
China,540000,P3_weighted_geometric,0.001,0.0150226676671,False
China,540000,P3_weighted_geometric,0.01,0.0149407507818,True
China,540000,P4_constrained_interactions,0,0.0149288359455,False
China,540000,P4_constrained_interactions,0.0001,0.0150081569158,False
China,540000,P4_constrained_interactions,0.001,0.0149723774578,False
China,540000,P4_constrained_interactions,0.01,0.0148721414302,True
China,610000,P3_weighted_geometric,0,0.0147904509785,False
China,610000,P3_weighted_geometric,0.0001,0.0147892765717,False
China,610000,P3_weighted_geometric,0.001,0.014778333588,False
China,610000,P3_weighted_geometric,0.01,0.0147432363116,True
China,610000,P4_constrained_interactions,0,0.0147802134925,False
China,610000,P4_constrained_interactions,0.0001,0.014816029247,False
China,610000,P4_constrained_interactions,0.001,0.0147472630562,False
China,610000,P4_constrained_interactions,0.01,0.0146515913038,True
China,620000,P3_weighted_geometric,0,0.0153039244098,False
China,620000,P3_weighted_geometric,0.0001,0.0153040667972,False
China,620000,P3_weighted_geometric,0.001,0.0153071054444,False
China,620000,P3_weighted_geometric,0.01,0.0151501031656,True
China,620000,P4_constrained_interactions,0,0.0153525468927,False
China,620000,P4_constrained_interactions,0.0001,0.0153192660521,False
China,620000,P4_constrained_interactions,0.001,0.0151740429873,False
China,620000,P4_constrained_interactions,0.01,0.0151627710448,True
China,630000,P3_weighted_geometric,0,0.0150047444615,False
China,630000,P3_weighted_geometric,0.0001,0.0150047534486,False
China,630000,P3_weighted_geometric,0.001,0.0150047874034,False
China,630000,P3_weighted_geometric,0.01,0.0149976577691,True
China,630000,P4_constrained_interactions,0,0.0150739495128,False
China,630000,P4_constrained_interactions,0.0001,0.0150177582227,False
China,630000,P4_constrained_interactions,0.001,0.0150122129635,False
China,630000,P4_constrained_interactions,0.01,0.0149009396271,True
China,640000,P3_weighted_geometric,0,0.0149215072104,False
China,640000,P3_weighted_geometric,0.0001,0.0149214303484,False
China,640000,P3_weighted_geometric,0.001,0.0148979908311,False
China,640000,P3_weighted_geometric,0.01,0.0148186504603,True
China,640000,P4_constrained_interactions,0,0.0149207704729,False
China,640000,P4_constrained_interactions,0.0001,0.0149327289297,False
China,640000,P4_constrained_interactions,0.001,0.0148852586006,False
China,640000,P4_constrained_interactions,0.01,0.0147357302365,True
China,650000,P3_weighted_geometric,0,0.0131719541758,False
China,650000,P3_weighted_geometric,0.0001,0.0131719513654,False
China,650000,P3_weighted_geometric,0.001,0.0131605751226,False
China,650000,P3_weighted_geometric,0.01,0.0131585313265,True
China,650000,P4_constrained_interactions,0,0.0131841229395,False
China,650000,P4_constrained_interactions,0.0001,0.013202116187,False
China,650000,P4_constrained_interactions,0.001,0.013166688321,False
China,650000,P4_constrained_interactions,0.01,0.013015934532,True
USA,01,P3_weighted_geometric,0,0.0166408814515,False
USA,01,P3_weighted_geometric,0.0001,0.0166405434008,False
USA,01,P3_weighted_geometric,0.001,0.0166304585056,False
USA,01,P3_weighted_geometric,0.01,0.0166177508129,True
USA,01,P4_constrained_interactions,0,0.016639850676,False
USA,01,P4_constrained_interactions,0.0001,0.0166381228561,False
USA,01,P4_constrained_interactions,0.001,0.0166265618032,True
USA,01,P4_constrained_interactions,0.01,0.0166370367993,False
USA,02,P3_weighted_geometric,0,0.0160101444057,False
USA,02,P3_weighted_geometric,0.0001,0.0160098124664,False
USA,02,P3_weighted_geometric,0.001,0.0160081911886,False
USA,02,P3_weighted_geometric,0.01,0.0159888201103,True
USA,02,P4_constrained_interactions,0,0.0159999195114,False
USA,02,P4_constrained_interactions,0.0001,0.0160083168851,False
USA,02,P4_constrained_interactions,0.001,0.015999250387,False
USA,02,P4_constrained_interactions,0.01,0.0159578184094,True
USA,04,P3_weighted_geometric,0,0.0166181388255,False
USA,04,P3_weighted_geometric,0.0001,0.0166187140381,False
USA,04,P3_weighted_geometric,0.001,0.0166229751198,False
USA,04,P3_weighted_geometric,0.01,0.0165981085871,True
USA,04,P4_constrained_interactions,0,0.0166176215651,False
USA,04,P4_constrained_interactions,0.0001,0.0166257073123,False
USA,04,P4_constrained_interactions,0.001,0.016608635465,False
USA,04,P4_constrained_interactions,0.01,0.0165948908155,True
USA,05,P3_weighted_geometric,0,0.0163987282029,False
USA,05,P3_weighted_geometric,0.0001,0.0163983200831,True
USA,05,P3_weighted_geometric,0.001,0.0164060030431,False
USA,05,P3_weighted_geometric,0.01,0.0164073079492,False
USA,05,P4_constrained_interactions,0,0.0164077764532,False
USA,05,P4_constrained_interactions,0.0001,0.0164107955106,False
USA,05,P4_constrained_interactions,0.001,0.0164117912254,False
USA,05,P4_constrained_interactions,0.01,0.0164003232165,True
USA,06,P3_weighted_geometric,0,0.0167008330711,True
USA,06,P3_weighted_geometric,0.0001,0.0167029052746,False
USA,06,P3_weighted_geometric,0.001,0.0167085070377,False
USA,06,P3_weighted_geometric,0.01,0.0167036517358,False
USA,06,P4_constrained_interactions,0,0.0167063493207,False
USA,06,P4_constrained_interactions,0.0001,0.0167148867903,False
USA,06,P4_constrained_interactions,0.001,0.0167104287481,False
USA,06,P4_constrained_interactions,0.01,0.0166927568455,True
USA,08,P3_weighted_geometric,0,0.0163373853868,False
USA,08,P3_weighted_geometric,0.0001,0.0163330887488,False
USA,08,P3_weighted_geometric,0.001,0.0163076670393,False
USA,08,P3_weighted_geometric,0.01,0.0162578637371,True
USA,08,P4_constrained_interactions,0,0.0163285186111,False
USA,08,P4_constrained_interactions,0.0001,0.0163094165984,False
USA,08,P4_constrained_interactions,0.001,0.0162607456906,True
USA,08,P4_constrained_interactions,0.01,0.016270241978,False
USA,09,P3_weighted_geometric,0,0.0167193984932,False
USA,09,P3_weighted_geometric,0.0001,0.0167184828334,False
USA,09,P3_weighted_geometric,0.001,0.0166879462471,False
USA,09,P3_weighted_geometric,0.01,0.0166314159562,True
USA,09,P4_constrained_interactions,0,0.0167135999066,False
USA,09,P4_constrained_interactions,0.0001,0.0166976752063,False
USA,09,P4_constrained_interactions,0.001,0.0166396343191,False
USA,09,P4_constrained_interactions,0.01,0.0166011979801,True
USA,10,P3_weighted_geometric,0,0.0167714507836,False
USA,10,P3_weighted_geometric,0.0001,0.0167711394826,False
USA,10,P3_weighted_geometric,0.001,0.0167486034708,False
USA,10,P3_weighted_geometric,0.01,0.0167304585951,True
USA,10,P4_constrained_interactions,0,0.0167686319159,False
USA,10,P4_constrained_interactions,0.0001,0.0167530266604,False
USA,10,P4_constrained_interactions,0.001,0.0167392561118,False
USA,10,P4_constrained_interactions,0.01,0.0167140358929,True
USA,11,P3_weighted_geometric,0,0.0166981389594,False
USA,11,P3_weighted_geometric,0.0001,0.0166977778947,False
USA,11,P3_weighted_geometric,0.001,0.016688819232,False
USA,11,P3_weighted_geometric,0.01,0.0166600711339,True
USA,11,P4_constrained_interactions,0,0.016691337713,False
USA,11,P4_constrained_interactions,0.0001,0.0166965971564,False
USA,11,P4_constrained_interactions,0.001,0.0166650812923,False
USA,11,P4_constrained_interactions,0.01,0.0166256959303,True
USA,12,P3_weighted_geometric,0,0.0167053156381,False
USA,12,P3_weighted_geometric,0.0001,0.0167037457006,False
USA,12,P3_weighted_geometric,0.001,0.0167024439473,False
USA,12,P3_weighted_geometric,0.01,0.0166879073124,True
USA,12,P4_constrained_interactions,0,0.0166999174406,False
USA,12,P4_constrained_interactions,0.0001,0.0167042500687,False
USA,12,P4_constrained_interactions,0.001,0.0166943239353,False
USA,12,P4_constrained_interactions,0.01,0.0166896007943,True
USA,13,P3_weighted_geometric,0,0.0166178207299,False
USA,13,P3_weighted_geometric,0.0001,0.0166174408111,False
USA,13,P3_weighted_geometric,0.001,0.0166119018123,False
USA,13,P3_weighted_geometric,0.01,0.0165801343741,True
USA,13,P4_constrained_interactions,0,0.0166037295129,False
USA,13,P4_constrained_interactions,0.0001,0.0166144950136,False
USA,13,P4_constrained_interactions,0.001,0.0165995021558,False
USA,13,P4_constrained_interactions,0.01,0.0165340463231,True
USA,15,P3_weighted_geometric,0,0.0168304560584,False
USA,15,P3_weighted_geometric,0.0001,0.0168276904181,False
USA,15,P3_weighted_geometric,0.001,0.0168013464905,False
USA,15,P3_weighted_geometric,0.01,0.016752273602,True
USA,15,P4_constrained_interactions,0,0.0168283275376,False
USA,15,P4_constrained_interactions,0.0001,0.0168066582948,False
USA,15,P4_constrained_interactions,0.001,0.0167557662191,False
USA,15,P4_constrained_interactions,0.01,0.0167145293412,True
USA,16,P3_weighted_geometric,0,0.0166489479323,False
USA,16,P3_weighted_geometric,0.0001,0.0166485054354,False
USA,16,P3_weighted_geometric,0.001,0.0166431113738,False
USA,16,P3_weighted_geometric,0.01,0.0166306033071,True
USA,16,P4_constrained_interactions,0,0.0166445346095,False
USA,16,P4_constrained_interactions,0.0001,0.0166451725061,False
USA,16,P4_constrained_interactions,0.001,0.0166358618278,False
USA,16,P4_constrained_interactions,0.01,0.0166113634098,True
USA,17,P3_weighted_geometric,0,0.016394951087,False
USA,17,P3_weighted_geometric,0.0001,0.0163946766813,False
USA,17,P3_weighted_geometric,0.001,0.0163929531078,False
USA,17,P3_weighted_geometric,0.01,0.0163850953392,True
USA,17,P4_constrained_interactions,0,0.0163864422032,False
USA,17,P4_constrained_interactions,0.0001,0.0163941023368,False
USA,17,P4_constrained_interactions,0.001,0.0163928870628,False
USA,17,P4_constrained_interactions,0.01,0.0163665937928,True
USA,18,P3_weighted_geometric,0,0.0165284325919,False
USA,18,P3_weighted_geometric,0.0001,0.0165282943311,False
USA,18,P3_weighted_geometric,0.001,0.0165268940116,False
USA,18,P3_weighted_geometric,0.01,0.016515346863,True
USA,18,P4_constrained_interactions,0,0.0165360914106,False
USA,18,P4_constrained_interactions,0.0001,0.0165295578302,False
USA,18,P4_constrained_interactions,0.001,0.0165283135908,False
USA,18,P4_constrained_interactions,0.01,0.0164949167893,True
USA,19,P3_weighted_geometric,0,0.0162895718452,False
USA,19,P3_weighted_geometric,0.0001,0.01628976054,False
USA,19,P3_weighted_geometric,0.001,0.0162863175045,False
USA,19,P3_weighted_geometric,0.01,0.0162626609135,True
USA,19,P4_constrained_interactions,0,0.0162934431859,False
USA,19,P4_constrained_interactions,0.0001,0.0162882636974,False
USA,19,P4_constrained_interactions,0.001,0.0162761484642,False
USA,19,P4_constrained_interactions,0.01,0.0162404812414,True
USA,20,P3_weighted_geometric,0,0.0164865875208,False
USA,20,P3_weighted_geometric,0.0001,0.0164861495325,False
USA,20,P3_weighted_geometric,0.001,0.0164821501632,False
USA,20,P3_weighted_geometric,0.01,0.0164559714405,True
USA,20,P4_constrained_interactions,0,0.0164924664647,False
USA,20,P4_constrained_interactions,0.0001,0.01648285635,False
USA,20,P4_constrained_interactions,0.001,0.016463116189,False
USA,20,P4_constrained_interactions,0.01,0.0164334858047,True
USA,21,P3_weighted_geometric,0,0.016289321645,False
USA,21,P3_weighted_geometric,0.0001,0.0162893000078,False
USA,21,P3_weighted_geometric,0.001,0.0162892864269,False
USA,21,P3_weighted_geometric,0.01,0.016281200516,True
USA,21,P4_constrained_interactions,0,0.0162846015848,False
USA,21,P4_constrained_interactions,0.0001,0.016289251071,False
USA,21,P4_constrained_interactions,0.001,0.0162859017573,False
USA,21,P4_constrained_interactions,0.01,0.0162627911953,True
USA,22,P3_weighted_geometric,0,0.0166639575294,False
USA,22,P3_weighted_geometric,0.0001,0.0166635695096,False
USA,22,P3_weighted_geometric,0.001,0.016658490567,False
USA,22,P3_weighted_geometric,0.01,0.016643109545,True
USA,22,P4_constrained_interactions,0,0.0166615888382,False
USA,22,P4_constrained_interactions,0.0001,0.0166605835549,False
USA,22,P4_constrained_interactions,0.001,0.0166522410295,False
USA,22,P4_constrained_interactions,0.01,0.0166208658498,True
USA,23,P3_weighted_geometric,0,0.0164280165829,False
USA,23,P3_weighted_geometric,0.0001,0.0164278562713,False
USA,23,P3_weighted_geometric,0.001,0.0164312722225,False
USA,23,P3_weighted_geometric,0.01,0.0164277134043,True
USA,23,P4_constrained_interactions,0,0.0164268810545,False
USA,23,P4_constrained_interactions,0.0001,0.0164326452199,False
USA,23,P4_constrained_interactions,0.001,0.0164364042092,False
USA,23,P4_constrained_interactions,0.01,0.0164045604398,True
USA,24,P3_weighted_geometric,0,0.0165416061229,False
USA,24,P3_weighted_geometric,0.0001,0.0165411988181,False
USA,24,P3_weighted_geometric,0.001,0.0165345040462,False
USA,24,P3_weighted_geometric,0.01,0.0164828920181,True
USA,24,P4_constrained_interactions,0,0.0165286066856,False
USA,24,P4_constrained_interactions,0.0001,0.0165367149845,False
USA,24,P4_constrained_interactions,0.001,0.0164986515923,False
USA,24,P4_constrained_interactions,0.01,0.0164417053246,True
USA,25,P3_weighted_geometric,0,0.0166151976984,False
USA,25,P3_weighted_geometric,0.0001,0.0166140419944,False
USA,25,P3_weighted_geometric,0.001,0.0166053268426,False
USA,25,P3_weighted_geometric,0.01,0.0165649442642,True
USA,25,P4_constrained_interactions,0,0.0166188503929,False
USA,25,P4_constrained_interactions,0.0001,0.0166128009466,False
USA,25,P4_constrained_interactions,0.001,0.0165498323426,False
USA,25,P4_constrained_interactions,0.01,0.0165384592361,True
USA,26,P3_weighted_geometric,0,0.0165320747029,False
USA,26,P3_weighted_geometric,0.0001,0.0165318589418,False
USA,26,P3_weighted_geometric,0.001,0.0165311592559,False
USA,26,P3_weighted_geometric,0.01,0.0165093868389,True
USA,26,P4_constrained_interactions,0,0.0165312265066,False
USA,26,P4_constrained_interactions,0.0001,0.0165312082284,False
USA,26,P4_constrained_interactions,0.001,0.0165182963122,False
USA,26,P4_constrained_interactions,0.01,0.0164922730348,True
USA,27,P3_weighted_geometric,0,0.0165377367442,False
USA,27,P3_weighted_geometric,0.0001,0.0165371772578,False
USA,27,P3_weighted_geometric,0.001,0.0165301860362,False
USA,27,P3_weighted_geometric,0.01,0.0164781697317,True
USA,27,P4_constrained_interactions,0,0.0165405413238,False
USA,27,P4_constrained_interactions,0.0001,0.0165357668343,False
USA,27,P4_constrained_interactions,0.001,0.016499092194,False
USA,27,P4_constrained_interactions,0.01,0.0164404966364,True
USA,28,P3_weighted_geometric,0,0.0164763008422,False
USA,28,P3_weighted_geometric,0.0001,0.0164758801261,False
USA,28,P3_weighted_geometric,0.001,0.0164659606459,False
USA,28,P3_weighted_geometric,0.01,0.016451040262,True
USA,28,P4_constrained_interactions,0,0.0164754241073,False
USA,28,P4_constrained_interactions,0.0001,0.0164659834913,False
USA,28,P4_constrained_interactions,0.001,0.0164547073296,False
USA,28,P4_constrained_interactions,0.01,0.0164528926234,True
USA,29,P3_weighted_geometric,0,0.0162726582315,False
USA,29,P3_weighted_geometric,0.0001,0.01627262688,False
USA,29,P3_weighted_geometric,0.001,0.0162725296481,False
USA,29,P3_weighted_geometric,0.01,0.0162716003119,True
USA,29,P4_constrained_interactions,0,0.0162667580739,True
USA,29,P4_constrained_interactions,0.0001,0.0162724366292,False
USA,29,P4_constrained_interactions,0.001,0.0162738485574,False
USA,29,P4_constrained_interactions,0.01,0.0162816339386,False
USA,30,P3_weighted_geometric,0,0.0164771853183,False
USA,30,P3_weighted_geometric,0.0001,0.0164764817684,False
USA,30,P3_weighted_geometric,0.001,0.0164761864937,False
USA,30,P3_weighted_geometric,0.01,0.0164685014225,True
USA,30,P4_constrained_interactions,0,0.0164729029364,False
USA,30,P4_constrained_interactions,0.0001,0.0164763799932,False
USA,30,P4_constrained_interactions,0.001,0.0164698535427,False
USA,30,P4_constrained_interactions,0.01,0.0164550432755,True
USA,31,P3_weighted_geometric,0,0.0164123988605,False
USA,31,P3_weighted_geometric,0.0001,0.0164124627557,False
USA,31,P3_weighted_geometric,0.001,0.0164108820301,False
USA,31,P3_weighted_geometric,0.01,0.0164015621805,True
USA,31,P4_constrained_interactions,0,0.0164093389566,False
USA,31,P4_constrained_interactions,0.0001,0.0164132609865,False
USA,31,P4_constrained_interactions,0.001,0.0164043718592,True
USA,31,P4_constrained_interactions,0.01,0.016408022157,False
USA,32,P3_weighted_geometric,0,0.0163692750693,False
USA,32,P3_weighted_geometric,0.0001,0.0163694227561,False
USA,32,P3_weighted_geometric,0.001,0.0163739535391,False
USA,32,P3_weighted_geometric,0.01,0.0163483588188,True
USA,32,P4_constrained_interactions,0,0.0163733220597,False
USA,32,P4_constrained_interactions,0.0001,0.0163752084221,False
USA,32,P4_constrained_interactions,0.001,0.0163541157962,False
USA,32,P4_constrained_interactions,0.01,0.0163234681533,True
USA,33,P3_weighted_geometric,0,0.0167740922853,False
USA,33,P3_weighted_geometric,0.0001,0.0167684907506,False
USA,33,P3_weighted_geometric,0.001,0.0167462864551,False
USA,33,P3_weighted_geometric,0.01,0.0167129156963,True
USA,33,P4_constrained_interactions,0,0.0167673395524,False
USA,33,P4_constrained_interactions,0.0001,0.0167522982829,False
USA,33,P4_constrained_interactions,0.001,0.0167038690876,False
USA,33,P4_constrained_interactions,0.01,0.0166844111511,True
USA,34,P3_weighted_geometric,0,0.016643605315,False
USA,34,P3_weighted_geometric,0.0001,0.0166411773837,False
USA,34,P3_weighted_geometric,0.001,0.0166422189074,False
USA,34,P3_weighted_geometric,0.01,0.0165892574765,True
USA,34,P4_constrained_interactions,0,0.0166463811705,False
USA,34,P4_constrained_interactions,0.0001,0.0166428382439,False
USA,34,P4_constrained_interactions,0.001,0.0165982910189,False
USA,34,P4_constrained_interactions,0.01,0.0165509944623,True
USA,35,P3_weighted_geometric,0,0.0167436565854,False
USA,35,P3_weighted_geometric,0.0001,0.0167437138954,False
USA,35,P3_weighted_geometric,0.001,0.0167438928162,False
USA,35,P3_weighted_geometric,0.01,0.0167070543032,True
USA,35,P4_constrained_interactions,0,0.0167474626244,False
USA,35,P4_constrained_interactions,0.0001,0.0167464583476,False
USA,35,P4_constrained_interactions,0.001,0.0167265508355,False
USA,35,P4_constrained_interactions,0.01,0.016670595477,True
USA,36,P3_weighted_geometric,0,0.0169486169172,False
USA,36,P3_weighted_geometric,0.0001,0.016948033387,False
USA,36,P3_weighted_geometric,0.001,0.016937029627,False
USA,36,P3_weighted_geometric,0.01,0.0168445030495,True
USA,36,P4_constrained_interactions,0,0.0169482446183,False
USA,36,P4_constrained_interactions,0.0001,0.0169398290345,False
USA,36,P4_constrained_interactions,0.001,0.0168695656565,False
USA,36,P4_constrained_interactions,0.01,0.0167948398866,True
USA,37,P3_weighted_geometric,0,0.0161535176059,False
USA,37,P3_weighted_geometric,0.0001,0.016154539741,False
USA,37,P3_weighted_geometric,0.001,0.0161540646324,False
USA,37,P3_weighted_geometric,0.01,0.0161415938183,True
USA,37,P4_constrained_interactions,0,0.0161618484098,False
USA,37,P4_constrained_interactions,0.0001,0.0161552392974,False
USA,37,P4_constrained_interactions,0.001,0.0161456132573,False
USA,37,P4_constrained_interactions,0.01,0.0161280205072,True
USA,38,P3_weighted_geometric,0,0.0167465608565,False
USA,38,P3_weighted_geometric,0.0001,0.0167425455103,False
USA,38,P3_weighted_geometric,0.001,0.0167166419891,False
USA,38,P3_weighted_geometric,0.01,0.0166314426968,True
USA,38,P4_constrained_interactions,0,0.0167365978786,False
USA,38,P4_constrained_interactions,0.0001,0.0167217694228,False
USA,38,P4_constrained_interactions,0.001,0.0166382141417,False
USA,38,P4_constrained_interactions,0.01,0.0165856991617,True
USA,39,P3_weighted_geometric,0,0.016309085992,False
USA,39,P3_weighted_geometric,0.0001,0.0163054746722,False
USA,39,P3_weighted_geometric,0.001,0.0163010363643,False
USA,39,P3_weighted_geometric,0.01,0.0162636435825,True
USA,39,P4_constrained_interactions,0,0.0163155985718,False
USA,39,P4_constrained_interactions,0.0001,0.0163025957271,False
USA,39,P4_constrained_interactions,0.001,0.0162782200185,False
USA,39,P4_constrained_interactions,0.01,0.0162179776574,True
USA,40,P3_weighted_geometric,0,0.0163263084564,False
USA,40,P3_weighted_geometric,0.0001,0.0163260288399,True
USA,40,P3_weighted_geometric,0.001,0.0163310703714,False
USA,40,P3_weighted_geometric,0.01,0.0163721611554,False
USA,40,P4_constrained_interactions,0,0.0163311369455,True
USA,40,P4_constrained_interactions,0.0001,0.0163362015053,False
USA,40,P4_constrained_interactions,0.001,0.0163729861362,False
USA,40,P4_constrained_interactions,0.01,0.0164098986911,False
USA,41,P3_weighted_geometric,0,0.0168218532286,False
USA,41,P3_weighted_geometric,0.0001,0.0168213757624,False
USA,41,P3_weighted_geometric,0.001,0.01681960558,False
USA,41,P3_weighted_geometric,0.01,0.0167977375386,True
USA,41,P4_constrained_interactions,0,0.0168285959179,False
USA,41,P4_constrained_interactions,0.0001,0.016820703458,False
USA,41,P4_constrained_interactions,0.001,0.0168018793746,False
USA,41,P4_constrained_interactions,0.01,0.0167596955667,True
USA,42,P3_weighted_geometric,0,0.0166390330817,False
USA,42,P3_weighted_geometric,0.0001,0.0166376592341,False
USA,42,P3_weighted_geometric,0.001,0.0166324397426,False
USA,42,P3_weighted_geometric,0.01,0.0166096156772,True
USA,42,P4_constrained_interactions,0,0.0166326234854,False
USA,42,P4_constrained_interactions,0.0001,0.0166367243805,False
USA,42,P4_constrained_interactions,0.001,0.0166186094766,False
USA,42,P4_constrained_interactions,0.01,0.0166036705563,True
USA,44,P3_weighted_geometric,0,0.0164233442584,False
USA,44,P3_weighted_geometric,0.0001,0.0164219797638,False
USA,44,P3_weighted_geometric,0.001,0.0164112830312,False
USA,44,P3_weighted_geometric,0.01,0.0163835533405,True
USA,44,P4_constrained_interactions,0,0.0164239268835,False
USA,44,P4_constrained_interactions,0.0001,0.0164156725156,False
USA,44,P4_constrained_interactions,0.001,0.0163808071552,False
USA,44,P4_constrained_interactions,0.01,0.0163679837863,True
USA,45,P3_weighted_geometric,0,0.0165740058032,False
USA,45,P3_weighted_geometric,0.0001,0.0165739111861,False
USA,45,P3_weighted_geometric,0.001,0.0165738508584,True
USA,45,P3_weighted_geometric,0.01,0.0165742438555,False
USA,45,P4_constrained_interactions,0,0.0165717026218,False
USA,45,P4_constrained_interactions,0.0001,0.0165751665671,False
USA,45,P4_constrained_interactions,0.001,0.0165757187436,False
USA,45,P4_constrained_interactions,0.01,0.0165679272064,True
USA,46,P3_weighted_geometric,0,0.0163873205395,False
USA,46,P3_weighted_geometric,0.0001,0.0163872695041,False
USA,46,P3_weighted_geometric,0.001,0.016374071879,False
USA,46,P3_weighted_geometric,0.01,0.016335357316,True
USA,46,P4_constrained_interactions,0,0.0163892942859,False
USA,46,P4_constrained_interactions,0.0001,0.0163747690626,False
USA,46,P4_constrained_interactions,0.001,0.0163393963348,False
USA,46,P4_constrained_interactions,0.01,0.0163023516609,True
USA,47,P3_weighted_geometric,0,0.0165547291546,False
USA,47,P3_weighted_geometric,0.0001,0.0165406576416,False
USA,47,P3_weighted_geometric,0.001,0.016521407972,False
USA,47,P3_weighted_geometric,0.01,0.0164907441055,True
USA,47,P4_constrained_interactions,0,0.0165568139099,False
USA,47,P4_constrained_interactions,0.0001,0.016521329636,False
USA,47,P4_constrained_interactions,0.001,0.0164943569974,False
USA,47,P4_constrained_interactions,0.01,0.0164763191774,True
USA,48,P3_weighted_geometric,0,0.0160270888894,False
USA,48,P3_weighted_geometric,0.0001,0.0160290129538,False
USA,48,P3_weighted_geometric,0.001,0.0160221990923,False
USA,48,P3_weighted_geometric,0.01,0.015996689414,True
USA,48,P4_constrained_interactions,0,0.016031680057,False
USA,48,P4_constrained_interactions,0.0001,0.0160263074885,False
USA,48,P4_constrained_interactions,0.001,0.0160038028564,False
USA,48,P4_constrained_interactions,0.01,0.0159749566318,True
USA,49,P3_weighted_geometric,0,0.0165132243367,False
USA,49,P3_weighted_geometric,0.0001,0.0165119881738,False
USA,49,P3_weighted_geometric,0.001,0.0165174538386,False
USA,49,P3_weighted_geometric,0.01,0.0165083961971,True
USA,49,P4_constrained_interactions,0,0.0165238343242,False
USA,49,P4_constrained_interactions,0.0001,0.0165177849846,False
USA,49,P4_constrained_interactions,0.001,0.0165299750559,False
USA,49,P4_constrained_interactions,0.01,0.0164726434111,True
USA,50,P3_weighted_geometric,0,0.0165473915735,False
USA,50,P3_weighted_geometric,0.0001,0.0165474366397,False
USA,50,P3_weighted_geometric,0.001,0.016524105431,False
USA,50,P3_weighted_geometric,0.01,0.0164786899769,True
USA,50,P4_constrained_interactions,0,0.0165502538815,False
USA,50,P4_constrained_interactions,0.0001,0.0165277766244,False
USA,50,P4_constrained_interactions,0.001,0.0164682302289,False
USA,50,P4_constrained_interactions,0.01,0.0164459589272,True
USA,51,P3_weighted_geometric,0,0.016373113151,False
USA,51,P3_weighted_geometric,0.0001,0.016372910366,False
USA,51,P3_weighted_geometric,0.001,0.016369928774,False
USA,51,P3_weighted_geometric,0.01,0.0163630458392,True
USA,51,P4_constrained_interactions,0,0.016374055737,False
USA,51,P4_constrained_interactions,0.0001,0.0163715145005,False
USA,51,P4_constrained_interactions,0.001,0.0163698356719,False
USA,51,P4_constrained_interactions,0.01,0.016332010248,True
USA,53,P3_weighted_geometric,0,0.0165414329004,False
USA,53,P3_weighted_geometric,0.0001,0.016540906937,False
USA,53,P3_weighted_geometric,0.001,0.0165317014118,False
USA,53,P3_weighted_geometric,0.01,0.0165059299409,True
USA,53,P4_constrained_interactions,0,0.0165393919625,False
USA,53,P4_constrained_interactions,0.0001,0.0165312914323,False
USA,53,P4_constrained_interactions,0.001,0.0165115641701,False
USA,53,P4_constrained_interactions,0.01,0.0164736797299,True
USA,54,P3_weighted_geometric,0,0.0164349112986,False
USA,54,P3_weighted_geometric,0.0001,0.0164331843832,False
USA,54,P3_weighted_geometric,0.001,0.016430828453,False
USA,54,P3_weighted_geometric,0.01,0.0164163315097,True
USA,54,P4_constrained_interactions,0,0.0164406770605,False
USA,54,P4_constrained_interactions,0.0001,0.0164328008869,False
USA,54,P4_constrained_interactions,0.001,0.0164159176812,False
USA,54,P4_constrained_interactions,0.01,0.0164005638126,True
USA,55,P3_weighted_geometric,0,0.0162815537578,False
USA,55,P3_weighted_geometric,0.0001,0.0162817006571,False
USA,55,P3_weighted_geometric,0.001,0.0162880722752,False
USA,55,P3_weighted_geometric,0.01,0.0162750379883,True
USA,55,P4_constrained_interactions,0,0.0162857849007,False
USA,55,P4_constrained_interactions,0.0001,0.0162921244526,False
USA,55,P4_constrained_interactions,0.001,0.0162814662807,True
USA,55,P4_constrained_interactions,0.01,0.0162855225822,False
USA,56,P3_weighted_geometric,0,0.0162772782925,False
USA,56,P3_weighted_geometric,0.0001,0.0162772848945,False
USA,56,P3_weighted_geometric,0.001,0.0162715354542,False
USA,56,P3_weighted_geometric,0.01,0.0162715160885,True
USA,56,P4_constrained_interactions,0,0.0162714911253,False
USA,56,P4_constrained_interactions,0.0001,0.016275509406,False
USA,56,P4_constrained_interactions,0.001,0.0162770693461,False
USA,56,P4_constrained_interactions,0.01,0.0162602048755,True
Indonesia,ID11,P3_weighted_geometric,0,0.0230745166464,False
Indonesia,ID11,P3_weighted_geometric,0.0001,0.0230741561238,False
Indonesia,ID11,P3_weighted_geometric,0.001,0.0230591863253,False
Indonesia,ID11,P3_weighted_geometric,0.01,0.0229077225031,True
Indonesia,ID11,P4_constrained_interactions,0,0.0230968979641,False
Indonesia,ID11,P4_constrained_interactions,0.0001,0.0230756472481,False
Indonesia,ID11,P4_constrained_interactions,0.001,0.0229316812377,False
Indonesia,ID11,P4_constrained_interactions,0.01,0.0227022922856,True
Indonesia,ID12,P3_weighted_geometric,0,0.0232004909851,False
Indonesia,ID12,P3_weighted_geometric,0.0001,0.0231701038146,False
Indonesia,ID12,P3_weighted_geometric,0.001,0.0230600501031,False
Indonesia,ID12,P3_weighted_geometric,0.01,0.0227111255895,True
Indonesia,ID12,P4_constrained_interactions,0,0.023112744358,False
Indonesia,ID12,P4_constrained_interactions,0.0001,0.0230786677865,False
Indonesia,ID12,P4_constrained_interactions,0.001,0.0227839328365,False
Indonesia,ID12,P4_constrained_interactions,0.01,0.0225446331961,True
Indonesia,ID13,P3_weighted_geometric,0,0.0216990004596,False
Indonesia,ID13,P3_weighted_geometric,0.0001,0.0216925467045,False
Indonesia,ID13,P3_weighted_geometric,0.001,0.0216774158969,False
Indonesia,ID13,P3_weighted_geometric,0.01,0.0216132667923,True
Indonesia,ID13,P4_constrained_interactions,0,0.0217141390298,False
Indonesia,ID13,P4_constrained_interactions,0.0001,0.0216846799783,False
Indonesia,ID13,P4_constrained_interactions,0.001,0.021645438977,False
Indonesia,ID13,P4_constrained_interactions,0.01,0.0216143916128,True
Indonesia,ID14,P3_weighted_geometric,0,0.0220300889083,False
Indonesia,ID14,P3_weighted_geometric,0.0001,0.0220298468753,False
Indonesia,ID14,P3_weighted_geometric,0.001,0.0219734916156,False
Indonesia,ID14,P3_weighted_geometric,0.01,0.0217634466037,True
Indonesia,ID14,P4_constrained_interactions,0,0.0220234751326,False
Indonesia,ID14,P4_constrained_interactions,0.0001,0.0220592331678,False
Indonesia,ID14,P4_constrained_interactions,0.001,0.0219316178855,False
Indonesia,ID14,P4_constrained_interactions,0.01,0.021642937879,True
Indonesia,ID15,P3_weighted_geometric,0,0.0224529931648,False
Indonesia,ID15,P3_weighted_geometric,0.0001,0.0224391963978,False
Indonesia,ID15,P3_weighted_geometric,0.001,0.0223988136019,False
Indonesia,ID15,P3_weighted_geometric,0.01,0.0222486613005,True
Indonesia,ID15,P4_constrained_interactions,0,0.0224366883083,False
Indonesia,ID15,P4_constrained_interactions,0.0001,0.0223997396708,False
Indonesia,ID15,P4_constrained_interactions,0.001,0.0223442879105,False
Indonesia,ID15,P4_constrained_interactions,0.01,0.0220662108609,True
Indonesia,ID16,P3_weighted_geometric,0,0.022841531566,False
Indonesia,ID16,P3_weighted_geometric,0.0001,0.0228402526687,False
Indonesia,ID16,P3_weighted_geometric,0.001,0.022822004164,False
Indonesia,ID16,P3_weighted_geometric,0.01,0.0226794069664,True
Indonesia,ID16,P4_constrained_interactions,0,0.022855850779,False
Indonesia,ID16,P4_constrained_interactions,0.0001,0.0228325233692,False
Indonesia,ID16,P4_constrained_interactions,0.001,0.0227004553306,False
Indonesia,ID16,P4_constrained_interactions,0.01,0.0224591178286,True
Indonesia,ID17,P3_weighted_geometric,0,0.0217877084871,False
Indonesia,ID17,P3_weighted_geometric,0.0001,0.0217778719257,False
Indonesia,ID17,P3_weighted_geometric,0.001,0.0217675181763,False
Indonesia,ID17,P3_weighted_geometric,0.01,0.0217576429251,True
Indonesia,ID17,P4_constrained_interactions,0,0.0217470038818,True
Indonesia,ID17,P4_constrained_interactions,0.0001,0.0217746493981,False
Indonesia,ID17,P4_constrained_interactions,0.001,0.0217619870004,False
Indonesia,ID17,P4_constrained_interactions,0.01,0.0217495354096,False
Indonesia,ID18,P3_weighted_geometric,0,0.0222609450344,False
Indonesia,ID18,P3_weighted_geometric,0.0001,0.0222599264736,False
Indonesia,ID18,P3_weighted_geometric,0.001,0.0222046663096,False
Indonesia,ID18,P3_weighted_geometric,0.01,0.0219408559454,True
Indonesia,ID18,P4_constrained_interactions,0,0.0222471472922,False
Indonesia,ID18,P4_constrained_interactions,0.0001,0.0222387859159,False
Indonesia,ID18,P4_constrained_interactions,0.001,0.0220921709047,False
Indonesia,ID18,P4_constrained_interactions,0.01,0.0218016617848,True
Indonesia,ID19,P3_weighted_geometric,0,0.0224463136718,False
Indonesia,ID19,P3_weighted_geometric,0.0001,0.0224460843134,False
Indonesia,ID19,P3_weighted_geometric,0.001,0.0224454966002,False
Indonesia,ID19,P3_weighted_geometric,0.01,0.0223875711207,True
Indonesia,ID19,P4_constrained_interactions,0,0.0225356506092,False
Indonesia,ID19,P4_constrained_interactions,0.0001,0.0224606595989,False
Indonesia,ID19,P4_constrained_interactions,0.001,0.0224335610336,False
Indonesia,ID19,P4_constrained_interactions,0.01,0.022285877735,True
Indonesia,ID21,P3_weighted_geometric,0,0.021566345241,False
Indonesia,ID21,P3_weighted_geometric,0.0001,0.0215655799013,False
Indonesia,ID21,P3_weighted_geometric,0.001,0.021521528569,False
Indonesia,ID21,P3_weighted_geometric,0.01,0.0213863901194,True
Indonesia,ID21,P4_constrained_interactions,0,0.0215162370319,False
Indonesia,ID21,P4_constrained_interactions,0.0001,0.0215671081842,False
Indonesia,ID21,P4_constrained_interactions,0.001,0.0214252849581,False
Indonesia,ID21,P4_constrained_interactions,0.01,0.0212822565467,True
Indonesia,ID31,P3_weighted_geometric,0,0.0218283217347,False
Indonesia,ID31,P3_weighted_geometric,0.0001,0.0218292546905,False
Indonesia,ID31,P3_weighted_geometric,0.001,0.0218228738643,False
Indonesia,ID31,P3_weighted_geometric,0.01,0.0216957042834,True
Indonesia,ID31,P4_constrained_interactions,0,0.021824934758,False
Indonesia,ID31,P4_constrained_interactions,0.0001,0.0218423558763,False
Indonesia,ID31,P4_constrained_interactions,0.001,0.0217841736477,False
Indonesia,ID31,P4_constrained_interactions,0.01,0.0216343154791,True
Indonesia,ID32,P3_weighted_geometric,0,0.0225639961761,False
Indonesia,ID32,P3_weighted_geometric,0.0001,0.0225591040042,False
Indonesia,ID32,P3_weighted_geometric,0.001,0.0225347011934,False
Indonesia,ID32,P3_weighted_geometric,0.01,0.0222618580395,True
Indonesia,ID32,P4_constrained_interactions,0,0.022576113478,False
Indonesia,ID32,P4_constrained_interactions,0.0001,0.0225837662848,False
Indonesia,ID32,P4_constrained_interactions,0.001,0.0223425729476,False
Indonesia,ID32,P4_constrained_interactions,0.01,0.022108578208,True
Indonesia,ID33,P3_weighted_geometric,0,0.02312549331,False
Indonesia,ID33,P3_weighted_geometric,0.0001,0.0231246732395,False
Indonesia,ID33,P3_weighted_geometric,0.001,0.0230761552268,False
Indonesia,ID33,P3_weighted_geometric,0.01,0.0228336602046,True
Indonesia,ID33,P4_constrained_interactions,0,0.02315473189,False
Indonesia,ID33,P4_constrained_interactions,0.0001,0.0231021240888,False
Indonesia,ID33,P4_constrained_interactions,0.001,0.0228955987578,False
Indonesia,ID33,P4_constrained_interactions,0.01,0.0226847008685,True
Indonesia,ID34,P3_weighted_geometric,0,0.0207565716265,False
Indonesia,ID34,P3_weighted_geometric,0.0001,0.0207539060646,False
Indonesia,ID34,P3_weighted_geometric,0.001,0.020740446815,False
Indonesia,ID34,P3_weighted_geometric,0.01,0.0206174893426,True
Indonesia,ID34,P4_constrained_interactions,0,0.0207764821964,False
Indonesia,ID34,P4_constrained_interactions,0.0001,0.0207855303276,False
Indonesia,ID34,P4_constrained_interactions,0.001,0.0206891413579,False
Indonesia,ID34,P4_constrained_interactions,0.01,0.020416093481,True
Indonesia,ID35,P3_weighted_geometric,0,0.0225544832853,False
Indonesia,ID35,P3_weighted_geometric,0.0001,0.0225769084995,False
Indonesia,ID35,P3_weighted_geometric,0.001,0.02250387186,False
Indonesia,ID35,P3_weighted_geometric,0.01,0.0222460894434,True
Indonesia,ID35,P4_constrained_interactions,0,0.0225735660753,False
Indonesia,ID35,P4_constrained_interactions,0.0001,0.0225673589783,False
Indonesia,ID35,P4_constrained_interactions,0.001,0.0223042526799,False
Indonesia,ID35,P4_constrained_interactions,0.01,0.0220346747182,True
Indonesia,ID36,P3_weighted_geometric,0,0.0218489052161,False
Indonesia,ID36,P3_weighted_geometric,0.0001,0.0218274962574,False
Indonesia,ID36,P3_weighted_geometric,0.001,0.0218059119007,False
Indonesia,ID36,P3_weighted_geometric,0.01,0.0217594343842,True
Indonesia,ID36,P4_constrained_interactions,0,0.0218459890665,False
Indonesia,ID36,P4_constrained_interactions,0.0001,0.0218300349541,False
Indonesia,ID36,P4_constrained_interactions,0.001,0.0217341599147,False
Indonesia,ID36,P4_constrained_interactions,0.01,0.021718754281,True
Indonesia,ID51,P3_weighted_geometric,0,0.0228273728209,False
Indonesia,ID51,P3_weighted_geometric,0.0001,0.0228263778473,False
Indonesia,ID51,P3_weighted_geometric,0.001,0.022723032329,False
Indonesia,ID51,P3_weighted_geometric,0.01,0.0225310862296,True
Indonesia,ID51,P4_constrained_interactions,0,0.0228127906135,False
Indonesia,ID51,P4_constrained_interactions,0.0001,0.022782188487,False
Indonesia,ID51,P4_constrained_interactions,0.001,0.0225585097593,False
Indonesia,ID51,P4_constrained_interactions,0.01,0.0223302750899,True
Indonesia,ID52,P3_weighted_geometric,0,0.0232334803355,False
Indonesia,ID52,P3_weighted_geometric,0.0001,0.0232063523412,False
Indonesia,ID52,P3_weighted_geometric,0.001,0.023196591427,False
Indonesia,ID52,P3_weighted_geometric,0.01,0.023023418784,True
Indonesia,ID52,P4_constrained_interactions,0,0.023259665501,False
Indonesia,ID52,P4_constrained_interactions,0.0001,0.0232119423931,False
Indonesia,ID52,P4_constrained_interactions,0.001,0.0231293670333,False
Indonesia,ID52,P4_constrained_interactions,0.01,0.0228371262572,True
Indonesia,ID53,P3_weighted_geometric,0,0.02389671978,False
Indonesia,ID53,P3_weighted_geometric,0.0001,0.0238959181403,False
Indonesia,ID53,P3_weighted_geometric,0.001,0.0238484005364,False
Indonesia,ID53,P3_weighted_geometric,0.01,0.0236837183633,True
Indonesia,ID53,P4_constrained_interactions,0,0.0239069935247,False
Indonesia,ID53,P4_constrained_interactions,0.0001,0.0238547880449,False
Indonesia,ID53,P4_constrained_interactions,0.001,0.0237421034464,False
Indonesia,ID53,P4_constrained_interactions,0.01,0.0233870553662,True
Indonesia,ID61,P3_weighted_geometric,0,0.0216186435657,False
Indonesia,ID61,P3_weighted_geometric,0.0001,0.0216108560618,False
Indonesia,ID61,P3_weighted_geometric,0.001,0.0215933605038,False
Indonesia,ID61,P3_weighted_geometric,0.01,0.0215618153485,True
Indonesia,ID61,P4_constrained_interactions,0,0.021644456068,False
Indonesia,ID61,P4_constrained_interactions,0.0001,0.02159594098,False
Indonesia,ID61,P4_constrained_interactions,0.001,0.0215689884742,False
Indonesia,ID61,P4_constrained_interactions,0.01,0.0215034187019,True
Indonesia,ID62,P3_weighted_geometric,0,0.0215346585202,False
Indonesia,ID62,P3_weighted_geometric,0.0001,0.0215336173151,False
Indonesia,ID62,P3_weighted_geometric,0.001,0.0215109813243,False
Indonesia,ID62,P3_weighted_geometric,0.01,0.0213200428014,True
Indonesia,ID62,P4_constrained_interactions,0,0.0215220041697,False
Indonesia,ID62,P4_constrained_interactions,0.0001,0.021513117274,False
Indonesia,ID62,P4_constrained_interactions,0.001,0.0213399993942,False
Indonesia,ID62,P4_constrained_interactions,0.01,0.0211527529212,True
Indonesia,ID63,P3_weighted_geometric,0,0.023330887949,False
Indonesia,ID63,P3_weighted_geometric,0.0001,0.0233297803279,False
Indonesia,ID63,P3_weighted_geometric,0.001,0.0232628795905,False
Indonesia,ID63,P3_weighted_geometric,0.01,0.0230387783692,True
Indonesia,ID63,P4_constrained_interactions,0,0.023184319612,False
Indonesia,ID63,P4_constrained_interactions,0.0001,0.0232463880376,False
Indonesia,ID63,P4_constrained_interactions,0.001,0.0231479352921,False
Indonesia,ID63,P4_constrained_interactions,0.01,0.0228533518085,True
Indonesia,ID64,P3_weighted_geometric,0,0.0223016619531,False
Indonesia,ID64,P3_weighted_geometric,0.0001,0.0223013685894,False
Indonesia,ID64,P3_weighted_geometric,0.001,0.0222799116252,False
Indonesia,ID64,P3_weighted_geometric,0.01,0.0220642748372,True
Indonesia,ID64,P4_constrained_interactions,0,0.0223284728064,False
Indonesia,ID64,P4_constrained_interactions,0.0001,0.0223109645033,False
Indonesia,ID64,P4_constrained_interactions,0.001,0.0221291188347,False
Indonesia,ID64,P4_constrained_interactions,0.01,0.0219984778074,True
Indonesia,ID65,P3_weighted_geometric,0,0.021580919758,False
Indonesia,ID65,P3_weighted_geometric,0.0001,0.021572654542,False
Indonesia,ID65,P3_weighted_geometric,0.001,0.0215569755007,False
Indonesia,ID65,P3_weighted_geometric,0.01,0.0214728482751,True
Indonesia,ID65,P4_constrained_interactions,0,0.0215717757513,False
Indonesia,ID65,P4_constrained_interactions,0.0001,0.0215928203085,False
Indonesia,ID65,P4_constrained_interactions,0.001,0.0215167259409,False
Indonesia,ID65,P4_constrained_interactions,0.01,0.0214100057373,True
Indonesia,ID71,P3_weighted_geometric,0,0.0239160433424,False
Indonesia,ID71,P3_weighted_geometric,0.0001,0.0239156668441,False
Indonesia,ID71,P3_weighted_geometric,0.001,0.0238449988554,False
Indonesia,ID71,P3_weighted_geometric,0.01,0.0236534996129,True
Indonesia,ID71,P4_constrained_interactions,0,0.0237875407949,False
Indonesia,ID71,P4_constrained_interactions,0.0001,0.02386383939,False
Indonesia,ID71,P4_constrained_interactions,0.001,0.0236776426852,False
Indonesia,ID71,P4_constrained_interactions,0.01,0.0233604503944,True
Indonesia,ID72,P3_weighted_geometric,0,0.0220293253069,False
Indonesia,ID72,P3_weighted_geometric,0.0001,0.0220301843401,False
Indonesia,ID72,P3_weighted_geometric,0.001,0.0220249870085,False
Indonesia,ID72,P3_weighted_geometric,0.01,0.0220010912186,True
Indonesia,ID72,P4_constrained_interactions,0,0.0220446564613,False
Indonesia,ID72,P4_constrained_interactions,0.0001,0.0220364974053,False
Indonesia,ID72,P4_constrained_interactions,0.001,0.0219973627701,False
Indonesia,ID72,P4_constrained_interactions,0.01,0.021927291963,True
Indonesia,ID73,P3_weighted_geometric,0,0.0228270298294,False
Indonesia,ID73,P3_weighted_geometric,0.0001,0.022826886182,False
Indonesia,ID73,P3_weighted_geometric,0.001,0.0228168334449,False
Indonesia,ID73,P3_weighted_geometric,0.01,0.0227596575267,True
Indonesia,ID73,P4_constrained_interactions,0,0.022876626168,False
Indonesia,ID73,P4_constrained_interactions,0.0001,0.0228268195709,False
Indonesia,ID73,P4_constrained_interactions,0.001,0.0227775888454,False
Indonesia,ID73,P4_constrained_interactions,0.01,0.0226378762963,True
Indonesia,ID74,P3_weighted_geometric,0,0.0226159971872,False
Indonesia,ID74,P3_weighted_geometric,0.0001,0.0226101140487,False
Indonesia,ID74,P3_weighted_geometric,0.001,0.0225472460387,False
Indonesia,ID74,P3_weighted_geometric,0.01,0.0224312794568,True
Indonesia,ID74,P4_constrained_interactions,0,0.022637732672,False
Indonesia,ID74,P4_constrained_interactions,0.0001,0.0225723905356,False
Indonesia,ID74,P4_constrained_interactions,0.001,0.0224551844032,False
Indonesia,ID74,P4_constrained_interactions,0.01,0.0222040569277,True
Indonesia,ID75,P3_weighted_geometric,0,0.0214381055773,False
Indonesia,ID75,P3_weighted_geometric,0.0001,0.0214375933211,False
Indonesia,ID75,P3_weighted_geometric,0.001,0.0213991459213,False
Indonesia,ID75,P3_weighted_geometric,0.01,0.0212896279058,True
Indonesia,ID75,P4_constrained_interactions,0,0.0214627089474,False
Indonesia,ID75,P4_constrained_interactions,0.0001,0.0214375559679,False
Indonesia,ID75,P4_constrained_interactions,0.001,0.0213143958559,False
Indonesia,ID75,P4_constrained_interactions,0.01,0.0212282559241,True
Indonesia,ID76,P3_weighted_geometric,0,0.0222134227989,False
Indonesia,ID76,P3_weighted_geometric,0.0001,0.0221962077233,False
Indonesia,ID76,P3_weighted_geometric,0.001,0.022166443684,False
Indonesia,ID76,P3_weighted_geometric,0.01,0.0220248182144,True
Indonesia,ID76,P4_constrained_interactions,0,0.022156228415,False
Indonesia,ID76,P4_constrained_interactions,0.0001,0.0221837761693,False
Indonesia,ID76,P4_constrained_interactions,0.001,0.0220994948905,False
Indonesia,ID76,P4_constrained_interactions,0.01,0.0219012279866,True
Indonesia,ID81,P3_weighted_geometric,0,0.0218755573336,False
Indonesia,ID81,P3_weighted_geometric,0.0001,0.0218755719342,False
Indonesia,ID81,P3_weighted_geometric,0.001,0.0218424392886,False
Indonesia,ID81,P3_weighted_geometric,0.01,0.0216386254248,True
Indonesia,ID81,P4_constrained_interactions,0,0.0218566349069,False
Indonesia,ID81,P4_constrained_interactions,0.0001,0.0218687932118,False
Indonesia,ID81,P4_constrained_interactions,0.001,0.0217257740338,False
Indonesia,ID81,P4_constrained_interactions,0.01,0.0214037522102,True
Indonesia,ID82,P3_weighted_geometric,0,0.0215820401217,False
Indonesia,ID82,P3_weighted_geometric,0.0001,0.0215833367321,False
Indonesia,ID82,P3_weighted_geometric,0.001,0.0215783436155,False
Indonesia,ID82,P3_weighted_geometric,0.01,0.0215127557619,True
Indonesia,ID82,P4_constrained_interactions,0,0.0216237247421,False
Indonesia,ID82,P4_constrained_interactions,0.0001,0.021589306702,False
Indonesia,ID82,P4_constrained_interactions,0.001,0.021542029502,False
Indonesia,ID82,P4_constrained_interactions,0.01,0.0214493955923,True
Indonesia,ID91,P3_weighted_geometric,0,0.0227475079808,False
Indonesia,ID91,P3_weighted_geometric,0.0001,0.0227380893387,False
Indonesia,ID91,P3_weighted_geometric,0.001,0.0227120876344,False
Indonesia,ID91,P3_weighted_geometric,0.01,0.0225025345769,True
Indonesia,ID91,P4_constrained_interactions,0,0.0224977897393,False
Indonesia,ID91,P4_constrained_interactions,0.0001,0.0226115338696,False
Indonesia,ID91,P4_constrained_interactions,0.001,0.0225266649217,False
Indonesia,ID91,P4_constrained_interactions,0.01,0.0222397843666,True
Indonesia,ID94,P3_weighted_geometric,0,0.0216562412157,False
Indonesia,ID94,P3_weighted_geometric,0.0001,0.0216556738437,False
Indonesia,ID94,P3_weighted_geometric,0.001,0.0216116526687,False
Indonesia,ID94,P3_weighted_geometric,0.01,0.0214869691487,True
Indonesia,ID94,P4_constrained_interactions,0,0.0214270901911,False
Indonesia,ID94,P4_constrained_interactions,0.0001,0.0215393045805,False
Indonesia,ID94,P4_constrained_interactions,0.001,0.0215158513776,False
Indonesia,ID94,P4_constrained_interactions,0.01,0.0213352140096,True
