model,fold,repeat,n_train,n_test,effective_features,refit_seconds,inference_batch_seconds,inference_us_per_region,peak_rss_mib,training_rss_increment_mib,inference_peak_rss_mib
ridge,130000,0,269,11,70,0.003949899924919,0.0005974001251161,54.30910228328271,156.07421875,0.796875,156.328125
ridge,130000,1,269,11,70,0.0116797999944537,0.0006728000007569,61.16363643245264,156.4375,0.03125,156.65234375
ridge,130000,2,269,11,70,0.0038403999060392,0.0005501999985426,50.01818168569695,156.65625,0.0234375,156.83984375
ridge,140000,0,270,10,70,0.0034431000240147,0.000555449980311,55.54499803110957,156.859375,0.02734375,156.859375
ridge,140000,1,270,10,70,0.0032637000549584,0.000560550019145,56.05500191450119,156.859375,0.0234375,156.86328125
ridge,140000,2,270,10,70,0.0032645999453961,0.0005561000434681,55.61000434681773,156.86328125,0.0234375,156.86328125
ridge,150000,0,271,9,6,0.0023852000012993,0.000313349883072,34.81665367467536,156.875,0.03125,156.875
ridge,150000,1,271,9,6,0.0023158998228609,0.000298950006254,33.216667361557484,156.875,0.0234375,156.875
ridge,150000,2,271,9,6,0.0023409000132232,0.0003328500315546,36.983336839411,156.875,0.0234375,156.875
ridge,210000,0,266,14,70,0.0033074000384658,0.000569450086914,40.67500620814307,156.8828125,0.02734375,156.88671875
ridge,210000,1,266,14,70,0.0032288001384586,0.0005653499392792,40.38213851994702,156.890625,0.0234375,156.890625
ridge,210000,2,266,14,70,0.0038040000945329,0.0005620000883936,40.14286345669201,156.890625,0.0234375,156.91015625
ridge,220000,0,272,8,70,0.0035991000477224,0.0005793499294668,72.41874118335545,156.9140625,0.0234375,156.9140625
ridge,220000,1,272,8,70,0.0033819999080151,0.0005631999811157,70.3999976394698,156.9140625,0.0234375,156.9140625
ridge,220000,2,272,8,70,0.0041851999703794,0.0005821500672027,72.76875840034336,156.9140625,0.0234375,156.9140625
ridge,230000,0,274,6,70,0.0034599998034536,0.0005702000344172,95.03333906953532,156.91796875,0.0234375,156.91796875
ridge,230000,1,274,6,70,0.0037022000178694,0.0006062999600544,101.04999334240954,156.91796875,0.0234375,156.9296875
ridge,230000,2,274,6,70,0.003355500055477,0.0005687000229954,94.783337165912,156.93359375,0.0234375,156.93359375
ridge,350000,0,271,9,70,0.0044704000465571,0.0005712000420317,63.46667133685615,156.94140625,0.0234375,156.94140625
ridge,350000,1,271,9,70,0.0035254000686109,0.0005861000390723,65.12222656359275,156.94140625,0.0234375,156.953125
ridge,350000,2,271,9,70,0.0033784001134335,0.0005811499431729,64.57221590810352,156.953125,0.0234375,156.953125
ridge,360000,0,269,11,70,0.0042310999706387,0.0005924999713897,53.86363376270641,156.95703125,0.0234375,156.95703125
ridge,360000,1,269,11,70,0.0033158001024276,0.000563999870792,51.272715526548296,156.95703125,0.0234375,156.95703125
ridge,360000,2,269,11,70,0.0042162998579442,0.0005716999294236,51.972720856693655,156.95703125,0.0234375,156.95703125
ridge,370000,0,264,16,70,0.0032981999684125,0.0005589500069618,34.93437543511391,156.95703125,0.0234375,156.95703125
ridge,370000,1,264,16,70,0.003293499816209,0.0005787500413134,36.17187758209184,156.95703125,0.0234375,156.95703125
ridge,370000,2,264,16,70,0.0036521998699754,0.0006107500521466,38.17187825916335,156.95703125,0.0234375,156.95703125
ridge,410000,0,263,17,70,0.0038364001084119,0.0005780999781563,34.00588106802281,156.96484375,0.0234375,156.96484375
ridge,410000,1,263,17,70,0.0036272001452744,0.0005722000496461,33.6588264497764,156.96484375,0.0234375,156.96484375
ridge,410000,2,263,17,70,0.0036515002138912,0.0005812000017613,34.18823539772455,156.96875,0.0234375,156.9765625
ridge,420000,0,268,12,70,0.0037627001293003,0.0005746999522671,47.89166268892586,156.9765625,0.0234375,156.9765625
ridge,420000,1,268,12,70,0.0037963001523166,0.0005702000344172,47.51666953476767,156.9765625,0.0234375,156.9765625
ridge,420000,2,268,12,70,0.0040561000350862,0.0005722501082345,47.68750901954869,156.9765625,0.0234375,156.9765625
ridge,430000,0,267,13,70,0.0040531000122427,0.0005769500276073,44.38077135441395,156.9765625,0.0234375,156.9765625
ridge,430000,1,267,13,70,0.0034227999858558,0.0005575999384745,42.89230295958427,156.9765625,0.0234375,156.9765625
ridge,430000,2,267,13,70,0.0038354999851435,0.0005822499515488,44.78845781145188,156.9765625,0.0234375,156.98828125
ridge,440000,0,259,21,74,0.0034620000515133,0.0005911500193178,28.15000091989835,156.98828125,0.0234375,156.98828125
ridge,440000,1,259,21,74,0.003559400094673,0.0005940499249845,28.28809166593211,156.98828125,0.0234375,156.98828125
ridge,440000,2,259,21,74,0.0039286999963223,0.0006082500331103,28.96428729097049,156.98828125,0.0234375,157.0703125
ridge,450000,0,266,14,70,0.003408099990338,0.0005607499042525,40.05356458947063,157.0703125,0.0234375,157.0703125
ridge,450000,1,266,14,70,0.00353330001235,0.000567500013858,40.53571527557714,157.0703125,0.0234375,157.0703125
ridge,450000,2,266,14,70,0.0034352000802755,0.0005964001175016,42.600008392972605,157.0703125,0.0234375,157.0703125
ridge,460000,0,278,2,74,0.003442500019446,0.0006081500323489,304.0750161744654,157.0703125,0.0234375,157.0703125
ridge,460000,1,278,2,74,0.0033931999932974,0.0005764999659731,288.2499829865992,157.0703125,0.0234375,157.0703125
ridge,460000,2,278,2,74,0.003737699938938,0.0006573999999091,328.69999995455146,157.0703125,0.0234375,157.0703125
ridge,510000,0,262,18,70,0.0033332000020891,0.0005640500457957,31.33611365531881,157.0703125,0.0234375,157.0703125
ridge,510000,1,262,18,70,0.0038020000793039,0.0005938500398769,32.991668882055414,157.0703125,0.0234375,157.0703125
ridge,510000,2,262,18,70,0.0033764999825507,0.0005820499500259,32.336108334776426,157.0703125,0.0234375,157.0703125
ridge,520000,0,274,6,6,0.0022156999912112,0.000322200008668,53.70000144466758,157.0703125,0.0234375,157.0703125
ridge,520000,1,274,6,6,0.0019757999107241,0.0003247500862926,54.12501438210408,157.0703125,0.0234375,157.0703125
ridge,520000,2,274,6,6,0.0024413999635726,0.0003822998842224,63.716647370407976,157.0703125,0.0234375,157.0703125
ridge,530000,0,272,8,70,0.0036031999625265,0.0006172000430524,77.15000538155437,157.0703125,0.0234375,157.0703125
ridge,530000,1,272,8,70,0.0033715001773089,0.0006029498763382,75.36873454228044,157.0703125,0.0234375,157.0703125
ridge,530000,2,272,8,70,0.0046518999151885,0.0005971000064164,74.637500802055,157.0703125,0.0234375,157.0703125
ridge,540000,0,275,5,6,0.0020971000194549,0.0003470999654382,69.41999308764935,157.0703125,0.0234375,157.0703125
ridge,540000,1,275,5,6,0.0020531001500785,0.0003155500162392,63.11000324785709,157.0703125,0.0234375,157.0703125
ridge,540000,2,275,5,6,0.0025549000129103,0.0003214000025764,64.28000051528215,157.07421875,0.0234375,157.07421875
ridge,610000,0,270,10,6,0.0024728998541831,0.0003139999462291,31.399994622915983,157.07421875,0.0234375,157.07421875
ridge,610000,1,270,10,6,0.002479399787262,0.0003009000793099,30.090007930994037,157.07421875,0.0234375,157.07421875
ridge,610000,2,270,10,6,0.002042599953711,0.0003247498534619,32.47498534619808,157.07421875,0.0234375,157.07421875
ridge,620000,0,268,12,70,0.0034934999421238,0.0005525500746443,46.0458395536989,157.07421875,0.0234375,157.07421875
ridge,620000,1,268,12,70,0.0035467001143842,0.000609099981375,50.75833178125322,157.07421875,0.0234375,157.07421875
ridge,620000,2,268,12,70,0.003258200129494,0.0005636499263346,46.97082719455162,157.07421875,0.0234375,157.07421875
ridge,630000,0,278,2,10,0.0023364999797195,0.000315950019285,157.9750096425414,157.07421875,0.0234375,157.07421875
ridge,630000,1,278,2,10,0.0021348998416215,0.0003575000446289,178.7500223144889,157.07421875,0.0234375,157.07421875
ridge,630000,2,278,2,10,0.0026923001278191,0.0003387500764802,169.3750382401049,157.07421875,0.0234375,157.07421875
ridge,640000,0,275,5,10,0.0022156999912112,0.0003420999273657,68.41998547315598,157.07421875,0.0234375,157.07421875
ridge,640000,1,275,5,10,0.0032212999649345,0.0003703499678522,74.06999357044697,157.07421875,0.0234375,157.07421875
ridge,640000,2,275,5,10,0.002602000022307,0.0003463000757619,69.26001515239477,157.07421875,0.0234375,157.07421875
ridge,650000,0,279,1,6,0.0021359999664127,0.0003100000321865,310.0000321865082,157.07421875,0.0234375,157.07421875
ridge,650000,1,279,1,6,0.0020329998806118,0.0003034000983461,303.40009834617376,157.07421875,0.0234375,157.07421875
ridge,650000,2,279,1,6,0.0021573998965322,0.0002941999118775,294.19991187751293,157.07421875,0.0234375,157.07421875
rf,130000,0,269,11,6,0.0907626000698655,0.0036163999466225,328.76363151114094,156.16796875,0.91015625,156.26953125
rf,130000,1,269,11,6,0.0797656998038292,0.0037015000125393,336.50000113993883,157.1328125,0.76953125,157.1640625
rf,130000,2,269,11,6,0.077591200126335,0.0037767499452456,343.34090411324394,157.55859375,0.40234375,157.578125
rf,140000,0,270,10,6,0.0812530999537557,0.0037039499729871,370.3949972987175,157.9921875,0.4296875,158.00390625
rf,140000,1,270,10,6,0.0795541999395936,0.0036836498184129,368.364981841296,158.1953125,0.21484375,158.19921875
rf,140000,2,270,10,6,0.0999046999495476,0.0037960500922054,379.6050092205405,158.26171875,0.0859375,158.26953125
rf,150000,0,271,9,6,0.0792520998511463,0.0037227999418973,413.6444379885991,158.2890625,0.03515625,158.2890625
rf,150000,1,271,9,6,0.0805754999164491,0.0036600499879568,406.672220884098,158.2890625,0.0234375,158.2890625
rf,150000,2,271,9,6,0.0791269999463111,0.0038294999394565,425.4999932729536,158.2890625,0.0234375,158.2890625
rf,210000,0,266,14,70,0.1881937000434845,0.0038895999314263,277.8285665304533,158.5,0.2265625,158.67578125
rf,210000,1,266,14,70,0.185685500036925,0.0040037999860942,285.98571329244544,158.82421875,0.16015625,159.0546875
rf,210000,2,266,14,70,0.1850500998552888,0.0039650999242439,283.2214231602848,159.05859375,0.02734375,159.2421875
rf,220000,0,272,8,6,0.078797300113365,0.0036012498894706,450.1562361838296,159.2421875,0.0234375,159.23828125
rf,220000,1,272,8,6,0.0776941999793052,0.0034067499218508,425.8437402313575,159.23828125,0.0234375,159.23828125
rf,220000,2,272,8,6,0.0819822000339627,0.0036001000553369,450.012506917119,159.23828125,0.0234375,159.234375
rf,230000,0,274,6,6,0.0775413000956177,0.0036571999080479,609.5333180079857,159.234375,0.0234375,159.234375
rf,230000,1,274,6,6,0.082293199840933,0.0035537000512704,592.2833418784043,159.23828125,0.02734375,159.23828125
rf,230000,2,274,6,6,0.0804832999128848,0.0036670500412583,611.1750068763891,159.2421875,0.0234375,159.2421875
rf,350000,0,271,9,70,0.1921868999488651,0.0039398999651893,437.7666627988219,159.2421875,0.0234375,159.2421875
rf,350000,1,271,9,70,0.192546600010246,0.0038822499336674,431.3611037408312,159.2421875,0.0234375,159.2421875
rf,350000,2,271,9,70,0.1904658998828381,0.003963700029999,440.4111144443353,159.2421875,0.0234375,159.2421875
rf,360000,0,269,11,10,0.0947734001092612,0.0036030999617651,327.5545419786464,159.25,0.02734375,159.25
rf,360000,1,269,11,10,0.0963746001943945,0.0036833500489592,334.85000445084137,159.25,0.0234375,159.25
rf,360000,2,269,11,10,0.0926971000153571,0.0037029999075457,336.6363552314314,159.375,0.1484375,159.375
rf,370000,0,264,16,70,0.1526907000225037,0.0039029000326991,243.93125204369423,159.42578125,0.07421875,159.42578125
rf,370000,1,264,16,70,0.1513010000344365,0.0039393999613821,246.2124975863844,159.44140625,0.0234375,159.44140625
rf,370000,2,264,16,70,0.152494799811393,0.0038758000591769,242.2375036985613,159.44140625,0.0234375,159.44140625
rf,410000,0,263,17,10,0.0762917001266032,0.0035960000241175,211.5294131833841,159.44921875,0.03125,159.44921875
rf,410000,1,263,17,10,0.0765592001844197,0.003593000001274,211.35294125141468,159.44921875,0.0234375,159.44921875
rf,410000,2,263,17,10,0.0745441999752074,0.0036071500508114,212.18529710655704,159.44921875,0.0234375,159.44921875
rf,420000,0,268,12,70,0.3083331000525504,0.0038036000914871,316.96667429059744,159.44921875,0.0234375,159.44921875
rf,420000,1,268,12,70,0.3118927001487463,0.0041080000810325,342.3333400860429,159.515625,0.08984375,159.515625
rf,420000,2,268,12,70,0.3080130000598728,0.0040083999047055,334.033325392132,159.5859375,0.09375,159.6484375
rf,430000,0,267,13,70,0.1546191000379622,0.0039066500030457,300.5115386958305,159.6484375,0.0234375,159.6484375
rf,430000,1,267,13,70,0.1538867000490427,0.0038320999592542,294.77691994263574,159.6484375,0.0234375,159.6484375
rf,430000,2,267,13,70,0.1547163999639451,0.0040421499870717,310.9346143901348,159.65625,0.03125,159.65625
rf,440000,0,259,21,6,0.0758404000662267,0.0037783499574288,179.92142654423202,159.65625,0.0234375,159.65625
rf,440000,1,259,21,6,0.0764975999481976,0.00352120003663,167.67619222047784,159.65625,0.0234375,159.65625
rf,440000,2,259,21,6,0.0799783999100327,0.0037497001467272,178.55714984415542,159.66015625,0.0234375,159.66015625
rf,450000,0,266,14,70,0.186627599876374,0.0038558499654754,275.4178546768214,159.66015625,0.0234375,159.65625
rf,450000,1,266,14,70,0.1875104999635368,0.0039866500301286,284.7607164377613,159.65625,0.0234375,159.65234375
rf,450000,2,266,14,70,0.1865942000877112,0.0040652500465512,290.3750033250877,159.65625,0.02734375,159.71875
rf,460000,0,278,2,6,0.0799590998794883,0.0037298499373719,1864.9249686859548,159.71875,0.0234375,159.71875
rf,460000,1,278,2,6,0.0778948999941349,0.0036186500219628,1809.3250109814107,159.71875,0.0234375,159.71484375
rf,460000,2,278,2,6,0.0814475000370293,0.0035059499787166,1752.9749893583355,159.71484375,0.0234375,159.71484375
rf,510000,0,262,18,74,0.3142075999639928,0.0039864000864326,221.46667146848307,159.91015625,0.21484375,159.91015625
rf,510000,1,262,18,74,0.3167434001807123,0.0040474499110132,224.85832838962477,160.10546875,0.21875,160.10546875
rf,510000,2,262,18,74,0.3116123001091182,0.003958799992688,219.9333329271111,160.10546875,0.0234375,160.10546875
rf,520000,0,274,6,6,0.0816943000536412,0.0035404999507591,590.0833251265188,160.10546875,0.0234375,160.10546875
rf,520000,1,274,6,6,0.0796407000161707,0.003489650087431,581.6083479051789,160.10546875,0.0234375,160.10546875
rf,520000,2,274,6,6,0.0822773000691086,0.0035175500670447,586.2583445074657,160.10546875,0.0234375,160.10546875
rf,530000,0,272,8,6,0.0810800001490861,0.0036472999490797,455.912493634969,160.10546875,0.0234375,160.1015625
rf,530000,1,272,8,6,0.0816597000230103,0.0036866000154986,460.8250019373372,160.1015625,0.0234375,160.1015625
rf,530000,2,272,8,6,0.0823915000073611,0.0036029500188305,450.3687523538247,160.1015625,0.0234375,160.1015625
rf,540000,0,275,5,74,0.1949128999840468,0.0038492500316351,769.850006327033,160.23828125,0.16015625,160.23828125
rf,540000,1,275,5,74,0.1953761000186205,0.0039598499424755,791.9699884951115,160.35546875,0.140625,160.35546875
rf,540000,2,275,5,74,0.2014863998629152,0.004019399988465,803.8799976930022,160.359375,0.02734375,160.359375
rf,610000,0,270,10,6,0.0810721998568624,0.0036288498668,362.884986680001,160.42578125,0.02734375,160.42578125
rf,610000,1,270,10,6,0.0798011000733822,0.0035649999044835,356.4999904483557,160.42578125,0.0234375,160.42578125
rf,610000,2,270,10,6,0.0791001999750733,0.0035951500758528,359.5150075852871,160.4296875,0.02734375,160.4296875
rf,620000,0,268,12,70,0.1878094999119639,0.0038042500382289,317.0208365190774,160.4296875,0.0234375,160.4296875
rf,620000,1,268,12,70,0.1914703999646008,0.0039200000464916,326.6666705409686,160.4296875,0.0234375,160.4296875
rf,620000,2,268,12,70,0.1865471999626606,0.0039793999167159,331.61665972632665,160.4296875,0.0234375,160.4296875
rf,630000,0,278,2,6,0.0794593000318855,0.0035635500680655,1781.775034032762,160.4296875,0.0234375,160.4296875
rf,630000,1,278,2,6,0.0800817999988794,0.0035879500210285,1793.975010514259,160.4296875,0.0234375,160.4296875
rf,630000,2,278,2,6,0.081403600051999,0.0035276000853627,1763.800042681396,160.62109375,0.2109375,160.62109375
rf,640000,0,275,5,6,0.0806848998181521,0.0035919999936595,718.3999987319112,160.6875,0.08984375,160.6875
rf,640000,1,275,5,6,0.0814632999245077,0.0037551500136032,751.030002720654,160.6875,0.0234375,160.6875
rf,640000,2,275,5,6,0.0803921001497656,0.003610749845393,722.1499690786004,160.6875,0.0234375,160.6875
rf,650000,0,279,1,6,0.0710138999857008,0.0037405500188469,3740.5500188469887,160.6875,0.0234375,160.6875
rf,650000,1,279,1,6,0.0681310000363737,0.0037111499113962,3711.149911396205,160.6875,0.0234375,160.6875
rf,650000,2,279,1,6,0.0702031999826431,0.0036399499513208,3639.949951320887,160.6875,0.0234375,160.6875
svr,130000,0,269,11,10,0.0143544999882578,0.000453499960713,41.22726915573532,156.16796875,0.81640625,156.2421875
svr,130000,1,269,11,10,0.0051031000912189,0.0004560500383377,41.45909439433705,156.375,0.02734375,156.3984375
svr,130000,2,269,11,10,0.0047631999477744,0.0004519498907029,41.08635370026935,156.41796875,0.0234375,156.43359375
svr,140000,0,270,10,10,0.0050699000712484,0.0004621999105438,46.2199910543859,156.5,0.02734375,156.50390625
svr,140000,1,270,10,10,0.0048613001126796,0.0004320500884205,43.20500884205103,156.5078125,0.02734375,156.5078125
svr,140000,2,270,10,10,0.0049034999683499,0.0004223500145599,42.23500145599246,156.51171875,0.0234375,156.51171875
svr,150000,0,271,9,6,0.0046737000811845,0.0004329500952735,48.10556614150604,156.5234375,0.02734375,156.5234375
svr,150000,1,271,9,6,0.0043444999027997,0.0004144499544054,46.04999493393633,156.5234375,0.0234375,156.5234375
svr,150000,2,271,9,6,0.0048879000823944,0.0004212500061839,46.80555624266466,156.5234375,0.0234375,156.5234375
svr,210000,0,266,14,6,0.0042022000998258,0.0004384998464956,31.321417606834853,156.5234375,0.0234375,156.5234375
svr,210000,1,266,14,6,0.0040658998768776,0.0004306499613448,30.760711524635557,156.53125,0.0234375,156.53125
svr,210000,2,266,14,6,0.0045866000000387,0.0004418001044541,31.557150318154267,156.53515625,0.0234375,156.53515625
svr,220000,0,272,8,6,0.0050031000282615,0.0004027498653158,50.34373316448182,156.56640625,0.0546875,156.56640625
svr,220000,1,272,8,6,0.0050754998810589,0.0004119500517845,51.49375647306442,156.56640625,0.0234375,156.56640625
svr,220000,2,272,8,6,0.0044678000267595,0.0004216500092297,52.706251153722405,156.56640625,0.0234375,156.56640625
svr,230000,0,274,6,6,0.0042970001231879,0.0003866499755531,64.44166259219249,156.61328125,0.0703125,156.61328125
svr,230000,1,274,6,6,0.0041954999323934,0.0003881499869748,64.69166449581583,156.61328125,0.0234375,156.61328125
svr,230000,2,274,6,6,0.0044482999946922,0.0004039499908685,67.32499847809474,156.61328125,0.0234375,156.61328125
svr,350000,0,271,9,6,0.0047548001166433,0.0004064999520778,45.16666134198507,156.625,0.0234375,156.625
svr,350000,1,271,9,6,0.0042743000667542,0.0004324499750509,48.04999722788731,156.62890625,0.0234375,156.62890625
svr,350000,2,271,9,6,0.0046703999396413,0.000407850020565,45.31666895167695,156.6328125,0.0234375,156.6328125
svr,360000,0,269,11,10,0.0046844000462442,0.0004350499948486,39.549999531697146,156.63671875,0.0234375,156.63671875
svr,360000,1,269,11,10,0.0045741000212728,0.000464350101538,42.21364559436386,156.640625,0.0234375,156.640625
svr,360000,2,269,11,10,0.0045615001581609,0.0004341498715803,39.46817014366388,156.64453125,0.0234375,156.64453125
svr,370000,0,264,16,10,0.0057147999759763,0.0004737999988719,29.61249992949888,156.66015625,0.0234375,156.66015625
svr,370000,1,264,16,10,0.0052793000359088,0.0004947499837726,30.92187398578972,156.66015625,0.0234375,156.6640625
svr,370000,2,264,16,10,0.0047613000497221,0.0004889499396085,30.55937122553587,156.6640625,0.0234375,156.6640625
svr,410000,0,263,17,10,0.0054754999000579,0.0004913000157102,28.90000092413496,156.6796875,0.0234375,156.6796875
svr,410000,1,263,17,10,0.0048863999545574,0.0005009500309824,29.4676488813232,156.6796875,0.0234375,156.6796875
svr,410000,2,263,17,10,0.0053799001034349,0.0004823999479413,28.37646752595901,156.6796875,0.0234375,156.6796875
svr,420000,0,268,12,6,0.0042818000074476,0.0004370999522507,36.42499602089325,156.6796875,0.0234375,156.6796875
svr,420000,1,268,12,6,0.0044365001376718,0.0004543998511508,37.86665426256756,156.68359375,0.02734375,156.68359375
svr,420000,2,268,12,6,0.0046457001008093,0.0004357500001788,36.31250001490116,156.69140625,0.03125,156.69140625
svr,430000,0,267,13,6,0.0044088999275118,0.00045864994172,35.280764747697575,156.69140625,0.0234375,156.69140625
svr,430000,1,267,13,6,0.005705100018531,0.0004750000080093,36.53846215456724,156.6953125,0.0234375,156.6953125
svr,430000,2,267,13,6,0.004654899938032,0.000437100068666,33.62308220508007,156.6953125,0.0234375,156.6953125
svr,440000,0,259,21,6,0.0045941001735627,0.0004937499761581,23.5119036265782,156.6953125,0.0234375,156.6953125
svr,440000,1,259,21,6,0.0046993000432848,0.0004935500910505,23.50238528812216,156.6953125,0.0234375,156.6953125
svr,440000,2,259,21,6,0.0040585999377071,0.000509800040163,24.27619238871904,156.6953125,0.0234375,156.6953125
svr,450000,0,266,14,6,0.0046967999078333,0.0004452000139281,31.800000994865385,156.69921875,0.0234375,156.69921875
svr,450000,1,266,14,6,0.0042091000359505,0.0004475499736145,31.96785525817956,156.703125,0.0234375,156.703125
svr,450000,2,266,14,6,0.0043676001951098,0.0004461499629542,31.867854496730224,156.70703125,0.0234375,156.70703125
svr,460000,0,278,2,6,0.0049308000598102,0.0003689000150188,184.45000750944016,156.7109375,0.0234375,156.7109375
svr,460000,1,278,2,6,0.0043886001221835,0.0003663500538095,183.1750269047916,156.7109375,0.0234375,156.7109375
svr,460000,2,278,2,6,0.0045698001049458,0.0003525000065565,176.25000327825546,156.71484375,0.02734375,156.71484375
svr,510000,0,262,18,6,0.0041068000718951,0.0004713998641818,26.188881343437565,156.71875,0.0234375,156.71875
svr,510000,1,262,18,6,0.0041712999809533,0.0004563999827951,25.355554599728848,156.71875,0.0234375,156.71875
svr,510000,2,262,18,6,0.0040597000624984,0.0004580499371513,25.447218730631803,156.71875,0.0234375,156.71875
svr,520000,0,274,6,6,0.0051058998797088,0.0004010500852018,66.84168086697657,156.7265625,0.0234375,156.7265625
svr,520000,1,274,6,6,0.004794199950993,0.0003880498697981,64.67497829968731,156.7265625,0.0234375,156.7265625
svr,520000,2,274,6,6,0.0046993000432848,0.0004320999141782,72.01665236304204,156.7265625,0.0234375,156.7265625
svr,530000,0,272,8,6,0.004284800030291,0.0004030499840155,50.38124800194055,156.7265625,0.0234375,156.7265625
svr,530000,1,272,8,6,0.0044138000812381,0.0004022000357508,50.27500446885824,156.73046875,0.0234375,156.73046875
svr,530000,2,272,8,6,0.0048837000504136,0.0004383999621495,54.799995268695056,156.73828125,0.0234375,156.73828125
svr,540000,0,275,5,6,0.0046271001920104,0.0003791499184444,75.82998368889093,156.74609375,0.0234375,156.74609375
svr,540000,1,275,5,6,0.0044555999338626,0.0003839500714093,76.79001428186893,156.74609375,0.0234375,156.74609375
svr,540000,2,275,5,6,0.0045380000956356,0.0003921499010175,78.42998020350933,156.74609375,0.0234375,156.74609375
svr,610000,0,270,10,6,0.0047096000052988,0.000421000062488,42.10000624880195,156.7578125,0.0234375,156.7578125
svr,610000,1,270,10,6,0.0051258001476526,0.0004276499385014,42.76499385014176,156.7578125,0.0234375,156.7578125
svr,610000,2,270,10,6,0.0048162001185119,0.0004202499985694,42.02499985694885,156.76171875,0.0234375,156.76171875
svr,620000,0,268,12,10,0.004579700063914,0.0004579499363899,38.162494699160256,156.76171875,0.0234375,156.76171875
svr,620000,1,268,12,10,0.0049781000707298,0.0004514999454841,37.62499545700848,156.76171875,0.0234375,156.76171875
svr,620000,2,268,12,10,0.0047551000025123,0.0005186500493437,43.22083744530877,156.765625,0.0234375,156.76953125
svr,630000,0,278,2,6,0.0043740000110119,0.000357300043106,178.65002155303955,156.78125,0.0234375,156.78125
svr,630000,1,278,2,6,0.0076097999699413,0.0003808999899774,190.4499949887395,156.78125,0.0234375,156.78125
svr,630000,2,278,2,6,0.0052169999107718,0.0003436000552028,171.80002760142088,156.78125,0.0234375,156.78125
svr,640000,0,275,5,6,0.0028674998320639,0.0003644999815151,72.89999630302191,156.78125,0.0234375,156.78125
svr,640000,1,275,5,6,0.0031072001438587,0.0003696500789374,73.93001578748226,156.78125,0.0234375,156.78125
svr,640000,2,275,5,6,0.0028341000434011,0.000385099905543,77.01998110860586,156.78125,0.0234375,156.78125
svr,650000,0,279,1,6,0.0046876999549567,0.0003515998832881,351.59988328814507,156.78515625,0.02734375,156.78515625
svr,650000,1,279,1,6,0.0043470000382512,0.0003531500697135,353.15006971359253,156.7890625,0.0234375,156.7890625
svr,650000,2,279,1,6,0.0047995999921113,0.0003505001077428,350.500107742846,156.79296875,0.0234375,156.79296875
geometric,130000,0,269,11,74/74/6,0.0125037000980228,0.0015013000229373,136.4818202670325,155.98046875,0.953125,156.5078125
geometric,130000,1,269,11,74/74/6,0.0090294000692665,0.0017311499686911,157.37726988101548,156.69140625,0.0859375,157.06640625
geometric,130000,2,269,11,74/74/6,0.0099016998428851,0.0015326000284403,139.32727531275967,157.06640625,0.0234375,157.50390625
geometric,140000,0,270,10,69/74/6,0.0093364000786095,0.0015104999765753,151.04999765753746,157.515625,0.02734375,157.52734375
geometric,140000,1,270,10,69/74/6,0.0085183000192046,0.001462550018914,146.2550018914044,157.52734375,0.0234375,157.52734375
geometric,140000,2,270,10,69/74/6,0.0082956999540328,0.001492149895057,149.21498950570822,157.52734375,0.0234375,157.52734375
geometric,150000,0,271,9,69/70/10,0.0096810001414269,0.0014880499802529,165.33888669477568,157.53125,0.02734375,157.53125
geometric,150000,1,271,9,69/70/10,0.0086077000014483,0.0015253501478582,169.48334976202912,157.53125,0.0234375,157.53125
geometric,150000,2,271,9,69/70/10,0.0091097000986337,0.0015047498745843,167.1944305093752,157.53125,0.0234375,157.53125
geometric,210000,0,266,14,74/74/6,0.0097148998174816,0.0015565999783575,111.18571273982523,157.5390625,0.0234375,157.5390625
geometric,210000,1,266,14,74/74/6,0.0086446001660078,0.0015800500987097,112.86072133641156,157.546875,0.0234375,157.546875
geometric,210000,2,266,14,74/74/6,0.0088927999604493,0.001562500023283,111.60714452021888,157.546875,0.0234375,157.546875
geometric,220000,0,272,8,74/70/6,0.0092708000447601,0.0014986000023782,187.32500029727817,157.609375,0.0234375,157.609375
geometric,220000,1,272,8,74/70/6,0.0090648001059889,0.001530050067231,191.2562584038824,157.609375,0.0234375,157.609375
geometric,220000,2,272,8,74/70/6,0.0079781000968068,0.0014386000111699,179.8250013962388,157.609375,0.0234375,157.609375
geometric,230000,0,274,6,74/74/6,0.0079166998621076,0.0015367999440059,256.13332400098443,157.609375,0.0234375,157.609375
geometric,230000,1,274,6,74/74/6,0.0096126999706029,0.0015227500116452,253.7916686075429,157.609375,0.0234375,157.609375
geometric,230000,2,274,6,74/74/6,0.0093762001488357,0.0015180499758571,253.0083293095231,157.609375,0.0234375,157.609375
geometric,350000,0,271,9,74/70/6,0.0098302001133561,0.0015112500404939,167.9166711659895,157.609375,0.0234375,157.609375
geometric,350000,1,271,9,74/70/6,0.0079272999428212,0.0014805500395596,164.50555995106697,157.609375,0.0234375,157.609375
geometric,350000,2,271,9,74/70/6,0.0085741998627781,0.0014877000357955,165.30000397728548,157.609375,0.0234375,157.609375
geometric,360000,0,269,11,74/70/6,0.0093412001151591,0.001563600031659,142.1454574235461,157.61328125,0.0234375,157.61328125
geometric,360000,1,269,11,74/70/6,0.009028400061652,0.0015124499332159,137.49544847417965,157.61328125,0.0234375,157.61328125
geometric,360000,2,269,11,74/70/6,0.0094419000670313,0.0015109500382095,137.35909438268706,157.61328125,0.0234375,157.61328125
geometric,370000,0,264,16,74/70/6,0.0078600000124424,0.001496999990195,93.56249938718976,157.62890625,0.0390625,157.640625
geometric,370000,1,264,16,74/70/6,0.009192100027576,0.001538399956189,96.1499972618185,157.640625,0.0234375,157.640625
geometric,370000,2,264,16,74/70/6,0.0088541998993605,0.0014824500540271,92.65312837669626,157.640625,0.0234375,157.640625
geometric,410000,0,263,17,69/74/6,0.0077673001214861,0.0015058999415487,88.582349502865,157.64453125,0.0234375,157.64453125
geometric,410000,1,263,17,69/74/6,0.0076017000246793,0.0015136499423533,89.03823190313928,157.64453125,0.0234375,157.64453125
geometric,410000,2,263,17,69/74/6,0.009253499796614,0.0015430500498041,90.76764998847948,157.64453125,0.0234375,157.64453125
geometric,420000,0,268,12,74/74/10,0.0092543999198824,0.0015307499561458,127.56249634549022,157.64453125,0.0234375,157.64453125
geometric,420000,1,268,12,74/74/10,0.0088197002187371,0.0015340000391006,127.83333659172058,157.64453125,0.0234375,157.64453125
geometric,420000,2,268,12,74/74/10,0.0088263000361621,0.0015422499272972,128.52082727476954,157.64453125,0.0234375,157.71484375
geometric,430000,0,267,13,69/74/6,0.0090822998899966,0.0014974500518292,115.18846552532452,157.7265625,0.03515625,157.7265625
geometric,430000,1,267,13,69/74/6,0.0094908000901341,0.0016769500216469,128.9961555113013,157.7265625,0.0234375,157.7265625
geometric,430000,2,267,13,69/74/6,0.0089263999834656,0.0015341999242082,118.015378785248,157.7265625,0.0234375,157.7265625
geometric,440000,0,259,21,69/69/6,0.0087467001285403,0.0015172500861808,72.25000410385076,157.7265625,0.0234375,157.7265625
geometric,440000,1,259,21,69/69/6,0.0078041998203843,0.0014740499900653,70.19285666978075,157.7265625,0.0234375,157.7265625
geometric,440000,2,259,21,69/69/6,0.007919399999082,0.0014854001346975,70.7333397475027,157.7265625,0.0234375,157.7265625
geometric,450000,0,266,14,74/70/6,0.0086886000353842,0.0015630999114364,111.64999367403132,157.7265625,0.0234375,157.7265625
geometric,450000,1,266,14,74/70/6,0.0078177000395953,0.0014981998829171,107.01427735122186,157.7265625,0.0234375,157.7265625
geometric,450000,2,266,14,74/70/6,0.0092376000247895,0.0015123501652851,108.02501180608358,157.7265625,0.0234375,157.7265625
geometric,460000,0,278,2,74/70/10,0.0096320998854935,0.0016030999831855,801.5499915927649,157.7265625,0.0234375,157.7265625
geometric,460000,1,278,2,74/70/10,0.0078700999729335,0.0016060499474406,803.0249737203121,157.7265625,0.0234375,157.7265625
geometric,460000,2,278,2,74/70/10,0.0085487000178545,0.0015326999127864,766.3499563932419,157.7265625,0.0234375,157.7265625
geometric,510000,0,262,18,74/74/6,0.0081714000552892,0.0014747499953955,81.93055529975229,157.7265625,0.0234375,157.7265625
geometric,510000,1,262,18,74/74/6,0.0080148999113589,0.0015523999463766,86.24444146537118,157.7265625,0.0234375,157.7265625
geometric,510000,2,262,18,74/74/6,0.0111644000280648,0.0015152500709518,84.18055949732661,157.7578125,0.0546875,157.7578125
geometric,520000,0,274,6,74/70/10,0.0089521999470889,0.0015121499309316,252.02498848860463,157.76171875,0.0234375,157.76171875
geometric,520000,1,274,6,74/70/10,0.0086942999623715,0.0015862500295042,264.3750049173832,157.76171875,0.0234375,157.76171875
geometric,520000,2,274,6,74/70/10,0.0085974999237805,0.0015189499827101,253.1583304516971,157.765625,0.0234375,157.765625
geometric,530000,0,272,8,74/70/6,0.0092729998286813,0.0015904000028967,198.80000036209825,157.765625,0.0234375,157.765625
geometric,530000,1,272,8,74/70/6,0.0083262000698596,0.0015923500759527,199.0437594940886,157.765625,0.0234375,157.765625
geometric,530000,2,272,8,74/70/6,0.0080031000543385,0.001505900057964,188.23750724550337,157.765625,0.0234375,157.765625
geometric,540000,0,275,5,74/70/6,0.0084746999200433,0.0016159500228241,323.1900045648217,157.765625,0.0234375,157.765625
geometric,540000,1,275,5,74/70/6,0.009099300019443,0.0014979999978095,299.59999956190586,157.765625,0.0234375,157.765625
geometric,540000,2,275,5,74/70/6,0.0092263999395072,0.0015751499449834,315.0299889966845,157.765625,0.0234375,157.765625
geometric,610000,0,270,10,74/70/10,0.0085952000226825,0.0015499999281018,154.99999281018972,157.765625,0.0234375,157.765625
geometric,610000,1,270,10,74/70/10,0.0079799001105129,0.0015019499696791,150.19499696791172,157.765625,0.0234375,157.765625
geometric,610000,2,270,10,74/70/10,0.0092809000052511,0.0015782000264152,157.82000264152884,157.765625,0.0234375,157.77734375
geometric,620000,0,268,12,74/74/6,0.0083994001615792,0.0015186999225988,126.55832688324152,157.79296875,0.0234375,157.79296875
geometric,620000,1,268,12,74/74/6,0.008608000120148,0.001538950135,128.24584458333752,157.79296875,0.0234375,157.79296875
geometric,620000,2,268,12,74/74/6,0.0094333000015467,0.0015708500286564,130.90416905470192,157.79296875,0.0234375,157.796875
geometric,630000,0,278,2,74/74/10,0.0100598998833447,0.001538399956189,769.199978094548,157.796875,0.0234375,157.796875
geometric,630000,1,278,2,74/74/10,0.0080788999330252,0.0015136001165956,756.8000582978129,157.796875,0.0234375,157.796875
geometric,630000,2,278,2,74/74/10,0.0082644999492913,0.0014813999878242,740.6999939121306,157.796875,0.0234375,157.796875
geometric,640000,0,275,5,69/70/10,0.0085201999172568,0.0015163999050855,303.27998101711273,157.81640625,0.0234375,157.81640625
geometric,640000,1,275,5,69/70/10,0.0091421001125127,0.0015227501280605,304.55002561211586,157.81640625,0.0234375,157.81640625
geometric,640000,2,275,5,69/70/10,0.0084857998881489,0.0016281499993056,325.6299998611212,157.81640625,0.0234375,157.81640625
geometric,650000,0,279,1,69/70/10,0.0078135000076144,0.0015468499623239,1546.849962323904,157.81640625,0.0234375,157.81640625
geometric,650000,1,279,1,69/70/10,0.0085000998806208,0.0015037999255582,1503.799925558269,157.81640625,0.0234375,157.81640625
geometric,650000,2,279,1,69/70/10,0.008630699943751,0.0015188499819487,1518.849981948733,157.81640625,0.0234375,157.81640625
cmhdi,130000,0,269,11,74/74/6,0.0868973000906407,0.0017056500073522,155.05909157747573,156.0,1.56640625,156.46484375
cmhdi,130000,1,269,11,74/74/6,0.0799358999356627,0.0016679500695317,151.63182450289077,157.5078125,0.0546875,157.9296875
cmhdi,130000,2,269,11,74/74/6,0.0818246998824179,0.0015673500020056,142.48636381869966,157.984375,0.07421875,158.41796875
cmhdi,140000,0,270,10,69/74/6,0.083034599898383,0.0016258999239653,162.5899923965335,158.7578125,0.36328125,158.8203125
cmhdi,140000,1,270,10,69/74/6,0.0813837999012321,0.0016259999247267,162.59999247267842,159.0078125,0.20703125,159.0078125
cmhdi,140000,2,270,10,69/74/6,0.0810769000090658,0.0015297000063583,152.97000063583255,159.0078125,0.0234375,159.3203125
cmhdi,150000,0,271,9,69/70/10,0.1012683999724686,0.0070412500062957,782.3611118106378,159.4765625,0.1796875,159.4765625
cmhdi,150000,1,271,9,69/70/10,0.3482668998185545,0.0085284999804571,947.6111089396808,159.4765625,0.0234375,159.4765625
cmhdi,150000,2,271,9,69/70/10,0.3576907999813556,0.0081925999838858,910.2888870984316,159.5390625,0.0859375,159.9140625
cmhdi,210000,0,266,14,74/74/6,0.3519450998865068,0.0096468001138418,689.0571509887066,159.9140625,0.0234375,159.9140625
cmhdi,210000,1,266,14,74/74/6,0.3257522000931203,0.0080383500317111,574.1678594079401,159.9140625,0.0234375,160.0390625
cmhdi,210000,2,266,14,74/74/6,0.3436443000100553,0.008854049956426,632.432139744716,160.1015625,0.0859375,160.4765625
cmhdi,220000,0,272,8,74/70/6,0.3475649000611156,0.0082269998965784,1028.3749870723111,160.55078125,0.09765625,160.55078125
cmhdi,220000,1,272,8,74/70/6,0.3701091001275927,0.0085949000203982,1074.362502549775,160.55078125,0.0234375,160.55078125
cmhdi,220000,2,272,8,74/70/6,0.3555211999919265,0.0079728498822078,996.6062352759764,160.55078125,0.0234375,160.92578125
cmhdi,230000,0,274,6,74/74/6,0.3218443000223487,0.0090169000905007,1502.8166817501187,161.09765625,0.1953125,161.12890625
cmhdi,230000,1,274,6,74/74/6,0.3506241999566555,0.0084912501042708,1415.2083507118125,161.13671875,0.02734375,161.13671875
cmhdi,230000,2,274,6,74/74/6,0.3505024998448789,0.0081070499727502,1351.1749954583745,161.13671875,0.0234375,161.3515625
cmhdi,350000,0,271,9,74/70/6,0.4969045999459922,0.0084571000188589,939.6777798732122,161.5234375,0.1953125,161.5859375
cmhdi,350000,1,271,9,74/70/6,0.343107100110501,0.0082560001173987,917.3333463776444,161.6484375,0.0234375,161.6484375
cmhdi,350000,2,271,9,74/70/6,0.3450207998976111,0.0100889999885112,1120.9999987234671,161.6484375,0.0234375,161.9609375
cmhdi,360000,0,269,11,74/70/6,0.3405695001129061,0.001992949983105,181.1772711913694,161.96484375,0.0234375,161.96484375
cmhdi,360000,1,269,11,74/70/6,0.0997083999682217,0.0017476499779149,158.87727071954444,162.0859375,0.08203125,162.0859375
cmhdi,360000,2,269,11,74/70/6,0.1150775998830795,0.0015741999959573,143.1090905415741,162.08984375,0.02734375,162.46484375
cmhdi,370000,0,264,16,74/70/6,0.0852550999261438,0.0016909000696614,105.6812543538399,162.46484375,0.0234375,162.46875
cmhdi,370000,1,264,16,74/70/6,0.0817755002062767,0.0017229998484253,107.68749052658676,162.5390625,0.0234375,162.7265625
cmhdi,370000,2,264,16,74/70/6,0.0870275001507252,0.0016033001011237,100.2062563202344,162.73046875,0.0234375,163.10546875
cmhdi,410000,0,263,17,69/74/6,0.0777316000312566,0.0015945999184623,93.79999520366682,163.10546875,0.0234375,163.18359375
cmhdi,410000,1,263,17,69/74/6,0.0777012000326067,0.001680500106886,98.85294746388408,163.30078125,0.03515625,163.33203125
cmhdi,410000,2,263,17,69/74/6,0.0771891002077609,0.0016876000445336,99.27059085491824,163.36328125,0.0546875,163.78515625
cmhdi,420000,0,268,12,74/74/10,0.0911979998927563,0.0015717499190941,130.97915992451212,163.78515625,0.0234375,163.80078125
cmhdi,420000,1,268,12,74/74/10,0.0888046999461948,0.00166645005811,138.8708381758382,163.859375,0.0234375,163.91796875
cmhdi,420000,2,268,12,74/74/10,0.0946087001357227,0.0017083500279113,142.36250232594708,163.98046875,0.0859375,164.35546875
cmhdi,430000,0,267,13,69/74/6,0.0804051999002695,0.0017279000021517,132.91538478090212,164.35546875,0.0234375,164.41796875
cmhdi,430000,1,267,13,69/74/6,0.0782776998821646,0.0016126498812809,124.04999086776606,164.60546875,0.19921875,164.60546875
cmhdi,430000,2,267,13,69/74/6,0.0767117999494075,0.001555849914439,119.68076264915558,164.609375,0.02734375,164.96875
cmhdi,440000,0,259,21,69/69/6,0.0713771001901477,0.0016496999887749,78.55714232261691,164.96875,0.0234375,164.99609375
cmhdi,440000,1,259,21,69/69/6,0.082375300116837,0.0020425500115379,97.26428626371282,165.43359375,0.03125,165.43359375
cmhdi,440000,2,259,21,69/69/6,0.0761647999752312,0.0015975999413058,76.07618768122934,165.43359375,0.0234375,165.7421875
cmhdi,450000,0,266,14,74/70/6,0.0860235001891851,0.0015815999358892,112.97142399208886,165.76171875,0.0390625,165.80859375
cmhdi,450000,1,266,14,74/70/6,0.0917249999474734,0.0016015500295907,114.39643068505184,166.03125,0.0234375,166.03125
cmhdi,450000,2,266,14,74/70/6,0.0877532998565584,0.0015992000699043,114.22857642173769,166.03125,0.0234375,166.40625
cmhdi,460000,0,278,2,74/70/10,0.0802754000760614,0.0016514000017195,825.700000859797,166.40625,0.0234375,166.40625
cmhdi,460000,1,278,2,74/70/10,0.0928821999114006,0.0018192500574514,909.6250287257136,166.640625,0.1953125,166.640625
cmhdi,460000,2,278,2,74/70/10,0.0814004000276327,0.0016911500133574,845.5750066787004,166.640625,0.0234375,166.765625
cmhdi,510000,0,262,18,74/74/6,0.0781348999589681,0.0017549500335007,97.49722408337726,166.765625,0.0234375,166.828125
cmhdi,510000,1,262,18,74/74/6,0.0785463000647723,0.0017569999909028,97.6111106057134,167.140625,0.09765625,167.140625
cmhdi,510000,2,262,18,74/74/6,0.0777088000904768,0.0017146000172942,95.25555651634932,167.140625,0.0234375,167.453125
cmhdi,520000,0,274,6,74/70/10,0.0808490999042987,0.0017740000039339,295.6666673223178,167.515625,0.0859375,167.53125
cmhdi,520000,1,274,6,74/70/10,0.0789117000531405,0.0015687500126659,261.4583354443312,167.53125,0.0234375,167.53125
cmhdi,520000,2,274,6,74/70/10,0.0811294999439269,0.0015803501009941,263.3916834990184,167.53515625,0.0234375,167.76953125
cmhdi,530000,0,272,8,74/70/6,0.0800068001262843,0.0017310001421719,216.37501777149737,167.94140625,0.1953125,168.00390625
cmhdi,530000,1,272,8,74/70/6,0.0745407999493181,0.0016776998527348,209.7124815918505,168.00390625,0.0234375,168.00390625
cmhdi,530000,2,272,8,74/70/6,0.0748375998809933,0.0016411499818786,205.14374773483723,168.00390625,0.0234375,168.25390625
cmhdi,540000,0,275,5,74/70/6,0.0818288999143987,0.002958650002256,591.7300004512072,168.25390625,0.0234375,168.26953125
cmhdi,540000,1,275,5,74/70/6,0.0804322999902069,0.0015326499706134,306.529994122684,168.2890625,0.0234375,168.2890625
cmhdi,540000,2,275,5,74/70/6,0.0819757999852299,0.0016859500901773,337.19001803547144,168.2890625,0.0234375,168.50390625
cmhdi,610000,0,270,10,74/70/10,0.0736646999139338,0.0017390499124303,173.9049912430346,168.51171875,0.02734375,168.578125
cmhdi,610000,1,270,10,74/70/10,0.0763500998727977,0.0018184499349445,181.84499349445105,168.64453125,0.0234375,168.64453125
cmhdi,610000,2,270,10,74/70/10,0.074692599941045,0.0025054999860003,250.5499986000359,168.64453125,0.0234375,169.01953125
cmhdi,620000,0,268,12,74/74/6,0.0779007000382989,0.0016111501026898,134.26250855748853,169.01953125,0.0234375,169.08203125
cmhdi,620000,1,268,12,74/74/6,0.0756004001013934,0.0016076500760391,133.97083966992795,169.1640625,0.0234375,169.1640625
cmhdi,620000,2,268,12,74/74/6,0.0772687001153826,0.0018997999140992,158.316659508273,169.1640625,0.0234375,169.51953125
cmhdi,630000,0,278,2,74/74/10,0.0716959000565111,0.0016185499262064,809.2749631032348,169.51953125,0.0234375,169.58203125
cmhdi,630000,1,278,2,74/74/10,0.0744211999699473,0.0016656499356031,832.8249678015709,169.58203125,0.0234375,169.58203125
cmhdi,630000,2,278,2,74/74/10,0.0725843000691384,0.0017094500362873,854.7250181436539,169.75390625,0.1953125,169.81640625
cmhdi,640000,0,275,5,69/70/10,0.0748114001471549,0.001741699874401,348.3399748802185,169.81640625,0.0234375,169.87890625
cmhdi,640000,1,275,5,69/70/10,0.0755666000768542,0.0016067000105977,321.3400021195412,169.87890625,0.0234375,169.87890625
cmhdi,640000,2,275,5,69/70/10,0.0752163999713957,0.0014950999757274,299.0199951454997,169.87890625,0.0234375,170.00390625
cmhdi,650000,0,279,1,69/70/10,0.0800037998706102,0.0015981999458745,1598.1999458745122,170.00390625,0.0234375,170.06640625
cmhdi,650000,1,279,1,69/70/10,0.0794399001169949,0.0022629998857155,2262.999885715544,170.0703125,0.0234375,170.0703125
cmhdi,650000,2,279,1,69/70/10,0.0777988000772893,0.0015354000497609,1535.4000497609377,170.0703125,0.0234375,170.0703125
resmlp,130000,0,269,11,74,2.1453428000677377,0.0013203000416979,120.02727651799268,379.20703125,72.56640625,379.49609375
resmlp,130000,1,269,11,74,0.8204777000937611,0.0012527998769655,113.89089790596203,380.59765625,0.99609375,380.75
resmlp,130000,2,269,11,74,0.8104948999825865,0.0012295999331399,111.78181210363454,381.1015625,0.3671875,381.23046875
resmlp,140000,0,270,10,74,0.3732341001741588,0.0014703499618917,147.03499618917704,389.20703125,8.0,389.21875
resmlp,140000,1,270,10,74,0.3510462001431733,0.0013995999470353,139.9599947035313,392.9453125,3.7421875,392.953125
resmlp,140000,2,270,10,74,0.3344442001543939,0.0014775500167161,147.75500167161226,393.1015625,0.16796875,393.1640625
resmlp,150000,0,271,9,74,0.342427299823612,0.0013841501204296,153.79445782552162,394.1328125,0.98046875,394.1328125
resmlp,150000,1,271,9,74,0.3581757999490946,0.0013933998998254,154.8222110917171,394.2109375,0.1015625,394.2109375
resmlp,150000,2,271,9,74,0.3333919001743197,0.0013715999666601,152.39999629557133,394.2109375,0.0234375,394.2109375
resmlp,210000,0,266,14,74,0.829226000001654,0.0016005999641492,114.32856886780688,394.3984375,0.20703125,394.3984375
resmlp,210000,1,266,14,74,0.7276439000852406,0.0015344499843195,109.60357030853628,394.81640625,0.42578125,394.81640625
resmlp,210000,2,266,14,74,0.6661175000481308,0.0015405000885948,110.03572061391812,395.06640625,0.2734375,395.06640625
resmlp,220000,0,272,8,74,0.3402440000791102,0.0012601000489667,157.51250612083822,395.171875,0.12890625,395.171875
resmlp,220000,1,272,8,74,0.3353764000348747,0.0013223501155152,165.29376443941146,395.27734375,0.12109375,395.27734375
resmlp,220000,2,272,8,74,0.3394031999632716,0.0012441999278962,155.52499098703265,395.27734375,0.0234375,395.27734375
resmlp,230000,0,274,6,74,0.4815058000385761,0.0015587500529363,259.79167548939586,395.75,0.453125,395.75
resmlp,230000,1,274,6,74,0.6528364999685436,0.0015853000804781,264.21668007969856,395.81640625,0.03125,395.81640625
resmlp,230000,2,274,6,74,0.6516550001688302,0.0011909499298781,198.49165497968596,395.8515625,0.0546875,395.8515625
resmlp,350000,0,271,9,74,0.6357265999540687,0.0012021500151604,133.57222390671572,395.890625,0.0625,395.890625
resmlp,350000,1,271,9,74,0.6102949001360685,0.0012478500138968,138.65000154409142,395.94921875,0.0703125,395.94921875
resmlp,350000,2,271,9,74,0.6202996000647545,0.001222199993208,135.79999924533897,395.98046875,0.0234375,396.04296875
resmlp,360000,0,269,11,74,0.4148775001522153,0.0012249499559402,111.35908690365878,396.08203125,0.05859375,396.08203125
resmlp,360000,1,269,11,74,0.402636099839583,0.0012424001470208,112.94546791098334,396.0859375,0.0234375,396.0859375
resmlp,360000,2,269,11,74,0.4057672000490129,0.0012191500281915,110.83182074468245,396.0859375,0.0234375,396.0859375
resmlp,370000,0,264,16,74,0.8836699000094086,0.001692600082606,105.78750516287982,396.1796875,0.1171875,396.1796875
resmlp,370000,1,264,16,74,0.882737800013274,0.001522250007838,95.14062548987567,394.51171875,10.04296875,394.51171875
resmlp,370000,2,264,16,74,0.8856707001104951,0.0014395500766113,89.97187978820875,394.0625,9.60546875,394.0625
resmlp,410000,0,263,17,74,0.6669471999630332,0.001413149992004,83.12647011788452,394.625,10.2265625,394.625
resmlp,410000,1,263,17,74,0.6453088000416756,0.0014125499874353,83.09117573149064,395.1875,0.55859375,395.1875
resmlp,410000,2,263,17,74,0.6526226999703795,0.0015987999504432,94.047055908424,395.50390625,0.33984375,395.50390625
resmlp,420000,0,268,12,74,0.3993422000203281,0.0012207999825477,101.73333187898,395.828125,0.34765625,395.828125
resmlp,420000,1,268,12,74,0.4084003998432308,0.001358350040391,113.1958366992573,395.8671875,0.0625,395.8671875
resmlp,420000,2,268,12,74,0.4097450000699609,0.0013061000499874,108.84167083228628,395.8671875,0.0234375,395.8671875
resmlp,430000,0,267,13,74,0.8894549000542611,0.0014934999635443,114.88461258033148,395.984375,0.140625,395.984375
resmlp,430000,1,267,13,74,0.8783424999564886,0.0015655498718842,120.4269132218682,396.0625,0.07421875,396.0625
resmlp,430000,2,267,13,74,0.878049099817872,0.0015256500337272,117.3576949020991,396.0625,0.0234375,396.0625
resmlp,440000,0,259,21,74,0.6667416000273079,0.0015138500602915,72.08809810912325,394.984375,9.4609375,394.9921875
resmlp,440000,1,259,21,74,0.6507117999717593,0.0016638501547276,79.23095974893798,395.3359375,0.34375,395.3359375
resmlp,440000,2,259,21,74,0.648330399999395,0.0015649000415578,74.51904959799279,395.5234375,0.2109375,395.5234375
resmlp,450000,0,266,14,74,1.746381300035864,0.0014895498752593,106.39641966138568,395.63671875,0.13671875,395.63671875
resmlp,450000,1,266,14,74,1.4353517999406904,0.001474649994634,105.3321424738637,395.5390625,10.2421875,395.5390625
resmlp,450000,2,266,14,74,1.434114000061527,0.0016376499552279,116.97499680199792,395.80859375,0.29296875,395.80859375
resmlp,460000,0,278,2,74,0.5536189000122249,0.0012344500282779,617.2250141389668,396.43359375,0.6328125,396.44140625
resmlp,460000,1,278,2,74,0.605548300081864,0.0011499499669298,574.9749834649265,396.703125,0.265625,396.703125
resmlp,460000,2,278,2,74,0.5528824999928474,0.0012376001104712,618.8000552356243,396.78125,0.09765625,396.78125
resmlp,510000,0,262,18,74,0.4000663000624627,0.0012768999440595,70.93888578108616,396.8515625,0.08984375,396.8515625
resmlp,510000,1,262,18,74,0.3960639999713748,0.0012334500206634,68.52500114796891,397.04296875,0.2109375,397.04296875
resmlp,510000,2,262,18,74,0.4304673001170158,0.0015020000282675,83.44444601486127,397.0859375,0.0234375,397.0859375
resmlp,520000,0,274,6,74,0.6220954000018537,0.0021474501118063,357.90835196773213,397.45703125,0.390625,397.45703125
resmlp,520000,1,274,6,74,0.5931440000422299,0.0014301498886197,238.3583147699634,397.53515625,0.1015625,397.53515625
resmlp,520000,2,274,6,74,0.553531999932602,0.0013640500837936,227.3416806322833,397.5390625,0.0234375,397.5390625
resmlp,530000,0,272,8,74,0.2794391999486834,0.0012567000230774,157.08750288467854,397.54296875,0.0234375,397.54296875
resmlp,530000,1,272,8,74,0.2703443998470902,0.0012239499483257,152.99374354071915,397.54296875,0.0234375,397.54296875
resmlp,530000,2,272,8,74,0.2759118999820202,0.0011740499176084,146.75623970106244,397.54296875,0.0234375,397.54296875
resmlp,540000,0,275,5,74,0.5877906999085099,0.0013110500294715,262.2100058943033,397.68359375,0.1640625,397.68359375
resmlp,540000,1,275,5,74,0.6456907999236137,0.0013716999674215,274.33999348431826,397.76171875,0.1015625,397.76171875
resmlp,540000,2,275,5,74,0.5749594999942929,0.0015005999011918,300.11998023837805,397.765625,0.0234375,397.765625
resmlp,610000,0,270,10,74,0.6956062000244856,0.0015194999286904,151.9499928690493,396.81640625,9.82421875,396.81640625
resmlp,610000,1,270,10,74,0.6524614000227302,0.0014264500932767,142.64500932767987,397.24609375,0.453125,397.24609375
resmlp,610000,2,270,10,74,0.6566019000019878,0.0015334500931203,153.34500931203365,397.74609375,0.5234375,397.74609375
resmlp,620000,0,268,12,74,0.5277052000164986,0.0012866500765085,107.2208397090435,397.87109375,0.1484375,397.87109375
resmlp,620000,1,268,12,74,0.5509064001962543,0.0012525500496849,104.37917080707848,397.87890625,0.0234375,397.87890625
resmlp,620000,2,268,12,74,0.5404255997855216,0.0012732999166473,106.10832638728122,397.9296875,0.07421875,397.9296875
resmlp,630000,0,278,2,74,1.6003984999842942,0.0016315501416102,815.7750708051026,398.34375,0.4375,398.34375
resmlp,630000,1,278,2,74,1.5872254001442343,0.0014996000099927,749.8000049963593,398.5,0.171875,398.5
resmlp,630000,2,278,2,74,1.4042209000326693,0.0013107000850141,655.3500425070524,398.50390625,0.0234375,398.50390625
resmlp,640000,0,275,5,74,0.2840201000217348,0.0012587000383064,251.74000766128304,398.53515625,0.0546875,398.53515625
resmlp,640000,1,275,5,74,0.2753866000566631,0.0012352500343695,247.0500068739057,398.5390625,0.0234375,398.5390625
resmlp,640000,2,275,5,74,0.2806571999099105,0.0012403498403728,248.06996807456017,398.54296875,0.0234375,398.54296875
resmlp,650000,0,279,1,74,0.6197916001547128,0.0012901499867439,1290.149986743927,398.92578125,0.40234375,398.92578125
resmlp,650000,1,279,1,74,0.6150138000957668,0.0012056999839842,1205.699983984232,399.10546875,0.140625,399.10546875
resmlp,650000,2,279,1,74,0.6224805999081582,0.0011620500590652,1162.0500590652227,399.10546875,0.0234375,399.10546875
ftt,130000,0,269,11,74,8.008653600001708,0.0037503999192267,340.94544720243323,408.19140625,101.609375,408.5078125
ftt,130000,1,269,11,74,7.273694900097325,0.0035056000342592,318.69091220538724,410.82421875,2.234375,410.94140625
ftt,130000,2,269,11,74,7.003830299945548,0.0032404499361291,294.586357829923,411.16796875,0.25,411.2109375
ftt,140000,0,270,10,74,4.972749999957159,0.0029569999314844,295.6999931484461,411.2265625,0.0,405.2890625
ftt,140000,1,270,10,74,4.673621699912474,0.0027801000978797,278.01000978797674,406.53515625,1.265625,406.546875
ftt,140000,2,270,10,74,4.770822300110012,0.0031164999818429,311.6499981842935,404.20703125,22.8125,404.23828125
ftt,150000,0,271,9,74,5.981208499986678,0.0033559000585228,372.8777842803134,411.6328125,30.21875,411.6328125
ftt,150000,1,271,9,74,5.936806200072169,0.0033145000925287,368.2777880587512,412.01171875,0.39453125,412.01171875
ftt,150000,2,271,9,74,5.86399900005199,0.0033470999915152,371.8999990572532,411.21484375,29.22265625,411.21484375
ftt,210000,0,266,14,74,11.120329200057313,0.0039767500711604,284.053576511464,411.30078125,0.10546875,411.26953125
ftt,210000,1,266,14,74,11.722229700069876,0.0039380999514833,281.29285367737924,411.30078125,0.05078125,411.30078125
ftt,210000,2,266,14,74,11.095294400118291,0.0039247500244528,280.3392874609147,411.484375,0.19921875,411.484375
ftt,220000,0,272,8,74,5.261126999976113,0.0029937999788671,374.2249973583967,412.13671875,0.67578125,412.13671875
ftt,220000,1,272,8,74,5.2443580001126975,0.0027278501074761,340.9812634345144,412.3515625,0.234375,412.3515625
ftt,220000,2,272,8,74,5.153012099908665,0.0030048999469727,375.612493371591,412.359375,0.0234375,412.359375
ftt,230000,0,274,6,74,7.58630369999446,0.0028938999166712,482.3166527785361,406.79296875,24.41015625,406.79296875
ftt,230000,1,274,6,74,7.581344400066882,0.0028095999732613,468.26666221022606,407.51171875,0.73828125,407.5
ftt,230000,2,274,6,74,7.590914000058547,0.002761099836789,460.1833061315119,408.14453125,0.66015625,408.14453125
ftt,350000,0,271,9,74,9.938157299999148,0.0033417500089854,371.3055565539333,412.31640625,29.00390625,412.28125
ftt,350000,1,271,9,74,9.85186200006865,0.0034846999915316,387.18888794796334,412.6640625,0.40234375,412.6640625
ftt,350000,2,271,9,74,9.964244100032374,0.0031270498875528,347.449987505873,412.40625,29.390625,412.40625
ftt,360000,0,269,11,74,6.254254200030118,0.0034051500260829,309.55909328027207,412.41015625,0.0234375,412.41015625
ftt,360000,1,269,11,74,6.073525100015104,0.0046008500503376,418.2590954852376,412.4921875,0.10546875,412.4921875
ftt,360000,2,269,11,74,6.310942200012505,0.0033391000470146,303.55454972860485,412.4921875,0.0234375,412.5546875
ftt,370000,0,264,16,74,4.613571100169793,0.0039585999911651,247.41249944781885,412.58203125,0.05078125,412.58203125
ftt,370000,1,264,16,74,4.687767699826509,0.0040228998987004,251.431243668776,412.73046875,0.16015625,412.73046875
ftt,370000,2,264,16,74,4.86130280001089,0.0040572501020506,253.57813137816265,412.73828125,0.03125,412.73828125
ftt,410000,0,263,17,74,3.9874929999932647,0.0034734500804916,204.32059297009425,413.08984375,0.375,413.08984375
ftt,410000,1,263,17,74,3.729303800035268,0.003572899964638,210.17058615517968,413.19140625,0.125,413.19140625
ftt,410000,2,263,17,74,3.901003300212324,0.0036758499918505,216.22647010885615,413.19140625,0.0234375,413.19140625
ftt,420000,0,268,12,74,5.33234960003756,0.0032360500190407,269.67083492005867,413.30078125,0.1328125,413.30078125
ftt,420000,1,268,12,74,5.577276700176299,0.0030527500202879,254.39583502399424,413.46875,0.18359375,413.46875
ftt,420000,2,268,12,74,5.226224000100046,0.0033080998109653,275.6749842471133,413.48046875,0.03515625,411.0390625
ftt,430000,0,267,13,74,9.700909700011836,0.0031573999440297,242.87691877151912,404.9765625,23.421875,404.9765625
ftt,430000,1,267,13,74,9.44688820000738,0.0033939001150429,261.06923961868654,405.5625,0.609375,405.5625
ftt,430000,2,267,13,74,9.042803599964827,0.0032311999239027,248.55384030021156,404.65625,23.5078125,404.671875
ftt,440000,0,259,21,74,10.935291099827737,0.0058954999549314,280.7380930919732,411.28515625,6.62109375,411.28515625
ftt,440000,1,259,21,74,10.80067989998497,0.0045207999646663,215.2761887936365,411.38671875,0.125,411.38671875
ftt,440000,2,259,21,74,10.595268700039014,0.0050361499888822,239.81666613724968,411.41796875,0.0546875,411.1640625
ftt,450000,0,266,14,74,3.9317653998732567,0.0032599499681964,232.8535691568894,411.28125,0.12890625,411.28125
ftt,450000,1,266,14,74,3.9816340999677777,0.0037542000645771,268.1571474697973,411.58203125,0.3203125,411.58203125
ftt,450000,2,266,14,74,4.019295300124213,0.0064575001597404,461.250011410032,411.765625,0.20703125,411.765625
ftt,460000,0,278,2,74,9.216257199877871,0.0025599000509828,1279.9500254914165,412.44140625,0.4453125,412.45703125
ftt,460000,1,278,2,74,9.524421400157737,0.0024527499917894,1226.37499589473,412.64453125,0.19140625,412.64453125
ftt,460000,2,278,2,74,9.197470600018278,0.0024624499492347,1231.224974617362,412.66015625,0.0390625,412.66015625
ftt,510000,0,262,18,74,5.668487899936736,0.0036783498944714,204.35277191508143,412.69140625,0.0546875,412.69140625
ftt,510000,1,262,18,74,5.520049299811944,0.0046534499851986,258.5249991777043,412.69921875,0.0234375,412.69921875
ftt,510000,2,262,18,74,5.63941750000231,0.0035966999130323,199.81666183513076,412.69921875,0.0234375,412.69921875
ftt,520000,0,274,6,74,4.467968900222331,0.0027709000278264,461.8166713044048,412.84375,0.16796875,412.84375
ftt,520000,1,274,6,74,4.396079200087115,0.0026698000729084,444.9666788180669,412.84375,0.0234375,412.84375
ftt,520000,2,274,6,74,4.338558899937198,0.0026957000372931,449.283339548856,412.84375,0.0234375,412.84375
ftt,530000,0,272,8,74,9.501868300139904,0.0031615000916644,395.1875114580616,412.765625,29.5703125,412.765625
ftt,530000,1,272,8,74,9.9348460000474,0.0031779500422999,397.2437552874908,412.76953125,28.98046875,412.76953125
ftt,530000,2,272,8,74,9.43984750006348,0.0033222499769181,415.28124711476266,412.81640625,0.0703125,412.81640625
ftt,540000,0,275,5,74,10.333436300046742,0.0027361499378457,547.2299875691533,413.328125,0.52734375,413.328125
ftt,540000,1,275,5,74,10.190988600021228,0.0027718000346794,554.3600069358945,413.35546875,0.05078125,413.31640625
ftt,540000,2,275,5,74,10.25893389992416,0.0027347999857738,546.9599971547723,413.31640625,0.0234375,413.31640625
ftt,610000,0,270,10,74,4.69686619983986,0.0031316500389948,313.1650038994849,413.3203125,0.02734375,413.3203125
ftt,610000,1,270,10,74,4.725776799954474,0.0032047000713646,320.4700071364641,404.00390625,20.89453125,404.01953125
ftt,610000,2,270,10,74,4.797492700163275,0.0033097499981522,330.9749998152256,403.9609375,20.890625,403.9609375
ftt,620000,0,268,12,74,3.746329300105572,0.0031603999668732,263.3666639061024,403.87890625,20.8046875,403.87890625
ftt,620000,1,268,12,74,3.892967900028452,0.0032278500730171,268.987506084765,408.0,4.14453125,408.0
ftt,620000,2,268,12,74,3.9167108999099582,0.0031374499667435,261.454163895299,407.16015625,23.5,407.16015625
ftt,630000,0,278,2,74,6.258063900051639,0.0027465000748634,1373.250037431717,409.40625,2.26953125,409.40625
ftt,630000,1,278,2,74,6.601712400093675,0.003288650070317,1644.3250351585448,409.40625,0.0234375,409.40625
ftt,630000,2,278,2,74,6.085114700021222,0.0024944499600678,1247.224980033934,409.5,0.09765625,409.5
ftt,640000,0,275,5,74,8.145844799932092,0.0050794999115169,1015.899982303381,409.55078125,0.07421875,409.55078125
ftt,640000,1,275,5,74,7.808534900192171,0.0027110500959679,542.2100191935897,409.55078125,0.0234375,409.55078125
ftt,640000,2,275,5,74,8.163299200125039,0.0045095999957993,901.9199991598724,409.55078125,0.0234375,407.4296875
ftt,650000,0,279,1,74,7.453460199991241,0.0025422499747946,2542.249974794686,407.69921875,24.29296875,407.69921875
ftt,650000,1,279,1,74,7.312809600029141,0.0022828001528978,2282.800152897835,407.48046875,23.89453125,407.4921875
ftt,650000,2,279,1,74,6.876914900029078,0.0021940500009804,2194.0500009804964,407.20703125,23.6953125,407.20703125
