feature,component,median_standardized_beta,q25,q75,selection_rate
feature_ae320_A00_popmean,E,0.14707981177867996,0.1370504668880251,0.15494645896744824,1.0
feature_ae320_A00_popmean,H,0.1041012074296557,0.10160498233224463,0.10865375995741122,1.0
feature_ae320_A00_popmean,I,0.0,0.0,0.0,0.0
feature_ae320_A01_popmean,E,-0.0705699693719089,-0.07596984842951082,-0.05877989786653995,1.0
feature_ae320_A01_popmean,H,-0.00339882451248315,-0.0107349253835113,-0.00114158363349355,1.0
feature_ae320_A01_popmean,I,0.0,0.0,0.0,0.0
feature_ae320_A02_popmean,E,0.15694803788280726,0.1501915710387288,0.167486214454222,1.0
feature_ae320_A02_popmean,H,0.0646358507175828,0.06124195862703043,0.07046015519841005,1.0
feature_ae320_A02_popmean,I,0.0,0.0,0.0,0.0
feature_ae320_A03_popmean,E,0.0287580339369609,0.01488922658090705,0.03526284458955882,1.0
feature_ae320_A03_popmean,H,0.01048297021033115,0.00825080310308025,0.016628973667832673,1.0
feature_ae320_A03_popmean,I,0.0,0.0,0.0,0.0
feature_ae320_A04_popmean,E,-0.06686394232474285,-0.0765165169831643,-0.0580463858386622,1.0
feature_ae320_A04_popmean,H,0.040845712049945054,0.037151663815430294,0.044996526606134526,1.0
feature_ae320_A04_popmean,I,0.0,0.0,0.0,0.0
feature_ae320_A05_popmean,E,0.08754091385575041,0.07976794625766835,0.09242984292350152,1.0
feature_ae320_A05_popmean,H,-0.04851731018075735,-0.05508791117510142,-0.0448194685748349,1.0
feature_ae320_A05_popmean,I,0.0,0.0,0.0,0.0
feature_ae320_A06_popmean,E,-0.0040216021144952,-0.007955953377463775,0.001587638756688675,1.0
feature_ae320_A06_popmean,H,-0.044457169999211954,-0.0464809982213457,-0.041023862910755875,1.0
feature_ae320_A06_popmean,I,0.0,0.0,0.0,0.0
feature_ae320_A07_popmean,E,-0.0427874128185301,-0.04802081180651605,-0.023806807999772927,1.0
feature_ae320_A07_popmean,H,-0.00667919445465355,-0.010061286424389176,-0.002497937292023375,1.0
feature_ae320_A07_popmean,I,0.0,0.0,0.0,0.0
feature_ae320_A08_popmean,E,-0.09219464444484124,-0.09947188154279679,-0.08414470180413683,1.0
feature_ae320_A08_popmean,H,0.01779825014406005,0.01585711437890655,0.020977893881636227,1.0
feature_ae320_A08_popmean,I,0.0,0.0,0.0,0.0
feature_ae320_A09_popmean,E,0.0245937549576643,0.0188924380755971,0.030011931882890877,1.0
feature_ae320_A09_popmean,H,-0.018218641271011998,-0.019263960309684226,-0.0162170445699946,1.0
feature_ae320_A09_popmean,I,0.0,0.0,0.0,0.0
feature_ae320_A10_popmean,E,-0.0585826614943209,-0.06504986674227337,-0.049915268779528274,1.0
feature_ae320_A10_popmean,H,0.0016849901585746,-0.00157531043283315,0.0052405705300936,1.0
feature_ae320_A10_popmean,I,0.0,0.0,0.0,0.0
feature_ae320_A11_popmean,E,-0.0371065419838538,-0.045238502602689724,-0.030137582016323376,1.0
feature_ae320_A11_popmean,H,-0.01411976383693395,-0.0176194234520219,-0.0107655939737897,1.0
feature_ae320_A11_popmean,I,0.0,0.0,0.0,0.0
feature_ae320_A12_popmean,E,-0.058592431950065096,-0.06534495261851671,-0.052113925222130826,1.0
feature_ae320_A12_popmean,H,-0.027374219681018802,-0.02957511197529155,-0.025650031914918076,1.0
feature_ae320_A12_popmean,I,0.0,0.0,0.0,0.0
feature_ae320_A13_popmean,E,0.12508817806248776,0.1117218329976093,0.1287514059146388,1.0
feature_ae320_A13_popmean,H,-0.036746327858606,-0.041860074926741826,-0.03386035125554585,1.0
feature_ae320_A13_popmean,I,0.0,0.0,0.0,0.0
feature_ae320_A14_popmean,E,-0.0497462191398131,-0.055847070994795744,-0.0424474667125706,1.0
feature_ae320_A14_popmean,H,0.00033055374258765,-0.0028954128552917,0.0029650925361697747,1.0
feature_ae320_A14_popmean,I,0.0,0.0,0.0,0.0
feature_ae320_A15_popmean,E,-0.046023007690641354,-0.0562156559443422,-0.03301468193337685,1.0
feature_ae320_A15_popmean,H,0.01871801369434905,0.015043039082565775,0.022089740697638124,1.0
feature_ae320_A15_popmean,I,0.0,0.0,0.0,0.0
feature_ae320_A16_popmean,E,0.08829618760547454,0.08122423690656624,0.09763308535380945,1.0
feature_ae320_A16_popmean,H,0.0516287407064325,0.04779228552487775,0.05355704284249825,1.0
feature_ae320_A16_popmean,I,0.0,0.0,0.0,0.0
feature_ae320_A17_popmean,E,-0.02145654223621085,-0.026095004789972676,-0.015531106010851,1.0
feature_ae320_A17_popmean,H,-0.012300940095169851,-0.01701963922388705,-0.007822863684184524,1.0
feature_ae320_A17_popmean,I,0.0,0.0,0.0,0.0
feature_ae320_A18_popmean,E,0.0532059550260739,0.04748027039359425,0.05755832597018095,1.0
feature_ae320_A18_popmean,H,0.0199966239003096,0.0165895683131486,0.02145894983137465,1.0
feature_ae320_A18_popmean,I,0.0,0.0,0.0,0.0
feature_ae320_A19_popmean,E,0.0820468590500489,0.07263360525066623,0.08887669710280138,1.0
feature_ae320_A19_popmean,H,0.0824864145076658,0.08036175145467331,0.08816623475635008,1.0
feature_ae320_A19_popmean,I,0.0,0.0,0.0,0.0
feature_ae320_A20_popmean,E,0.0165159176587472,0.005648174216043375,0.02800590026092515,1.0
feature_ae320_A20_popmean,H,0.0168260781897441,0.012801437288597076,0.0224058649618085,1.0
feature_ae320_A20_popmean,I,0.0,0.0,0.0,0.0
feature_ae320_A21_popmean,E,-0.00377010395218535,-0.012525871814337801,0.0018081805165376,1.0
feature_ae320_A21_popmean,H,0.01716543418274215,0.0145066419937667,0.022406410606128975,1.0
feature_ae320_A21_popmean,I,0.0,0.0,0.0,0.0
feature_ae320_A22_popmean,E,0.04756875943005805,0.03585302491443688,0.054088103517925396,1.0
feature_ae320_A22_popmean,H,-0.01715359542610005,-0.02032085456698015,-0.01379104596055335,1.0
feature_ae320_A22_popmean,I,0.0,0.0,0.0,0.0
feature_ae320_A23_popmean,E,-0.0363419626541618,-0.045153956019258826,-0.029182047721959627,1.0
feature_ae320_A23_popmean,H,0.0052378131934669,0.002146049345253275,0.01004374684988225,1.0
feature_ae320_A23_popmean,I,0.0,0.0,0.0,0.0
feature_ae320_A24_popmean,E,0.0578442532362909,0.05261660959850127,0.06332918951409214,1.0
feature_ae320_A24_popmean,H,-0.03032856183616585,-0.03443372055121455,-0.026019757207525453,1.0
feature_ae320_A24_popmean,I,0.0,0.0,0.0,0.0
feature_ae320_A25_popmean,E,0.012467862406798851,0.006159472653469925,0.0188850830809775,1.0
feature_ae320_A25_popmean,H,0.0258551065967629,0.024354507694729674,0.029062662908103373,1.0
feature_ae320_A25_popmean,I,0.0,0.0,0.0,0.0
feature_ae320_A26_popmean,E,-0.017463921739107997,-0.0256045447201731,-0.01035549608498895,1.0
feature_ae320_A26_popmean,H,0.00024215137875817163,-0.00550912434379585,0.004892934376577725,1.0
feature_ae320_A26_popmean,I,0.0,0.0,0.0,0.0
feature_ae320_A27_popmean,E,-0.10658106859803905,-0.11107840270693305,-0.0982268948674219,1.0
feature_ae320_A27_popmean,H,-0.0089209837002483,-0.010699686612765675,-0.0055620038036458,1.0
feature_ae320_A27_popmean,I,0.0,0.0,0.0,0.0
feature_ae320_A28_popmean,E,0.07205600865799315,0.06599402779534558,0.07724595507055952,1.0
feature_ae320_A28_popmean,H,0.0416031333798452,0.038662469611154326,0.0441400509844473,1.0
feature_ae320_A28_popmean,I,0.0,0.0,0.0,0.0
feature_ae320_A29_popmean,E,0.056801972316509644,0.04622144502410922,0.06324603733209111,1.0
feature_ae320_A29_popmean,H,0.01910522496490965,0.015945080891819976,0.022982544530391,1.0
feature_ae320_A29_popmean,I,0.0,0.0,0.0,0.0
feature_ae320_A30_popmean,E,-0.03824092752630505,-0.0510294431183696,-0.02163606125852665,1.0
feature_ae320_A30_popmean,H,0.03883719912397405,0.03525718171065835,0.041285254848476394,1.0
feature_ae320_A30_popmean,I,0.0,0.0,0.0,0.0
feature_ae320_A31_popmean,E,-0.0466909331015766,-0.0506059517035574,-0.0364169443229153,1.0
feature_ae320_A31_popmean,H,-0.03161489992531505,-0.03319785844795198,-0.02920227674880305,1.0
feature_ae320_A31_popmean,I,0.0,0.0,0.0,0.0
feature_ae320_A32_popmean,E,0.036784055852216196,0.029323180990132,0.04341040010344305,1.0
feature_ae320_A32_popmean,H,-0.0124539370323457,-0.0168242717938729,-0.008507875938113474,1.0
feature_ae320_A32_popmean,I,0.0,0.0,0.0,0.0
feature_ae320_A33_popmean,E,0.011253045896963399,-0.001176626285254125,0.017269350694337975,1.0
feature_ae320_A33_popmean,H,0.029868318001435,0.025554749877415427,0.0353809710891548,1.0
feature_ae320_A33_popmean,I,0.0,0.0,0.0,0.0
feature_ae320_A34_popmean,E,0.026503720353473398,0.01728124219564825,0.0348804382734081,1.0
feature_ae320_A34_popmean,H,-0.00279938103610585,-0.0039947994997742,0.00730889876049025,1.0
feature_ae320_A34_popmean,I,0.0,0.0,0.0,0.0
feature_ae320_A35_popmean,E,0.11741936133621385,0.1038764825115888,0.12429629650749148,1.0
feature_ae320_A35_popmean,H,0.0504296215865018,0.04798764876805025,0.052072242677756675,1.0
feature_ae320_A35_popmean,I,0.0,0.0,0.0,0.0
feature_ae320_A36_popmean,E,-0.00791745198920975,-0.01275912209643975,0.001698220758889575,1.0
feature_ae320_A36_popmean,H,0.02252282443031215,0.019003302510094824,0.02485058944971215,1.0
feature_ae320_A36_popmean,I,0.0,0.0,0.0,0.0
feature_ae320_A37_popmean,E,-0.0281613639150188,-0.03750666216954333,-0.017173715313013826,1.0
feature_ae320_A37_popmean,H,0.017314761013709053,0.014873812424683726,0.021204911975289426,1.0
feature_ae320_A37_popmean,I,0.0,0.0,0.0,0.0
feature_ae320_A38_popmean,E,0.10794595464811971,0.10053861744777384,0.1156353109733265,1.0
feature_ae320_A38_popmean,H,0.017784572915858048,0.011697621478979525,0.021795479189594874,1.0
feature_ae320_A38_popmean,I,0.0,0.0,0.0,0.0
feature_ae320_A39_popmean,E,0.0169678015719441,0.009376124662382074,0.023452271523048875,1.0
feature_ae320_A39_popmean,H,0.04884703124595175,0.045926488845336025,0.04991503310032273,1.0
feature_ae320_A39_popmean,I,0.0,0.0,0.0,0.0
feature_ae320_A40_popmean,E,-0.1329503117572307,-0.1404448902742569,-0.1258958251161688,1.0
feature_ae320_A40_popmean,H,-0.0646884054307002,-0.06855194211190788,-0.05947730734896638,1.0
feature_ae320_A40_popmean,I,0.0,0.0,0.0,0.0
feature_ae320_A41_popmean,E,0.08393599068856135,0.075971404450889,0.0900515369971307,1.0
feature_ae320_A41_popmean,H,-0.00781934629785995,-0.0104080773508635,-0.004029886335702125,1.0
feature_ae320_A41_popmean,I,0.0,0.0,0.0,0.0
feature_ae320_A42_popmean,E,-0.08720462759464634,-0.09583201369036415,-0.0784025655448814,1.0
feature_ae320_A42_popmean,H,0.0089310249208144,0.00673358115961435,0.01186238782338745,1.0
feature_ae320_A42_popmean,I,0.0,0.0,0.0,0.0
feature_ae320_A43_popmean,E,0.20416793557794777,0.19468151600330616,0.21366371370384185,1.0
feature_ae320_A43_popmean,H,0.0278458996718995,0.024357649846721025,0.030910258816925874,1.0
feature_ae320_A43_popmean,I,0.0,0.0,0.0,0.0
feature_ae320_A44_popmean,E,0.04622832384123995,0.03897974497957288,0.054255551803472496,1.0
feature_ae320_A44_popmean,H,0.006805605301051549,0.0051257557432571,0.0098988604222832,1.0
feature_ae320_A44_popmean,I,0.0,0.0,0.0,0.0
feature_ae320_A45_popmean,E,0.0496117226525802,0.04531848734279655,0.0522708877351599,1.0
feature_ae320_A45_popmean,H,0.0120033158873215,0.01002046978146115,0.0146296521731063,1.0
feature_ae320_A45_popmean,I,0.0,0.0,0.0,0.0
feature_ae320_A46_popmean,E,0.0714565878893378,0.06363526154328288,0.0792948638001325,1.0
feature_ae320_A46_popmean,H,-0.02099357959812145,-0.023821710141714678,-0.0181980662111262,1.0
feature_ae320_A46_popmean,I,0.0,0.0,0.0,0.0
feature_ae320_A47_popmean,E,0.07654061124779524,0.06928674155712672,0.08045282090718195,1.0
feature_ae320_A47_popmean,H,-0.00724413903406395,-0.0113000300103846,-0.004015438960427525,1.0
feature_ae320_A47_popmean,I,0.0,0.0,0.0,0.0
feature_ae320_A48_popmean,E,0.2191254680817311,0.20806768100195477,0.2256669006242403,1.0
feature_ae320_A48_popmean,H,0.035022659540817055,0.030923892901455023,0.03950969429576525,1.0
feature_ae320_A48_popmean,I,0.0,0.0,0.0,0.0
feature_ae320_A49_popmean,E,0.0165704729594608,0.0141810052877404,0.021289209182146475,1.0
feature_ae320_A49_popmean,H,0.005224582037361401,0.0024432014111754248,0.008383571325609102,1.0
feature_ae320_A49_popmean,I,0.0,0.0,0.0,0.0
feature_ae320_A50_popmean,E,0.0715983584079736,0.06034110101508755,0.07662027640094622,1.0
feature_ae320_A50_popmean,H,-0.03818132006709825,-0.04212929201480903,-0.03532088743149845,1.0
feature_ae320_A50_popmean,I,0.0,0.0,0.0,0.0
feature_ae320_A51_popmean,E,-0.0041411219060408,-0.012770500592099849,0.0010122525612847,1.0
feature_ae320_A51_popmean,H,-0.0227803303249964,-0.027460183929222025,-0.020506161004890274,1.0
feature_ae320_A51_popmean,I,0.0,0.0,0.0,0.0
feature_ae320_A52_popmean,E,0.060951963484078955,0.05369174999730862,0.0686943082743421,1.0
feature_ae320_A52_popmean,H,-0.06999108903249115,-0.07298717426641492,-0.06645417673193706,1.0
feature_ae320_A52_popmean,I,0.0,0.0,0.0,0.0
feature_ae320_A53_popmean,E,-0.022356842473093,-0.030755002046679376,-0.0171864663810157,1.0
feature_ae320_A53_popmean,H,0.0035770669841413997,0.0016956812013338,0.004978418694387775,1.0
feature_ae320_A53_popmean,I,0.0,0.0,0.0,0.0
feature_ae320_A54_popmean,E,0.0677769799483884,0.05655672549308743,0.07821104964081338,1.0
feature_ae320_A54_popmean,H,0.029942058364672598,0.026761122251179402,0.032032312237386174,1.0
feature_ae320_A54_popmean,I,0.0,0.0,0.0,0.0
feature_ae320_A55_popmean,E,0.18440416085361375,0.17334947264745776,0.19852509983546635,1.0
feature_ae320_A55_popmean,H,-0.0055338154882438005,-0.013126367030919425,-0.00287373309283765,1.0
feature_ae320_A55_popmean,I,0.0,0.0,0.0,0.0
feature_ae320_A56_popmean,E,0.0261342489902979,0.014935736495467825,0.0347761412063044,1.0
feature_ae320_A56_popmean,H,0.04116366546283695,0.036882639927680747,0.04414693896401532,1.0
feature_ae320_A56_popmean,I,0.0,0.0,0.0,0.0
feature_ae320_A57_popmean,E,0.03644781442397605,0.024170725105345223,0.04117330667057233,1.0
feature_ae320_A57_popmean,H,0.041402558322380656,0.037041252552604,0.04710705579215495,1.0
feature_ae320_A57_popmean,I,0.0,0.0,0.0,0.0
feature_ae320_A58_popmean,E,-0.03953063521252815,-0.043348850971167474,-0.0289928533276806,1.0
feature_ae320_A58_popmean,H,0.045662386938324806,0.044462493041138695,0.047424233415831046,1.0
feature_ae320_A58_popmean,I,0.0,0.0,0.0,0.0
feature_ae320_A59_popmean,E,0.05095564715824415,0.044662753557078674,0.05653071866904565,1.0
feature_ae320_A59_popmean,H,0.024209590137817948,0.021325921979341952,0.02770916914245785,1.0
feature_ae320_A59_popmean,I,0.0,0.0,0.0,0.0
feature_ae320_A60_popmean,E,0.0267232990901296,0.012927050444530925,0.029891717148861248,1.0
feature_ae320_A60_popmean,H,0.04996088096804485,0.047532323282995226,0.05238328092051527,1.0
feature_ae320_A60_popmean,I,0.0,0.0,0.0,0.0
feature_ae320_A61_popmean,E,0.02239696628450455,0.013042559648255824,0.026990843198510677,1.0
feature_ae320_A61_popmean,H,-0.035357832077198004,-0.0387138008123977,-0.0325020437785723,1.0
feature_ae320_A61_popmean,I,0.0,0.0,0.0,0.0
feature_ae320_A62_popmean,E,0.1032316561420155,0.09116618358617587,0.11166424106972098,1.0
feature_ae320_A62_popmean,H,0.03781382235626575,0.03512210522974315,0.038843869612351575,1.0
feature_ae320_A62_popmean,I,0.0,0.0,0.0,0.0
feature_ae320_A63_popmean,E,-0.0167494735446694,-0.019614310084591125,-0.0075120763331836,1.0
feature_ae320_A63_popmean,H,0.0017234011119182,-0.0030307750953597248,0.00592302637131445,1.0
feature_ae320_A63_popmean,I,0.0,0.0,0.0,0.0
feature_control_log1p_population,E,0.0689494984250125,0.06649437566511535,0.07384081958445646,1.0
feature_control_log1p_population,H,0.04749143800844125,0.042942376327222254,0.05154060535286022,1.0
feature_control_log1p_population,I,-0.08637093180270795,-0.0955730040290427,-0.08077469211326707,1.0
feature_control_log1p_population_density,E,0.08015273713377985,0.07006303214144692,0.08664191639195767,1.0
feature_control_log1p_population_density,H,0.0472843439339182,0.04449080656492833,0.059322481017139245,1.0
feature_control_log1p_population_density,I,-0.11834590327846606,-0.1367158304891419,-0.11517804331045305,1.0
feature_control_urbanization_rate,E,0.34741098703267614,0.34269153893992105,0.3595545244849057,1.0
feature_control_urbanization_rate,H,0.059976760709291754,0.05641753538529488,0.07071107952332392,1.0
feature_control_urbanization_rate,I,0.3653845459504222,0.35917887305996316,0.3739366616508928,1.0
feature_control_worldpop_child_share,E,-0.20583989810451997,-0.21643098573420033,-0.19377648693816452,1.0
feature_control_worldpop_child_share,H,-0.13741541604363117,-0.15014846100406054,-0.13007760707070348,1.0
feature_control_worldpop_child_share,I,0.06837672202050904,0.06270245989138055,0.08372566873543988,1.0
feature_control_worldpop_elderly_share,E,-0.11942118240613825,-0.1288412684990278,-0.11590116089508579,1.0
feature_control_worldpop_elderly_share,H,0.07019554026499056,0.06448445316304163,0.0735151050445916,1.0
feature_control_worldpop_elderly_share,I,0.008372342458408049,0.003773977730813975,0.051778936899834,1.0
feature_economic_log1p_retail_yuan_per_resident,E,0.15384493807445634,0.14759195366738231,0.15867564261820963,0.9583333333333334
feature_economic_log1p_retail_yuan_per_resident,H,0.038456481573114154,0.0,0.04326838537224743,0.7083333333333334
feature_economic_log1p_retail_yuan_per_resident,I,0.7240956872002542,0.7148121400026068,0.7270163199869158,1.0
feature_health_log1p_motorized_mean_minutes,E,0.0,-0.015178814802568349,0.0,0.4166666666666667
feature_health_log1p_motorized_mean_minutes,H,-0.02549246665501135,-0.027427371151452024,0.0,0.7083333333333334
feature_health_log1p_motorized_mean_minutes,I,0.0,0.0,0.15540670544647678,0.3333333333333333
feature_health_log1p_q90_minutes,E,0.0,-0.0843732074171929,0.0,0.4166666666666667
feature_health_log1p_q90_minutes,H,-0.06479904635429205,-0.06746306399991082,0.0,0.7083333333333334
feature_health_log1p_q90_minutes,I,0.0,-0.21792788053510143,0.0,0.3333333333333333
feature_health_log1p_sd_minutes,E,0.0,0.0,0.08157672553916659,0.4166666666666667
feature_health_log1p_sd_minutes,H,-0.0069915212021549,-0.010435542264769724,0.0,0.7083333333333334
feature_health_log1p_sd_minutes,I,0.0,-0.08566240214942894,0.0,0.3333333333333333
feature_health_population_fraction_ge60min,E,0.0,-0.0130427318040538,0.0,0.4166666666666667
feature_health_population_fraction_ge60min,H,-0.0462262758995117,-0.04734164787705643,0.0,0.7083333333333334
feature_health_population_fraction_ge60min,I,0.0,0.0,0.10403759525256961,0.3333333333333333
