country,outer_group,power,group_equal_MAE,selected
China,130000,-2,0.0173947839837782,False
China,130000,-1,0.0158013257427275,False
China,130000,-0.5,0.0153027306204457,False
China,130000,0,0.0151139782500196,True
China,130000,0.5,0.0152034781387699,False
China,130000,1,0.0156242062009327,False
China,130000,2,0.0177638937942761,False
China,140000,-2,0.0176025216699009,False
China,140000,-1,0.0160131517086176,False
China,140000,-0.5,0.0154995240115239,False
China,140000,0,0.0152086275858521,False
China,140000,0.5,0.0152025435587559,True
China,140000,1,0.0155193706447871,False
China,140000,2,0.0175588581535739,False
China,150000,-2,0.0177123948838893,False
China,150000,-1,0.0161088538215301,False
China,150000,-0.5,0.0155419889434778,False
China,150000,0,0.0151926908383223,False
China,150000,0.5,0.015131686079566,True
China,150000,1,0.0153480845190773,False
China,150000,2,0.0170481200350144,False
China,210000,-2,0.0168789732478982,False
China,210000,-1,0.0155506186170386,False
China,210000,-0.5,0.0151776418958685,False
China,210000,0,0.015002875553875,True
China,210000,0.5,0.0151259974443665,False
China,210000,1,0.0156145611254049,False
China,210000,2,0.0178717821510753,False
China,220000,-2,0.017387793341612,False
China,220000,-1,0.0157935358552477,False
China,220000,-0.5,0.0152655819264249,False
China,220000,0,0.0148993910461878,False
China,220000,0.5,0.0148204700745966,True
China,220000,1,0.0150180188599382,False
China,220000,2,0.0167119409482604,False
China,230000,-2,0.0172441919172257,False
China,230000,-1,0.0156301178710873,False
China,230000,-0.5,0.0150179477265037,False
China,230000,0,0.0147096761074921,False
China,230000,0.5,0.0146755087783187,True
China,230000,1,0.01507124421925,False
China,230000,2,0.0170935077027221,False
China,350000,-2,0.0170923150139409,False
China,350000,-1,0.0154136151153198,False
China,350000,-0.5,0.0149757494668996,False
China,350000,0,0.0148342360476399,True
China,350000,0.5,0.0150332720407953,False
China,350000,1,0.015472650440732,False
China,350000,2,0.0174111681175734,False
China,360000,-2,0.016933049963306,False
China,360000,-1,0.0154969230432201,False
China,360000,-0.5,0.0151984551838295,False
China,360000,0,0.0151554200753617,True
China,360000,0.5,0.0153679368309854,False
China,360000,1,0.0159005129613774,False
China,360000,2,0.0182559297198027,False
China,370000,-2,0.0168251228284937,False
China,370000,-1,0.0154317605658341,False
China,370000,-0.5,0.0151347775243172,False
China,370000,0,0.0151189978764131,True
China,370000,0.5,0.0154043852109629,False
China,370000,1,0.0160078126434586,False
China,370000,2,0.018174707540183,False
China,410000,-2,0.016759833485344,False
China,410000,-1,0.0151778655795284,False
China,410000,-0.5,0.0147950576653571,False
China,410000,0,0.0147323349298205,True
China,410000,0.5,0.0149349731927279,False
China,410000,1,0.0154104025997403,False
China,410000,2,0.017335860453249,False
China,420000,-2,0.016207157305098,False
China,420000,-1,0.0148583396829195,False
China,420000,-0.5,0.014596977708351,False
China,420000,0,0.0145880490009863,True
China,420000,0.5,0.0149096280384223,False
China,420000,1,0.0155842913733139,False
China,420000,2,0.0176559452610623,False
China,430000,-2,0.0168538389995952,False
China,430000,-1,0.0153920452944194,False
China,430000,-0.5,0.0148999176529872,False
China,430000,0,0.0146823071336205,True
China,430000,0.5,0.014853848733861,False
China,430000,1,0.0153637775122652,False
China,430000,2,0.017264508964334,False
China,440000,-2,0.0154904201587942,False
China,440000,-1,0.0139940803275271,False
China,440000,-0.5,0.0136885823873422,True
China,440000,0,0.0137519624155225,False
China,440000,0.5,0.0141293610381541,False
China,440000,1,0.0147329207623421,False
China,440000,2,0.0170227334121132,False
China,450000,-2,0.01626541496524,False
China,450000,-1,0.0148234254269719,False
China,450000,-0.5,0.0144493719359245,False
China,450000,0,0.0144073324754069,True
China,450000,0.5,0.0146744515427583,False
China,450000,1,0.0151547716574886,False
China,450000,2,0.0171729364164245,False
China,460000,-2,0.0166567638449178,False
China,460000,-1,0.0151158423212503,False
China,460000,-0.5,0.0146233428170609,False
China,460000,0,0.0143982030089662,True
China,460000,0.5,0.0144347149175227,False
China,460000,1,0.0148812025422275,False
China,460000,2,0.0169616968218679,False
China,510000,-2,0.016184969974686,False
China,510000,-1,0.0148795743352734,False
China,510000,-0.5,0.0146487875916978,True
China,510000,0,0.0147041300790424,False
China,510000,0.5,0.0149346774349018,False
China,510000,1,0.0153599659865261,False
China,510000,2,0.0174123354738388,False
China,520000,-2,0.0163887012438408,False
China,520000,-1,0.0149078409287968,False
China,520000,-0.5,0.0144499751811229,False
China,520000,0,0.0142282934548801,True
China,520000,0.5,0.0143001459146818,False
China,520000,1,0.0147375378282313,False
China,520000,2,0.0165636831661508,False
China,530000,-2,0.0164152171772098,False
China,530000,-1,0.014951657645115,False
China,530000,-0.5,0.0145588841768966,False
China,530000,0,0.0144259149249318,True
China,530000,0.5,0.0146002067609914,False
China,530000,1,0.0150508417556687,False
China,530000,2,0.0169071708089686,False
China,540000,-2,0.0167244051010507,False
China,540000,-1,0.0151621231797385,False
China,540000,-0.5,0.0146656145691301,False
China,540000,0,0.0144210729853847,True
China,540000,0.5,0.0144579308813138,False
China,540000,1,0.0148244176738308,False
China,540000,2,0.0166795966101142,False
China,610000,-2,0.0165735672899151,False
China,610000,-1,0.0150515783591981,False
China,610000,-0.5,0.0145858964391584,False
China,610000,0,0.01439354523845,True
China,610000,0.5,0.014456540490989,False
China,610000,1,0.0150003189502064,False
China,610000,2,0.0172363694093753,False
China,620000,-2,0.0160467640254212,False
China,620000,-1,0.0150646387100285,False
China,620000,-0.5,0.0148835437993232,True
China,620000,0,0.014918870848498,False
China,620000,0.5,0.015284209619119,False
China,620000,1,0.0159856253095402,False
China,620000,2,0.0181109224313426,False
China,630000,-2,0.0163576367703947,False
China,630000,-1,0.0150697206677277,False
China,630000,-0.5,0.014706724006278,False
China,630000,0,0.0145852590754386,True
China,630000,0.5,0.0147375369179813,False
China,630000,1,0.0153345689687512,False
China,630000,2,0.0174943765701372,False
China,640000,-2,0.016635267788757,False
China,640000,-1,0.0151286563335897,False
China,640000,-0.5,0.0146559918277589,False
China,640000,0,0.0144269678224535,True
China,640000,0.5,0.0145268404351259,False
China,640000,1,0.015041800750735,False
China,640000,2,0.0170819810839941,False
China,650000,-2,0.0144147132903032,False
China,650000,-1,0.0130700132616526,False
China,650000,-0.5,0.0126203778464633,False
China,650000,0,0.0124743604870236,True
China,650000,0.5,0.0125387358114982,False
China,650000,1,0.0129811428689031,False
China,650000,2,0.015252382353529,False
USA,01,-2,0.0168107835275752,False
USA,01,-1,0.0166825204915123,False
USA,01,-0.5,0.0166375193254699,False
USA,01,0,0.0166022493837107,False
USA,01,0.5,0.0165787009343258,False
USA,01,1,0.0165658631215205,True
USA,01,2,0.0165764743437352,False
USA,02,-2,0.0160489408229755,False
USA,02,-1,0.0159429270037691,False
USA,02,-0.5,0.0159085108478676,False
USA,02,0,0.0158838063202235,False
USA,02,0.5,0.0158694795480797,False
USA,02,1,0.015866728912781,True
USA,02,2,0.0158940880083608,False
USA,04,-2,0.0168145560821307,False
USA,04,-1,0.0167016059618627,False
USA,04,-0.5,0.0166597543881316,False
USA,04,0,0.0166264981228708,False
USA,04,0.5,0.0166026128994137,False
USA,04,1,0.0165912446996008,True
USA,04,2,0.0166056775966894,False
USA,05,-2,0.0165418944632497,False
USA,05,-1,0.0164269984643291,False
USA,05,-0.5,0.016384756182294,False
USA,05,0,0.016355911931902,False
USA,05,0.5,0.0163414185656984,False
USA,05,1,0.0163384158875832,True
USA,05,2,0.0163689294095023,False
USA,06,-2,0.0168445936681718,False
USA,06,-1,0.0167249692708507,False
USA,06,-0.5,0.0166844511638892,False
USA,06,0,0.0166562726299474,False
USA,06,0.5,0.0166384190985963,False
USA,06,1,0.016629099803186,True
USA,06,2,0.0166379626783799,False
USA,08,-2,0.0164874724879047,False
USA,08,-1,0.0163575662187931,False
USA,08,-0.5,0.0163110502094838,False
USA,08,0,0.0162801673989473,False
USA,08,0.5,0.0162684404684149,True
USA,08,1,0.0162722393379499,False
USA,08,2,0.0163206979704902,False
USA,09,-2,0.0168250476995978,False
USA,09,-1,0.0167026291198719,False
USA,09,-0.5,0.0166542911797472,False
USA,09,0,0.016616552156915,False
USA,09,0.5,0.0165906057234935,False
USA,09,1,0.0165755169377648,True
USA,09,2,0.016581744629429,False
USA,10,-2,0.0168760383062392,False
USA,10,-1,0.0167610985012705,False
USA,10,-0.5,0.0167204887316196,False
USA,10,0,0.0166911675795863,False
USA,10,0.5,0.0166726499271014,False
USA,10,1,0.0166637377366307,True
USA,10,2,0.0166876570663005,False
USA,11,-2,0.0167971967692656,False
USA,11,-1,0.0166898160065929,False
USA,11,-0.5,0.0166489720905849,False
USA,11,0,0.0166199596275876,False
USA,11,0.5,0.0166008077407366,False
USA,11,1,0.0165924531922438,True
USA,11,2,0.016620282412189,False
USA,12,-2,0.0168826457776669,False
USA,12,-1,0.0167615808145673,False
USA,12,-0.5,0.0167187327515426,False
USA,12,0,0.0166858593742211,False
USA,12,0.5,0.0166636134505434,False
USA,12,1,0.0166523628621015,True
USA,12,2,0.0166704520528605,False
USA,13,-2,0.0166854328301604,False
USA,13,-1,0.0165536810966829,False
USA,13,-0.5,0.01650642010841,False
USA,13,0,0.0164697956503644,False
USA,13,0.5,0.0164446847386108,False
USA,13,1,0.0164352747519561,True
USA,13,2,0.0164510954951719,False
USA,15,-2,0.0169416131668504,False
USA,15,-1,0.0168191555341418,False
USA,15,-0.5,0.0167720989358672,False
USA,15,0,0.0167355762741562,False
USA,15,0.5,0.0167099636014177,False
USA,15,1,0.016693566363441,True
USA,15,2,0.0167009098589482,False
USA,16,-2,0.0168381296940286,False
USA,16,-1,0.0166991877651137,False
USA,16,-0.5,0.016644606735544,False
USA,16,0,0.0166101030797394,False
USA,16,0.5,0.0165883833537874,False
USA,16,1,0.016576367763375,True
USA,16,2,0.016582758998016,False
USA,17,-2,0.0165570351053682,False
USA,17,-1,0.0164210400639649,False
USA,17,-0.5,0.0163735723412734,False
USA,17,0,0.0163377608573435,False
USA,17,0.5,0.0163175534051081,False
USA,17,1,0.016312552733253,True
USA,17,2,0.0163438751051166,False
USA,18,-2,0.0165641566595882,False
USA,18,-1,0.0164542132982814,False
USA,18,-0.5,0.0164179564149037,False
USA,18,0,0.0163941885544397,False
USA,18,0.5,0.0163864361757795,True
USA,18,1,0.016394934311248,False
USA,18,2,0.0164592734948535,False
USA,19,-2,0.0162674758325665,False
USA,19,-1,0.0161741127226772,False
USA,19,-0.5,0.0161472015707815,False
USA,19,0,0.0161334989582104,False
USA,19,0.5,0.0161325216872838,True
USA,19,1,0.0161458589516838,False
USA,19,2,0.0162064378828393,False
USA,20,-2,0.0165436928060926,False
USA,20,-1,0.0164458414931003,False
USA,20,-0.5,0.0164132143577587,False
USA,20,0,0.0163916608027851,False
USA,20,0.5,0.0163794861808716,True
USA,20,1,0.0163823592804106,False
USA,20,2,0.0164337442886293,False
USA,21,-2,0.016434827664513,False
USA,21,-1,0.0163201150064151,False
USA,21,-0.5,0.0162801789907017,False
USA,21,0,0.0162494322983868,False
USA,21,0.5,0.0162297217161093,False
USA,21,1,0.0162217821683858,True
USA,21,2,0.0162389110824501,False
USA,22,-2,0.0167167829265246,False
USA,22,-1,0.0166129808154332,False
USA,22,-0.5,0.0165820553767143,False
USA,22,0,0.016564538535139,False
USA,22,0.5,0.0165581512042565,True
USA,22,1,0.0165617943664399,False
USA,22,2,0.0165949527450536,False
USA,23,-2,0.0165732711329739,False
USA,23,-1,0.0164693520897779,False
USA,23,-0.5,0.0164293757437575,False
USA,23,0,0.0164017955599491,False
USA,23,0.5,0.0163844198279152,False
USA,23,1,0.0163760119370689,True
USA,23,2,0.0163969024297798,False
USA,24,-2,0.0165507290186892,False
USA,24,-1,0.016435792992373,False
USA,24,-0.5,0.0163993956269057,False
USA,24,0,0.0163735506446278,False
USA,24,0.5,0.0163577551275298,False
USA,24,1,0.0163557286202492,True
USA,24,2,0.016386934365022,False
USA,25,-2,0.0167166211138184,False
USA,25,-1,0.0165973021689469,False
USA,25,-0.5,0.0165514766909523,False
USA,25,0,0.0165153299483551,False
USA,25,0.5,0.0164899754178836,False
USA,25,1,0.0164736674717489,False
USA,25,2,0.0164736147317034,True
USA,26,-2,0.0165956328816727,False
USA,26,-1,0.0165029867232242,False
USA,26,-0.5,0.0164700613852933,False
USA,26,0,0.0164480508007933,False
USA,26,0.5,0.0164387373177814,True
USA,26,1,0.0164421605690625,False
USA,26,2,0.0164941392967543,False
USA,27,-2,0.0163841034698614,False
USA,27,-1,0.0163064935265833,False
USA,27,-0.5,0.0162877824293931,False
USA,27,0,0.0162771983445766,True
USA,27,0.5,0.0162815554258072,False
USA,27,1,0.0163022509906798,False
USA,27,2,0.0163778848135409,False
USA,28,-2,0.0165376165033721,False
USA,28,-1,0.0164586800826318,False
USA,28,-0.5,0.0164352809079497,False
USA,28,0,0.016428385033979,True
USA,28,0.5,0.0164408515923681,False
USA,28,1,0.0164659449679081,False
USA,28,2,0.0165497446640774,False
USA,29,-2,0.01647330779909,False
USA,29,-1,0.016355006189517,False
USA,29,-0.5,0.016310695776944,False
USA,29,0,0.0162767148167204,False
USA,29,0.5,0.0162520049479658,False
USA,29,1,0.0162443864086814,True
USA,29,2,0.0162863502896705,False
USA,30,-2,0.0166351905664797,False
USA,30,-1,0.016530493761254,False
USA,30,-0.5,0.0164901481606846,False
USA,30,0,0.0164582650445745,False
USA,30,0.5,0.0164380630938292,False
USA,30,1,0.0164305840036639,True
USA,30,2,0.0164483647831455,False
USA,31,-2,0.0165004094311639,False
USA,31,-1,0.0164124105992921,False
USA,31,-0.5,0.0163839204186008,False
USA,31,0,0.0163712228174547,False
USA,31,0.5,0.0163705513645504,True
USA,31,1,0.0163819007799217,False
USA,31,2,0.0164609610927156,False
USA,32,-2,0.0164813522526597,False
USA,32,-1,0.0163822205711783,False
USA,32,-0.5,0.0163431262389029,False
USA,32,0,0.0163127702092691,False
USA,32,0.5,0.0162939003145149,False
USA,32,1,0.0162868362955751,True
USA,32,2,0.0163055708121953,False
USA,33,-2,0.0168778336121922,False
USA,33,-1,0.0167538785987077,False
USA,33,-0.5,0.0167051461305069,False
USA,33,0,0.0166670806745008,False
USA,33,0.5,0.0166403181066563,False
USA,33,1,0.0166263588596276,True
USA,33,2,0.0166267956378249,False
USA,34,-2,0.0167062938699994,False
USA,34,-1,0.0165831576829998,False
USA,34,-0.5,0.0165358211041553,False
USA,34,0,0.0165050016652379,False
USA,34,0.5,0.0164854238351489,False
USA,34,1,0.0164767511743832,True
USA,34,2,0.0164927276732114,False
USA,35,-2,0.016790526506219,False
USA,35,-1,0.0166598332949976,False
USA,35,-0.5,0.0166120634416164,False
USA,35,0,0.0165803626187286,False
USA,35,0.5,0.016558858308475,False
USA,35,1,0.0165471286406911,True
USA,35,2,0.016553326761283,False
USA,36,-2,0.0169068950177096,False
USA,36,-1,0.0167916103570114,False
USA,36,-0.5,0.0167519899630401,False
USA,36,0,0.0167232082528954,False
USA,36,0.5,0.0167063076242381,False
USA,36,1,0.0167015027049167,True
USA,36,2,0.016719585243609,False
USA,37,-2,0.0161739982993115,False
USA,37,-1,0.0160915582898466,False
USA,37,-0.5,0.0160720485542334,False
USA,37,0,0.0160659684742825,True
USA,37,0.5,0.0160754718623974,False
USA,37,1,0.0160969083438915,False
USA,37,2,0.0161912945794358,False
USA,38,-2,0.0168463164108616,False
USA,38,-1,0.0167106679290812,False
USA,38,-0.5,0.0166569945194909,False
USA,38,0,0.0166132894939988,False
USA,38,0.5,0.0165805099928019,False
USA,38,1,0.0165606555084618,True
USA,38,2,0.0165720554709452,False
USA,39,-2,0.0162177355325634,False
USA,39,-1,0.0161328516368642,False
USA,39,-0.5,0.0161107519698786,False
USA,39,0,0.0160990636335158,True
USA,39,0.5,0.0161032904715655,False
USA,39,1,0.0161255906041326,False
USA,39,2,0.016199987238771,False
USA,40,-2,0.0164981017016349,False
USA,40,-1,0.0164200166925778,False
USA,40,-0.5,0.0163974005761608,False
USA,40,0,0.0163843164852051,False
USA,40,0.5,0.0163816526229252,True
USA,40,1,0.0163906483377935,False
USA,40,2,0.0164419115123041,False
USA,41,-2,0.0168708709846374,False
USA,41,-1,0.0167815857437964,False
USA,41,-0.5,0.0167596723569659,False
USA,41,0,0.0167470801130972,False
USA,41,0.5,0.0167438207372949,True
USA,41,1,0.0167489139584174,False
USA,41,2,0.0167959585924185,False
USA,42,-2,0.0167512651050222,False
USA,42,-1,0.016632035565229,False
USA,42,-0.5,0.0165929023690144,False
USA,42,0,0.0165621508556147,False
USA,42,0.5,0.0165435739854251,False
USA,42,1,0.0165395020837389,True
USA,42,2,0.0165646409308544,False
USA,44,-2,0.0165980862967514,False
USA,44,-1,0.0164691095218043,False
USA,44,-0.5,0.016418062973271,False
USA,44,0,0.0163783083684048,False
USA,44,0.5,0.0163490950924296,False
USA,44,1,0.0163313738123843,True
USA,44,2,0.0163444422260081,False
USA,45,-2,0.0167847517338408,False
USA,45,-1,0.0166591403632126,False
USA,45,-0.5,0.0166119032520684,False
USA,45,0,0.0165725803636416,False
USA,45,0.5,0.0165447929879303,False
USA,45,1,0.0165313344528688,True
USA,45,2,0.0165362591255364,False
USA,46,-2,0.0165274262075819,False
USA,46,-1,0.016403748642672,False
USA,46,-0.5,0.0163573336157658,False
USA,46,0,0.0163244649966383,False
USA,46,0.5,0.0163020330239305,False
USA,46,1,0.0162894525929755,True
USA,46,2,0.0163090894718047,False
USA,47,-2,0.0165792049840599,False
USA,47,-1,0.016485203486303,False
USA,47,-0.5,0.0164611646050367,False
USA,47,0,0.0164530658254,True
USA,47,0.5,0.0164647004829175,False
USA,47,1,0.0164856454510929,False
USA,47,2,0.0165590912836511,False
USA,48,-2,0.0161624903438572,False
USA,48,-1,0.0160532916787518,False
USA,48,-0.5,0.0160142741152217,False
USA,48,0,0.0159893025014047,False
USA,48,0.5,0.0159766238662465,False
USA,48,1,0.0159718994156066,True
USA,48,2,0.0159993471167808,False
USA,49,-2,0.0165764196134682,False
USA,49,-1,0.016464714760148,False
USA,49,-0.5,0.0164250961897233,False
USA,49,0,0.0163973201710963,False
USA,49,0.5,0.0163816403986465,False
USA,49,1,0.0163772669879717,True
USA,49,2,0.0164057155591182,False
USA,50,-2,0.0166108097372893,False
USA,50,-1,0.0164957326805828,False
USA,50,-0.5,0.0164524907887344,False
USA,50,0,0.016420493037065,False
USA,50,0.5,0.0163979377819367,False
USA,50,1,0.0163841963935651,True
USA,50,2,0.0163902855877995,False
USA,51,-2,0.01640914046922,False
USA,51,-1,0.0163156556612617,False
USA,51,-0.5,0.0162837549782049,False
USA,51,0,0.0162633053813803,False
USA,51,0.5,0.0162539726273227,True
USA,51,1,0.0162550602573645,False
USA,51,2,0.0162894837199272,False
USA,53,-2,0.0166579481783901,False
USA,53,-1,0.0165150958364169,False
USA,53,-0.5,0.0164604322199726,False
USA,53,0,0.0164176811060988,False
USA,53,0.5,0.0163902881383335,False
USA,53,1,0.0163790868943168,True
USA,53,2,0.0163882876869832,False
USA,54,-2,0.0165886018481029,False
USA,54,-1,0.0164615819428688,False
USA,54,-0.5,0.0164206792156445,False
USA,54,0,0.0163903511333668,False
USA,54,0.5,0.0163726461739067,False
USA,54,1,0.0163652356853185,True
USA,54,2,0.0163835596177689,False
USA,55,-2,0.0163747026309668,False
USA,55,-1,0.016282605814834,False
USA,55,-0.5,0.0162565669019374,False
USA,55,0,0.016243337726549,False
USA,55,0.5,0.0162405493903907,True
USA,55,1,0.016249891671961,False
USA,55,2,0.0163066442383142,False
USA,56,-2,0.016314474624653,False
USA,56,-1,0.0162195044050536,False
USA,56,-0.5,0.0161858712185129,False
USA,56,0,0.0161624708992991,False
USA,56,0.5,0.0161492880905894,False
USA,56,1,0.0161475836284453,True
USA,56,2,0.0161774974075761,False
Indonesia,ID11,-2,0.0226607414996319,False
Indonesia,ID11,-1,0.0224235444543173,False
Indonesia,ID11,-0.5,0.0223648871938269,False
Indonesia,ID11,0,0.0223585907479481,True
Indonesia,ID11,0.5,0.0223891385500867,False
Indonesia,ID11,1,0.0224405488085337,False
Indonesia,ID11,2,0.0226595569156241,False
Indonesia,ID12,-2,0.0228204044106471,False
Indonesia,ID12,-1,0.0224361539569403,False
Indonesia,ID12,-0.5,0.022304918297481,False
Indonesia,ID12,0,0.0222090237465458,False
Indonesia,ID12,0.5,0.022149637013854,False
Indonesia,ID12,1,0.0221290979318532,True
Indonesia,ID12,2,0.0222678649833713,False
Indonesia,ID13,-2,0.0221951913263841,False
Indonesia,ID13,-1,0.021743860743279,False
Indonesia,ID13,-0.5,0.0216185284507094,False
Indonesia,ID13,0,0.0215581052501452,False
Indonesia,ID13,0.5,0.021513205971512,False
Indonesia,ID13,1,0.0215064068380048,True
Indonesia,ID13,2,0.0216769308787456,False
Indonesia,ID14,-2,0.0221184377025944,False
Indonesia,ID14,-1,0.0217643582186498,False
Indonesia,ID14,-0.5,0.0216343704472734,False
Indonesia,ID14,0,0.0215491079808316,True
Indonesia,ID14,0.5,0.0215708338703579,False
Indonesia,ID14,1,0.0216389107724042,False
Indonesia,ID14,2,0.02186963722503,False
Indonesia,ID15,-2,0.0219379115760868,False
Indonesia,ID15,-1,0.0218233857488631,True
Indonesia,ID15,-0.5,0.02182780445667,False
Indonesia,ID15,0,0.0218820947332896,False
Indonesia,ID15,0.5,0.0219577724708956,False
Indonesia,ID15,1,0.0220684713235493,False
Indonesia,ID15,2,0.0224082213736788,False
Indonesia,ID16,-2,0.022307863760552,False
Indonesia,ID16,-1,0.0220815839352453,False
Indonesia,ID16,-0.5,0.0220438451028561,True
Indonesia,ID16,0,0.0220526785989092,False
Indonesia,ID16,0.5,0.022117093498622,False
Indonesia,ID16,1,0.022213604217942,False
Indonesia,ID16,2,0.0225255829689931,False
Indonesia,ID17,-2,0.0223241844122275,False
Indonesia,ID17,-1,0.0219077852287254,False
Indonesia,ID17,-0.5,0.0217696662413797,False
Indonesia,ID17,0,0.0216897759647684,False
Indonesia,ID17,0.5,0.0216829357202565,True
Indonesia,ID17,1,0.0217204912636236,False
Indonesia,ID17,2,0.0219277376787211,False
Indonesia,ID18,-2,0.0221328317609665,False
Indonesia,ID18,-1,0.0217987510390978,False
Indonesia,ID18,-0.5,0.0216707749548836,False
Indonesia,ID18,0,0.0216228013189184,True
Indonesia,ID18,0.5,0.0216251273000958,False
Indonesia,ID18,1,0.0216954146920593,False
Indonesia,ID18,2,0.0219473016207905,False
Indonesia,ID19,-2,0.0220248575441873,False
Indonesia,ID19,-1,0.0219114231246703,True
Indonesia,ID19,-0.5,0.0219256921865051,False
Indonesia,ID19,0,0.021964964378525,False
Indonesia,ID19,0.5,0.0220106878854107,False
Indonesia,ID19,1,0.0220976942994183,False
Indonesia,ID19,2,0.0224322509032122,False
Indonesia,ID21,-2,0.0216001885929076,False
Indonesia,ID21,-1,0.0212880623583919,False
Indonesia,ID21,-0.5,0.0211575641351733,False
Indonesia,ID21,0,0.0210639442108546,False
Indonesia,ID21,0.5,0.0210572576962009,True
Indonesia,ID21,1,0.0211165036352547,False
Indonesia,ID21,2,0.0213908059963824,False
Indonesia,ID31,-2,0.0217339884549691,False
Indonesia,ID31,-1,0.0215405239000189,False
Indonesia,ID31,-0.5,0.0215106121261269,False
Indonesia,ID31,0,0.0215008825382005,True
Indonesia,ID31,0.5,0.0215344717719393,False
Indonesia,ID31,1,0.0216152075465701,False
Indonesia,ID31,2,0.0219486819234947,False
Indonesia,ID32,-2,0.0223790684148873,False
Indonesia,ID32,-1,0.022103386001679,False
Indonesia,ID32,-0.5,0.0220038163649891,False
Indonesia,ID32,0,0.0219344435783137,False
Indonesia,ID32,0.5,0.0219207187251515,True
Indonesia,ID32,1,0.021947006333823,False
Indonesia,ID32,2,0.0221616557398269,False
Indonesia,ID33,-2,0.0226607641542288,False
Indonesia,ID33,-1,0.0225080289225422,False
Indonesia,ID33,-0.5,0.0224783775998341,False
Indonesia,ID33,0,0.0224759273921501,True
Indonesia,ID33,0.5,0.0225059726851587,False
Indonesia,ID33,1,0.0225658901642355,False
Indonesia,ID33,2,0.022838007350244,False
Indonesia,ID34,-2,0.0205787972117731,False
Indonesia,ID34,-1,0.0203156917815138,False
Indonesia,ID34,-0.5,0.020236742744902,False
Indonesia,ID34,0,0.0201922154990883,False
Indonesia,ID34,0.5,0.0201885116507059,True
Indonesia,ID34,1,0.0202331866240812,False
Indonesia,ID34,2,0.0204825316121159,False
Indonesia,ID35,-2,0.0221943195146049,False
Indonesia,ID35,-1,0.0218504853399103,False
Indonesia,ID35,-0.5,0.0217636384933016,False
Indonesia,ID35,0,0.0217168639693826,True
Indonesia,ID35,0.5,0.0217173534291546,False
Indonesia,ID35,1,0.0217554118187811,False
Indonesia,ID35,2,0.0219787973331475,False
Indonesia,ID36,-2,0.0221939930911502,False
Indonesia,ID36,-1,0.0217365864572728,False
Indonesia,ID36,-0.5,0.0215829825991406,False
Indonesia,ID36,0,0.0215251630402197,False
Indonesia,ID36,0.5,0.0215103214720561,True
Indonesia,ID36,1,0.0215210673884719,False
Indonesia,ID36,2,0.0217437261190403,False
Indonesia,ID51,-2,0.022512183600784,False
Indonesia,ID51,-1,0.0222200660076561,False
Indonesia,ID51,-0.5,0.0221334305078829,False
Indonesia,ID51,0,0.0220982103918349,True
Indonesia,ID51,0.5,0.0221238764457531,False
Indonesia,ID51,1,0.0221868043720351,False
Indonesia,ID51,2,0.0224819420183466,False
Indonesia,ID52,-2,0.0230780193442124,False
Indonesia,ID52,-1,0.0227180544096675,False
Indonesia,ID52,-0.5,0.0225757537902753,False
Indonesia,ID52,0,0.0225064006534811,True
Indonesia,ID52,0.5,0.022527993606576,False
Indonesia,ID52,1,0.022596512589887,False
Indonesia,ID52,2,0.0229348302688546,False
Indonesia,ID53,-2,0.0232137850179374,False
Indonesia,ID53,-1,0.0230241956570558,False
Indonesia,ID53,-0.5,0.0229736891352595,True
Indonesia,ID53,0,0.0229752173086634,False
Indonesia,ID53,0.5,0.023036033659407,False
Indonesia,ID53,1,0.023141915728592,False
Indonesia,ID53,2,0.0234994533641492,False
Indonesia,ID61,-2,0.0216490062979075,False
Indonesia,ID61,-1,0.0213966179875387,False
Indonesia,ID61,-0.5,0.021333035536049,False
Indonesia,ID61,0,0.0213168419095938,True
Indonesia,ID61,0.5,0.0213507207198883,False
Indonesia,ID61,1,0.0214185786460125,False
Indonesia,ID61,2,0.0217587199404249,False
Indonesia,ID62,-2,0.0209108064886544,False
Indonesia,ID62,-1,0.02077158789258,False
Indonesia,ID62,-0.5,0.0207481353199458,False
Indonesia,ID62,0,0.0207429284900267,True
Indonesia,ID62,0.5,0.0207871577242508,False
Indonesia,ID62,1,0.0209020579241656,False
Indonesia,ID62,2,0.0212857382851195,False
Indonesia,ID63,-2,0.0228198565724693,False
Indonesia,ID63,-1,0.0225018528714571,False
Indonesia,ID63,-0.5,0.0223818354565229,False
Indonesia,ID63,0,0.0222904622618202,False
Indonesia,ID63,0.5,0.0222540583614197,True
Indonesia,ID63,1,0.0223000325572346,False
Indonesia,ID63,2,0.0225140581324695,False
Indonesia,ID64,-2,0.022360209785279,False
Indonesia,ID64,-1,0.0219891769268949,False
Indonesia,ID64,-0.5,0.0218887716643573,False
Indonesia,ID64,0,0.0218387172791592,False
Indonesia,ID64,0.5,0.0218169803441066,True
Indonesia,ID64,1,0.0218241082466027,False
Indonesia,ID64,2,0.0220304238746128,False
Indonesia,ID65,-2,0.0217883612493765,False
Indonesia,ID65,-1,0.0214528298619906,False
Indonesia,ID65,-0.5,0.0213059387324125,False
Indonesia,ID65,0,0.0211961753902974,False
Indonesia,ID65,0.5,0.0211461448684662,True
Indonesia,ID65,1,0.0211743760636017,False
Indonesia,ID65,2,0.0214008941534137,False
Indonesia,ID71,-2,0.0228640387948522,False
Indonesia,ID71,-1,0.0226777536853328,False
Indonesia,ID71,-0.5,0.0226463507395306,False
Indonesia,ID71,0,0.022633968916479,True
Indonesia,ID71,0.5,0.0226388129911364,False
Indonesia,ID71,1,0.0227087160096042,False
Indonesia,ID71,2,0.0229855280653093,False
Indonesia,ID72,-2,0.0222585427163338,False
Indonesia,ID72,-1,0.0219283267107793,False
Indonesia,ID72,-0.5,0.0218197996231507,False
Indonesia,ID72,0,0.0217457642869019,False
Indonesia,ID72,0.5,0.0217013018670029,True
Indonesia,ID72,1,0.0217115977539606,False
Indonesia,ID72,2,0.0218998832222261,False
Indonesia,ID73,-2,0.0227358173353131,False
Indonesia,ID73,-1,0.0223192572306528,False
Indonesia,ID73,-0.5,0.0222187419207694,False
Indonesia,ID73,0,0.0221816834534258,False
Indonesia,ID73,0.5,0.0221692222434105,True
Indonesia,ID73,1,0.0222010489997364,False
Indonesia,ID73,2,0.0223115456913924,False
Indonesia,ID74,-2,0.0221488517053855,False
Indonesia,ID74,-1,0.0219613762521206,False
Indonesia,ID74,-0.5,0.0219251697899298,False
Indonesia,ID74,0,0.0219126616959607,True
Indonesia,ID74,0.5,0.0219281505705874,False
Indonesia,ID74,1,0.0219910037954989,False
Indonesia,ID74,2,0.0222462546323361,False
Indonesia,ID75,-2,0.0216285112321321,False
Indonesia,ID75,-1,0.0212858191389164,False
Indonesia,ID75,-0.5,0.0211760999449321,False
Indonesia,ID75,0,0.0210924588356412,False
Indonesia,ID75,0.5,0.0210706763334741,True
Indonesia,ID75,1,0.0211206518759455,False
Indonesia,ID75,2,0.0213758629693436,False
Indonesia,ID76,-2,0.0217598097456471,False
Indonesia,ID76,-1,0.0215929860735878,False
Indonesia,ID76,-0.5,0.0215502703855238,True
Indonesia,ID76,0,0.0215535049619917,False
Indonesia,ID76,0.5,0.0216004744810411,False
Indonesia,ID76,1,0.0216553423685035,False
Indonesia,ID76,2,0.0218892977704714,False
Indonesia,ID81,-2,0.0211684673604115,False
Indonesia,ID81,-1,0.020941056891404,False
Indonesia,ID81,-0.5,0.0208949105910703,False
Indonesia,ID81,0,0.0208706368088633,True
Indonesia,ID81,0.5,0.0208975879400054,False
Indonesia,ID81,1,0.0209922147955828,False
Indonesia,ID81,2,0.0213405687602825,False
Indonesia,ID82,-2,0.0217570786415767,False
Indonesia,ID82,-1,0.0213621541459113,False
Indonesia,ID82,-0.5,0.0212472506411489,False
Indonesia,ID82,0,0.0211716311784822,False
Indonesia,ID82,0.5,0.0211471643866738,True
Indonesia,ID82,1,0.0211885946721659,False
Indonesia,ID82,2,0.0214341096524766,False
Indonesia,ID91,-2,0.021785161490692,False
Indonesia,ID91,-1,0.0215727468883635,False
Indonesia,ID91,-0.5,0.0215076448844676,False
Indonesia,ID91,0,0.0214595530128649,False
Indonesia,ID91,0.5,0.021424496214948,False
Indonesia,ID91,1,0.0214169507506834,True
Indonesia,ID91,2,0.0215468678026805,False
Indonesia,ID94,-2,0.0214583120146719,False
Indonesia,ID94,-1,0.0211509883881563,False
Indonesia,ID94,-0.5,0.0210512151413774,False
Indonesia,ID94,0,0.0209894275427294,False
Indonesia,ID94,0.5,0.0209605038676088,True
Indonesia,ID94,1,0.0209855126080464,False
Indonesia,ID94,2,0.021218258969928,False
