country,outer_group,penalty,G,H,E,I,sqrt_HE,sqrt_HI,sqrt_EI
China,130000,0.01,0.978193116716002,0.00773328892001965,0.00858846820006631,0,0.00548512616391198,2.39180224894542e-19,5.96446019701647e-19
China,140000,0.01,0.991489406625712,0.00756225077367146,0.000553692863681501,0,0.000394649736935005,7.19258249263968e-20,1.63405383229861e-19
China,150000,0.01,0.986149356137477,0.00788655554069396,0.00356899212629798,2.88107787054967e-19,0.00239509619553143,1.8281233169777e-20,0
China,210000,0.01,0.987310602175882,0.00336748118768181,0.0075744651951553,0,0.00174745144128145,0,2.28767536521806e-19
China,220000,0.01,0.993852631931908,0.000869700443918687,0,0.00328876004086879,0,0.00198890758330497,0
China,230000,0.01,0.991596498515935,5.71747239396653e-20,0.000477196435943707,0.00579321591224989,7.79270311473956e-20,0,0.00213308913587138
China,350000,0.01,0.989677075804054,0.00302769610635849,0,0.00679927494689346,2.44910692604636e-20,0.000495953142694239,3.15738914938928e-19
China,360000,0.01,0.98634690711219,0.00945641727044005,0.00203382373948606,9.49921221943901e-20,0.0021628518778839,0,0
China,370000,0.01,0.974452937989654,0.00712072746500749,0.0110739545771974,0,0.0073523799681412,0,0
China,410000,0.01,0.974924999591679,0.00159540808543873,0.0160082806638362,1.37071824300944e-19,0.00747131165904606,0,0
China,420000,0.01,0.968529304289295,0.0139051783227618,0.00787481522195098,2.01208092270693e-19,0.00969070216599236,0,0
China,430000,0.01,0.97615263904517,0,0.0227326946242274,0,0.00111466633060228,0,0
China,440000,0.01,0.979950120964298,3.8306081373136e-18,0.0139956460961246,6.55290663618512e-20,0.00605423293957685,3.19699718554306e-19,2.83300520882168e-19
China,450000,0,1.94255553160096e-16,0.310944597758827,0.371160076090096,0.317895326151077,0,0,0
China,460000,0,0,0.304945918221466,0.318442765760661,0.376611316017873,0,0,6.31302263904345e-18
China,510000,0,7.67070156606153e-18,0.304078539329583,0.385703249776331,0.310218210894086,1.65933472473953e-19,5.81280225433735e-20,0
China,520000,0.001,0.895059834495431,0.0159082446696104,0.0423474860261207,0,0.0466844348088382,7.59776763160287e-20,0
China,530000,0.01,0.977796280683661,0.00736768864559355,0.00901944802714599,0,0.00581658264359901,1.14182887756099e-19,2.1009263558125e-20
China,540000,0.01,0.969140546572517,0.00743308661716739,0.0126133570647674,1.45375186838429e-19,0.0108130097455484,1.46017051689246e-19,6.64965927754056e-20
China,610000,0.01,0.992418922862057,2.11758236813575e-19,0.000443238938418928,0.00662910137799202,0,0,0.000508736821531938
China,620000,0.01,0.966431624856045,0,0.0335683751439549,0,0,3.92351448710016e-19,0
China,630000,0.01,0.992611761310156,0.00148972759249024,0,0.00551307768834171,1.61948278659878e-19,0.000385433409012143,2.35916522038112e-19
China,640000,0,0,0.30245140987549,0.33556436785001,0.3619842222745,0,0,1.57042846733931e-18
China,650000,0.01,0.97831829994343,0.00029292046530284,0.0170326296926629,0,0.00435614989860436,0,6.18374294485413e-18
USA,01,0,0,0,0.525473951250076,0.474526048749924,1.46855252499675e-18,1.51785572223119e-18,1.05978659582892e-19
USA,02,0,5.87934626478629e-17,5.76418836523305e-19,0.529474446423046,0.470525553576954,0,0,3.34972971245371e-16
USA,04,0,0,4.7732596203188e-18,0.526737691122785,0.473262308877216,2.88937722274417e-19,0,2.54019856771084e-18
USA,05,0.0001,0.0876331350319623,1.06726151354042e-19,0.340027265411409,0.297771268403118,0,1.38913403349705e-19,0.274568331153511
USA,06,0,0,0.000563103582408212,0.524006553851835,0.463359813046416,0,0.0120705295193413,0
USA,08,0,1.62877913664889e-18,1.55607671504211e-18,0.529949618998371,0.470050381001629,0,0,0
USA,09,0,0,0.0179172571278821,0.509284926547833,0.449339940090093,0,0.0234578762341918,4.4857376885684e-17
USA,10,0,1.21118458318602e-17,3.25903315260969e-19,0.524874643332112,0.475125356667887,2.97183052156405e-19,0,2.30163925713729e-16
USA,11,0.0001,0.51034999547732,7.83811312184992e-20,0.180012364228018,0.178796792948035,0,8.13151629364128e-20,0.130840847346627
USA,12,0,0,1.39711632783335e-19,0.534403836730087,0.465596163269913,7.57628035061026e-20,3.96786248326201e-19,7.7696232778854e-17
USA,13,0,8.4594458261683e-18,2.30628038361439e-18,0.525841858953506,0.474158141046494,1.18473023718887e-18,0,0
USA,15,0,0,0,0.526945849387112,0.473054150612888,4.09274666247604e-19,0,4.26481906788006e-18
USA,16,0,2.09472939099662e-17,7.15136155377432e-19,0.531195858140287,0.468804141859713,2.49608787524561e-19,0,3.44967946110066e-16
USA,17,0,5.75349148112306e-17,1.42436453667515e-18,0.528862521404269,0.471137478595731,4.80294682000739e-19,0,0
USA,18,0,7.20669238788411e-18,4.96575780341308e-19,0.528415357644217,0.471584642355783,6.91999196171079e-20,0,6.05144095982143e-17
USA,19,0,6.82761310282483e-17,1.38593473804344e-18,0.529093808963055,0.470906191036944,1.87111613124791e-19,1.18003358881596e-20,4.70200872078184e-16
USA,20,0,2.34318931166704e-18,0,0.527439365847718,0.472560634152282,1.82027733525226e-19,4.40683390493943e-19,1.11994134122132e-16
USA,21,0,0,0,0.532889662327288,0.467110337672712,9.55253522344894e-20,0,9.58419466364201e-18
USA,22,0,1.43734326519573e-17,0,0.530791417253685,0.469208582746315,0,5.03429745980088e-19,0
USA,23,0,0,1.27354794198268e-18,0.530550364880756,0.469449635119244,6.48405542406589e-19,0,1.78743094128855e-17
USA,24,0,5.1692005840085e-17,7.14691202853026e-19,0.530883748115212,0.469116251884788,5.46707191455565e-19,5.38444042944802e-19,8.58880051605325e-17
USA,25,0,0,4.04989181876521e-19,0.529414883108741,0.470585116891259,4.82751651241759e-19,1.09007206771685e-18,0
USA,26,0,0,1.1429770321922e-18,0.529228676888748,0.470771323111252,1.17077733790094e-18,7.83615136570208e-18,4.20603097063862e-17
USA,27,0,0,0,0.530046239404331,0.46630195033447,0,0.00365181026119856,0
USA,28,0,0,0,0.527954847117513,0.472045152882487,7.61542173254938e-19,0,0
USA,29,0,2.14722079693402e-18,1.13634954553424e-18,0.530902812856025,0.469097187143975,6.89014292883374e-20,0,0
USA,30,0,3.52072778527853e-18,4.04154601231233e-19,0.529238146613116,0.470761853386884,0,0,1.82927355224614e-16
USA,31,0,1.18307792541453e-17,1.61658899864575e-17,0.524793725937811,0.456489321266997,2.69075996867938e-19,0.0187169527951921,9.18291239081217e-17
USA,32,0,0,1.83544489080175e-19,0.529441576118751,0.470558423881249,5.98270579502315e-20,0,0
USA,33,0.0001,0.320011337029742,0,0.248975743524408,0.227113063001251,5.01443504774546e-19,5.62429876976855e-19,0.203899856444599
USA,34,0,0,2.28028763101553e-19,0.530105929772265,0.469894070227735,6.03787592593383e-19,0,0
USA,35,0,0,8.37373796785291e-19,0.530236071159195,0.469763928840805,8.54004695918235e-19,1.78675846381852e-19,2.97320825610837e-16
USA,36,0,0,6.15082529295867e-18,0.524711924098745,0.470083802901973,9.88768454820296e-19,0.00520427299928207,2.11700962312018e-16
USA,37,0,0,0,0.530173328663657,0.469826671336343,0,0,0
USA,38,0,2.03990884842875e-17,1.83372321434604e-20,0.526671819114802,0.473328180885198,1.94427623826026e-19,3.26789597603259e-18,2.96546131047677e-17
USA,39,0,2.52529023286923e-17,3.29802986671387e-19,0.52911175582032,0.47088824417968,6.2741385975375e-19,8.19511412485017e-19,8.84209613228364e-17
USA,40,0,0,1.2970128703673e-18,0.530690154885412,0.469309845114588,1.99123157085993e-19,2.7843865560605e-19,0
USA,41,0,1.16202916498419e-16,1.8596411808032e-18,0.531439193078172,0.468560806921828,0,0,2.22578163235659e-16
USA,42,0,4.34026054075081e-17,5.22529946921174e-19,0.528412622004122,0.471587377995878,0,0,0
USA,44,0,0,1.78503628093801e-19,0.527482629125154,0.472517370874846,8.66839081423335e-20,0,1.03067577407607e-16
USA,45,0,0,0,0.526398439132153,0.473601560867847,1.85790303925738e-20,6.61286168720842e-20,2.35154421490341e-16
USA,46,0,0,0.00602608867025579,0.515985958673806,0.452541267067597,1.39193731879035e-18,0.0254466855883416,0
USA,47,0,0,9.45002314965016e-19,0.529167140030018,0.470832859969982,0,0,1.14821528437496e-16
USA,48,0,0,0,0.542781843471018,0.457218156528982,4.33914353431433e-19,0,7.98797956639712e-16
USA,49,0,0,0,0.536008423307435,0.463991576692565,2.41984194327478e-18,2.24091183800651e-18,3.25414196236021e-16
USA,50,0,0,9.2841005637804e-20,0.531015470781245,0.468984529218755,0,8.95534710230357e-19,0
USA,51,0,4.55437842723061e-17,0.0489555696783876,0.481184319129125,0.427390874927683,0,0.0424692362648047,1.84447629634075e-16
USA,53,0,3.1756745934332e-17,0,0.529959510552297,0.470040489447703,3.6122856143869e-19,8.76216236094901e-19,4.22819326916677e-16
USA,54,0,1.17961196366423e-16,0,0.530385900157642,0.469614099842358,7.58941520739853e-19,6.50521303491303e-19,0
USA,55,0,0,3.46944695195361e-18,0.531782880499228,0.468217119500772,4.33680868994202e-19,0,0
USA,56,0,2.17311577801754e-17,7.63517013062221e-19,0.532789386957735,0.467210613042265,0,3.02141868938204e-19,0
Indonesia,ID11,0.01,0.987498045975917,0,1.91200858345497e-19,0.0124927421627402,0,9.21186134246237e-06,7.26570364718491e-19
Indonesia,ID12,0.01,0.962666057350234,5.25958270772879e-19,0,0.0312279936850069,6.75514093545011e-20,0.00610594896475911,0
Indonesia,ID13,0.01,0.979037608592063,0,0,0.0206026709689288,3.56035174935393e-19,0.000359720439008521,1.96086459875834e-19
Indonesia,ID14,0.01,0.969170927102916,0,4.50048179211297e-19,0.0285543953944909,0,0.00227467750259352,0
Indonesia,ID15,0.01,0.957345368130206,2.50114850667744e-19,1.73132792044913e-20,0.0426546318697938,0,2.02387098483779e-19,8.14110764142546e-20
Indonesia,ID16,0.01,0.96721625171303,0.00178494884595654,8.71475019612075e-19,0.0205337415918883,1.10305428838199e-19,0.0104650578491247,0
Indonesia,ID17,0.01,0.964607076126809,0.000509018702359488,1.4518083502127e-18,0.0232728308607911,0,0.01161107431004,0
Indonesia,ID18,0.001,0.816375843484571,0,1.70686060933049e-19,0.183624156515429,0,0,1.24947330172632e-19
Indonesia,ID19,0.001,0.86294439780043,2.65851336084432e-19,3.99316579312208e-19,0.101945541198294,0,0.0351100610012755,3.50154392635417e-21
Indonesia,ID21,0,6.27465924853122e-16,0.262726529468293,0.281851315920736,0.45542215461097,0,0,0
Indonesia,ID31,0.001,0.786440956552364,0,0,0.192865535476218,1.18059083918178e-18,0.0206935079714182,1.0568336005428e-17
Indonesia,ID32,0.01,0.976848239978608,4.55256217069844e-19,4.20769766760947e-19,0.0202992828321063,0,0.00285247718928583,2.83592316209361e-19
Indonesia,ID33,0.01,0.973765703659232,8.13151629364128e-20,0,0.0246159717712697,6.7762635780344e-21,3.65918233213858e-19,0.00161832456949822
Indonesia,ID34,0,9.15906466744968e-16,0.175833987491087,1.09538808958694e-15,0.389807319986314,0,2.33580854853456e-15,0.434358692522595
Indonesia,ID35,0,0,0.257908747483239,0.308106232592222,0.433985019924539,0,2.1543353582054e-16,0
Indonesia,ID36,0.01,0.96151225002613,0,0,0.0313129083013603,2.57476155514594e-19,0.00717484167250951,5.04222325395001e-19
Indonesia,ID51,0.0001,0.705809809176007,1.40607469244214e-19,0,0.268139245037267,1.25360876193636e-19,3.32036915323686e-19,0.0260509457867258
Indonesia,ID52,0,0,0.22362459681363,0.262555145691151,0.513820257495219,0,2.92053506167633e-17,0
Indonesia,ID53,0,1.29126684055194e-16,0.2174367081222,0.268784281682604,0.513779010195196,6.20428782425149e-18,0,7.15240365143873e-18
Indonesia,ID61,0.001,0.841770631987564,0,1.26716128909243e-18,0.153623978438383,0,3.89635155736978e-19,0.00460538957405312
Indonesia,ID62,0,0,0.265306419385921,0,0.213440735203051,3.14757443199698e-17,4.58359173912455e-15,0.521252845411023
Indonesia,ID63,0.01,0.969524859206334,0.00198954668811502,0,0.0186430027254053,1.03928861126216e-20,0.00984259138014604,2.98433511200959e-19
Indonesia,ID64,0.01,0.969998215205059,0,1.70764319578041e-19,0.020803755222891,0,0.00919802957205003,0
Indonesia,ID65,0.01,0.972905226479264,0,0,0.0249820369431101,0,0.00211273657762603,1.9258491594948e-20
Indonesia,ID71,0.01,0.967600257086791,0,3.6485944202979e-19,0.0302120895301295,1.98840984367947e-19,0,0.00218765338307951
Indonesia,ID72,0.001,0.743757005037597,1.65102617625959e-19,0,0.256242994962403,0,0,0
Indonesia,ID73,0.01,0.957069078348487,0.00637009348948518,0,0.0223709491089469,6.82613481294883e-19,0.0141898790530813,6.52417877194761e-19
Indonesia,ID74,0.01,0.972241315381433,0.00897880118589122,0,0.00982819233060856,0,0.00895169110206761,0
Indonesia,ID75,0.01,0.935502182000316,0.0308350720442015,1.60924395908986e-18,0.0126612675373117,0,0.021001478418171,0
Indonesia,ID76,0.01,0.936486284917761,0.0293117652153182,5.99057916494499e-19,0.013590173851494,0,0.0206117760154271,0
Indonesia,ID81,0.01,0.952196676361858,0,0,0.033446672792215,0,0.0143566508459269,3.96841644986806e-20
Indonesia,ID82,0.01,0.965437393244834,7.2017933511829e-21,7.03940540965466e-20,0.0345626067551664,0,6.97798652255982e-20,0
Indonesia,ID91,0.01,0.936126954233152,0.0115620830032772,0,0.031244730957523,7.39006302188314e-20,0.021066231806048,0
Indonesia,ID94,0.01,0.937179696159351,0.0199104203455055,0,0.0223400595992298,0,0.0205698238959141,0
