country,method,term,folds,mean,sd,q25,median,q75,minimum,maximum,nonzero_share
China,P3_weighted_geometric,weight_log_E,24,0.350685733575,0.0169294110863,0.337678168601,0.347469110425,0.365861400896,0.327817187318,0.392867362962,1
China,P3_weighted_geometric,weight_log_H,24,0.336887520888,0.00512191867267,0.332924865732,0.336583114787,0.340153925156,0.328076857849,0.346398012379,1
China,P3_weighted_geometric,weight_log_I,24,0.312426745537,0.0171797005655,0.301718463331,0.313911388169,0.325642725435,0.266513850586,0.335690201274,1
China,P4_constrained_interactions,weight_E,24,0.0157277924958,0.0215378004152,0.0017309931049,0.00599627067282,0.0178429552961,0,0.0689690298015,0.791666666667
China,P4_constrained_interactions,weight_G,24,0.965174320142,0.0429161174529,0.970946034143,0.982570495073,0.98865383793,0.854598009337,0.998488583518,1
China,P4_constrained_interactions,weight_H,24,0.006724240461,0.00632871850106,9.0321947868e-05,0.00630461007761,0.0103659603727,0,0.0241457393549,0.75
China,P4_constrained_interactions,weight_I,24,0.000283837165048,0.00077381636493,0,0,7.54812817061e-19,0,0.00334860630043,0.166666666667
China,P4_constrained_interactions,weight_sqrt_EI,24,9.60873340892e-05,0.000470729878526,0,1.72159243046e-20,2.18561494266e-19,0,0.00230609601814,0.0416666666667
China,P4_constrained_interactions,weight_sqrt_HE,24,0.0118138122015,0.0194890998359,0.0013508141566,0.00425354597098,0.00789500536813,0,0.0686115067503,0.791666666667
China,P4_constrained_interactions,weight_sqrt_HI,24,0.000179910200619,0.00087365411786,0,1.38960187557e-20,1.60533035039e-19,0,0.00428144181963,0.0833333333333
Indonesia,P3_weighted_geometric,weight_log_E,34,0.325602025692,0.011425016174,0.319896065784,0.326319641964,0.334208744342,0.301561102743,0.35138797809,1
Indonesia,P3_weighted_geometric,weight_log_H,34,0.329269784859,0.0141994851525,0.318405841397,0.326727790518,0.341165131323,0.296054876129,0.362122419453,1
Indonesia,P3_weighted_geometric,weight_log_I,34,0.345128189449,0.0214602802554,0.327054832248,0.347672461512,0.358114518875,0.3018824858,0.383458852045,1
Indonesia,P4_constrained_interactions,weight_E,34,0.0109220529281,0.0536756040459,0,3.77175990641e-20,2.35845230406e-19,0,0.313327980216,0.235294117647
Indonesia,P4_constrained_interactions,weight_G,34,0.950795884074,0.168421902418,0.971428747332,0.982820334059,0.986981207942,0,0.998592813103,0.970588235294
Indonesia,P4_constrained_interactions,weight_H,34,0.0145450884599,0.0565259818479,0,0.00082571885739,0.0105644741397,0,0.332188016829,0.5
Indonesia,P4_constrained_interactions,weight_I,34,0.0171878790804,0.044023498594,5.07371869652e-20,0.0093835329436,0.0161121694936,0,0.258699076172,0.617647058824
Indonesia,P4_constrained_interactions,weight_sqrt_EI,34,0.0039033376074,0.0164573946068,0,1.11157648749e-19,2.83973984609e-18,0,0.0957849267833,0.235294117647
Indonesia,P4_constrained_interactions,weight_sqrt_HE,34,0.000141477274938,0.000807129258943,0,0,1.9802947895e-19,0,0.00470831757601,0.0588235294118
Indonesia,P4_constrained_interactions,weight_sqrt_HI,34,0.00250428057545,0.00480786368249,0,1.09954111524e-19,0.00141422279193,0,0.0184458952267,0.382352941176
USA,P3_weighted_geometric,weight_log_E,51,0.333548806083,0.0109155619876,0.32613205344,0.332701199668,0.337440708129,0.317638365179,0.386655397568,1
USA,P3_weighted_geometric,weight_log_H,51,0.315262804791,0.0170043314226,0.309951515988,0.319216911514,0.324140671432,0.231665771284,0.337065274957,1
USA,P3_weighted_geometric,weight_log_I,51,0.351188389126,0.0081703359305,0.34579230674,0.351426175376,0.354800415807,0.337577819851,0.381678831148,1
USA,P4_constrained_interactions,weight_E,51,0.0084970373726,0.0439430008584,0,8.19072495789e-20,2.80437505411e-19,0,0.311680057655,0.196078431373
USA,P4_constrained_interactions,weight_G,51,0.950803956672,0.143344894791,0.976247392856,0.97969547839,0.986318675077,8.87607095977e-16,0.993372847582,0.980392156863
USA,P4_constrained_interactions,weight_H,51,4.56987495726e-19,2.31114865654e-18,0,3.91752738105e-20,1.24697607598e-19,0,1.64781789559e-17,0
USA,P4_constrained_interactions,weight_I,51,0.0178612048465,0.00943215135193,0.012003313536,0.0187287780475,0.0236432403155,0,0.0504581250994,0.980392156863
USA,P4_constrained_interactions,weight_sqrt_EI,51,0.0101972989259,0.0430521092086,0,8.4027324648e-20,0.00171622459124,0,0.300227710066,0.274509803922
USA,P4_constrained_interactions,weight_sqrt_HE,51,5.04057830207e-20,1.04824482025e-19,0,0,6.05338667243e-20,0,4.62516080076e-19,0
USA,P4_constrained_interactions,weight_sqrt_HI,51,0.0126405021825,0.0890988930547,0,0,9.37145567358e-20,0,0.636437748235,0.117647058824
