country,method,n,groups,MAE,RMSE,R2,bias_pred_minus_true,P3,P5,P8,P10
China,P0_geometric,240,24,0.0119262419835,0.0154194614297,0.84224758777,0.000141952650683,0.875,0.991666666667,1,1
China,P3_weighted_geometric,240,24,0.0121195930348,0.015623067072,0.838054011978,-9.58473960882e-05,0.8625,0.9875,1,1
China,P4_constrained_interactions,240,24,0.0120616058628,0.0155727051646,0.839096414637,-0.000309034348243,0.870833333333,0.983333333333,1,1
USA,P0_geometric,3104,51,0.0165708534413,0.0215354439911,0.559543376345,-0.000525312239517,0.811533505155,0.955219072165,0.993878865979,0.997744845361
USA,P3_weighted_geometric,3104,51,0.0166151030414,0.0215386281104,0.559413119445,0.00049867566282,0.812177835052,0.955863402062,0.993878865979,0.997744845361
USA,P4_constrained_interactions,3104,51,0.0166105587771,0.0215482221036,0.559020529076,0.000365351986188,0.811855670103,0.955219072165,0.993556701031,0.997744845361
Indonesia,P0_geometric,443,34,0.0206142642305,0.0261879462051,0.709619658257,0.0011817342561,0.593679458239,0.828442437923,0.972911963883,0.988713318284
Indonesia,P3_weighted_geometric,443,34,0.02078201107,0.0263549359916,0.705904578574,0.00160247205818,0.582392776524,0.82618510158,0.972911963883,0.990970654628
Indonesia,P4_constrained_interactions,443,34,0.0207145096091,0.0262746411758,0.707693872627,0.00151525157259,0.589164785553,0.828442437923,0.972911963883,0.990970654628
