unit,group,main_status,y_true,pred_full,pred_no_EO,delta_abs_error
ID1101,ID11,included_443,0.6603,0.659704492820759,0.662219108429662,0.0013236012504213
ID1102,ID11,included_443,0.6894,0.674059258856521,0.661947532288926,0.0121117265675954
ID1103,ID11,included_443,0.6712,0.66982269823557,0.663432508822584,0.00639018941298597
ID1104,ID11,included_443,0.6937,0.716148435016477,0.669372180185643,0.00187938479787997
ID1105,ID11,included_443,0.6763,0.68105938332196,0.676789077064033,-0.00427030625792701
ID1106,ID11,included_443,0.7324,0.728841250922669,0.688113793464645,0.0407274574580242
ID1107,ID11,included_443,0.7138,0.718975658495465,0.697153856640991,0.0114704848635442
ID1108,ID11,included_443,0.7356,0.7263281912498,0.696551867265056,0.0297763239847437
ID1109,ID11,included_443,0.7063,0.707800644921941,0.69514324568453,0.00965610939352868
ID1110,ID11,included_443,0.7228,0.717700098597095,0.702571334550611,0.0151287640464843
ID1111,ID11,included_443,0.6933,0.705279958194446,0.69073617755643,-0.00941613575087585
ID1112,ID11,included_443,0.6675,0.715602560262809,0.706997684333334,-0.00860487592947501
ID1113,ID11,included_443,0.6722,0.694095292969755,0.675614753821551,-0.0184805391482044
ID1114,ID11,included_443,0.6924,0.687233103718913,0.680847273146214,0.00638583057269904
ID1115,ID11,included_443,0.6918,0.690900891554247,0.689099672842489,0.00180121871175765
ID1116,ID11,included_443,0.6975,0.695219861359226,0.679661232798781,0.0155586285604448
ID1117,ID11,included_443,0.7298,0.707702324296116,0.692948862166172,0.0147534621299438
ID1118,ID11,included_443,0.732,0.701864565641848,0.690752095625512,0.0111124700163359
ID1171,ID11,included_443,0.8541,0.806999966812907,0.775311231077276,0.0316887357356308
ID1172,ID11,included_443,0.7578,0.723552969712318,0.743172965727913,-0.0196199960155947
ID1173,ID11,included_443,0.7717,0.757497300610474,0.727382293254289,0.0301150073561849
ID1174,ID11,included_443,0.7731,0.764821122581185,0.742984652061179,0.0218364705200055
ID1175,ID11,included_443,0.6493,0.69209606330118,0.68397389492061,-0.00812216838057001
ID1201,ID12,official_scope_exclusion_62,0.6193,0.678822976081224,0.6837289418244,0.00490596574317614
ID1202,ID12,included_443,0.6679,0.681291265872538,0.672085745057039,-0.00920552081549852
ID1203,ID12,included_443,0.7012,0.710537703089444,0.705642675167104,-0.00489502792233998
ID1204,ID12,included_443,0.6923,0.692571259288251,0.6830942617642,0.00893447894754862
ID1205,ID12,included_443,0.7347,0.675437408764684,0.680577857562039,-0.00514044879735476
ID1206,ID12,included_443,0.7516,0.68961154550827,0.702948001849306,-0.0133364563410359
ID1207,ID12,included_443,0.7201,0.729101095457395,0.719102467830711,-0.00800356328810592
ID1208,ID12,included_443,0.7029,0.734755007259038,0.716941690009846,-0.017813317249192
ID1209,ID12,included_443,0.7325,0.735993596360191,0.710846638473185,0.018159765166624
ID1210,ID12,included_443,0.7157,0.699428711060215,0.693275529089443,0.00615318197077186
ID1211,ID12,included_443,0.7443,0.724782441662399,0.709256016935731,0.0155264247266678
ID1212,ID12,included_443,0.7544,0.769857351566517,0.73332753710832,0.00561511132516257
ID1213,ID12,included_443,0.71,0.716541667864045,0.695192991405335,0.00826534073061946
ID1214,ID12,official_scope_exclusion_62,0.6189,0.657218534551011,0.653080574598833,-0.00413795995217814
ID1215,ID12,included_443,0.6887,0.67337679925822,0.687573902709684,-0.0141971034514639
ID1216,ID12,included_443,0.6759,0.669624578161811,0.646093175140196,0.023531403021615
ID1217,ID12,included_443,0.7063,0.683841328510981,0.691557249216871,-0.00771592070589044
ID1218,ID12,included_443,0.7024,0.717161497349277,0.712268718810606,-0.00489277853867132
ID1219,ID12,included_443,0.6836,0.742524542620481,0.743511790737767,0.000987248117286454
ID1220,ID12,included_443,0.6985,0.673036612985286,0.67757331133163,-0.00453669834634352
ID1221,ID12,included_443,0.6825,0.683732517949887,0.679638384307465,0.00162909774264797
ID1222,ID12,included_443,0.714,0.702219184532431,0.703371594047295,-0.00115240951486428
ID1223,ID12,included_443,0.7161,0.690936678312512,0.703955149663211,-0.0130184713506988
ID1224,ID12,official_scope_exclusion_62,0.6236,0.668680512369072,0.65859197521125,-0.0100885371578224
ID1225,ID12,official_scope_exclusion_62,0.6151,0.673438084396228,0.67452540853583,0.00108732413960155
ID1271,ID12,included_443,0.7363,0.775933739522562,0.7771814139176,0.00124767439503781
ID1272,ID12,included_443,0.6865,0.768895095928194,0.759318956592185,-0.00957613933600931
ID1273,ID12,included_443,0.7875,0.796808503644275,0.770049019612668,0.00814247674305668
ID1274,ID12,included_443,0.7517,0.772166894757518,0.751504160306862,-0.0202710550643795
ID1275,ID12,included_443,0.8098,0.826531528000098,0.794378832617163,-0.00131036061726064
ID1276,ID12,included_443,0.7589,0.785399321897731,0.750369679859841,-0.0179690017575718
ID1277,ID12,included_443,0.7522,0.741100570554472,0.729601799406584,0.0114987711478882
ID1278,ID12,included_443,0.6931,0.733922311386429,0.718634569323762,-0.0152877420626675
ID1301,ID13,official_scope_exclusion_62,0.6109,0.642030224874933,0.637689051846876,-0.00434117302805725
ID1302,ID13,included_443,0.699,0.679244446288181,0.681489244877399,-0.00224479858921789
ID1303,ID13,included_443,0.6908,0.678434047065012,0.684878044711941,-0.0064439976469286
ID1304,ID13,included_443,0.6774,0.698415994346116,0.670485379474931,-0.014101373821047
ID1305,ID13,included_443,0.7233,0.723507232842184,0.713072671989108,0.0100200951687086
ID1306,ID13,included_443,0.7061,0.718990618269876,0.71373882477363,-0.00525179349624616
ID1307,ID13,included_443,0.7246,0.737728344929986,0.725224931257463,-0.0125034136725233
ID1308,ID13,included_443,0.6947,0.716162800708336,0.706109991286472,-0.0100528094218637
ID1309,ID13,included_443,0.6664,0.67380957112345,0.685862091115753,0.0120525199923035
ID1310,ID13,included_443,0.6904,0.671314891153723,0.674319478428894,-0.00300458727517083
ID1311,ID13,included_443,0.7151,0.704407914433733,0.683661166712807,0.0207467477209262
ID1312,ID13,included_443,0.6849,0.667845882100458,0.671507673616588,-0.00366179151613033
ID1371,ID13,included_443,0.8282,0.772746777700794,0.762211576756941,0.0105352009438535
ID1372,ID13,included_443,0.7829,0.756834021113396,0.758568418054273,-0.00173439694087685
ID1373,ID13,included_443,0.7264,0.748992251730584,0.735632204119997,-0.0133600476105872
ID1374,ID13,included_443,0.7793,0.788483775041154,0.781497544958356,-0.00698623008279786
ID1375,ID13,included_443,0.8058,0.799143875348588,0.784830985120297,0.0143128902282912
ID1376,ID13,included_443,0.789,0.773620534984709,0.762933399370446,0.010687135614263
ID1377,ID13,included_443,0.769,0.740108927798863,0.759716667146251,-0.0196077393473884
ID1401,ID14,included_443,0.7031,0.713372548357239,0.717318241732038,0.00394569337479855
ID1402,ID14,included_443,0.6983,0.709378753874711,0.706546787424613,-0.00283196645009787
ID1403,ID14,included_443,0.6654,0.696158246474571,0.693062757576359,-0.00309548889821187
ID1404,ID14,included_443,0.7156,0.705473140732603,0.70154087282607,0.00393226790653278
ID1405,ID14,included_443,0.7368,0.740385210656069,0.731340467149781,0.00187432219415018
ID1406,ID14,included_443,0.7283,0.718512286114365,0.707496665466775,0.0110156206475903
ID1407,ID14,included_443,0.6938,0.695121497200026,0.687659046053578,0.00481945674639617
ID1408,ID14,included_443,0.7346,0.767202539763582,0.750348109741973,-0.0168544300216089
ID1409,ID14,included_443,0.6915,0.709381358093899,0.708845345829849,-0.000536012264049868
ID1410,ID14,included_443,0.655,0.731041156581006,0.712034560492485,-0.0190065960885206
ID1471,ID14,included_443,0.8132,0.815674993193067,0.77152760167035,0.0391974051365832
ID1473,ID14,included_443,0.744,0.781668208684996,0.742725126062799,-0.0363933347477945
ID1501,ID15,included_443,0.7121,0.679886299825382,0.70134975736951,-0.0214634575441278
ID1502,ID15,included_443,0.6919,0.675502579228386,0.666178349727647,0.00932422950073897
ID1503,ID15,included_443,0.6986,0.686248470167421,0.670596316778034,0.015652153389387
ID1504,ID15,included_443,0.6984,0.69242098888087,0.68591286997483,0.00650811890603986
ID1505,ID15,included_443,0.6918,0.700265212245402,0.68274645907291,0.000588328681687789
ID1506,ID15,included_443,0.6443,0.676040758082338,0.693842723511378,0.0178019654290398
ID1507,ID15,included_443,0.6754,0.709407967828207,0.713008378483978,0.00360041065577066
ID1508,ID15,included_443,0.6914,0.688179472371096,0.67469062128973,0.0134888510813657
ID1509,ID15,included_443,0.6992,0.712720338943418,0.688626867195276,-0.00294720613869381
ID1571,ID15,included_443,0.7837,0.786064281995575,0.752599173294389,0.0287365447100361
ID1572,ID15,included_443,0.7542,0.759513576158459,0.75909746637464,-0.000416109783819341
ID1601,ID16,included_443,0.6932,0.699588277540003,0.680469850648226,0.00634187181177148
ID1602,ID16,included_443,0.6682,0.647638929235642,0.652416728100491,-0.00477779886484864
ID1603,ID16,included_443,0.6874,0.712642963270929,0.715237054965087,0.00259409169415836
ID1604,ID16,included_443,0.6744,0.706781159062914,0.687464140456595,-0.0193170186063194
ID1605,ID16,included_443,0.6679,0.678124955274224,0.680760258740102,0.00263530346587837
ID1606,ID16,included_443,0.6769,0.685792009808496,0.693227979526229,0.00743596971773264
ID1607,ID16,included_443,0.6674,0.656689069520118,0.650821062558336,0.00586800696178169
ID1608,ID16,included_443,0.653,0.658717065084149,0.649154107229533,-0.00187117231368161
ID1609,ID16,included_443,0.6928,0.65847097382696,0.67809969312231,-0.0196287192953505
ID1610,ID16,included_443,0.6706,0.66650404722859,0.678019863499453,0.00332391072804339
ID1611,ID16,included_443,0.6525,0.663176668380154,0.654557441383225,-0.00861922699692941
ID1612,ID16,included_443,0.647,0.686480276772214,0.687370711794716,0.000890435022501856
ID1613,ID16,official_scope_exclusion_62,0.6449,0.673018997798639,0.656019565709147,-0.0169994320894921
ID1671,ID16,included_443,0.7833,0.783849024225845,0.7837116903936,-0.00013733383224479
ID1672,ID16,included_443,0.7455,0.740218870258816,0.722296769505299,0.0179221007535175
ID1673,ID16,included_443,0.6831,0.672877840182452,0.682322937644414,-0.00944509746196243
ID1674,ID16,included_443,0.7478,0.743945596289539,0.711729871049829,0.0322157252397096
ID1701,ID17,included_443,0.7063,0.693555324929967,0.694449884256531,-0.000894559326563571
ID1702,ID17,included_443,0.7044,0.710511965191084,0.692054245651824,0.00623378915709227
ID1703,ID17,included_443,0.6882,0.680961119109365,0.661042365106527,0.0199187540028377
ID1704,ID17,included_443,0.6699,0.646037603278833,0.655174523534721,-0.00913692025588808
ID1705,ID17,included_443,0.6689,0.650339661072108,0.661083501563644,-0.0107438404915361
ID1706,ID17,included_443,0.6845,0.665166495638744,0.655542464389398,0.00962403124934574
ID1707,ID17,included_443,0.6701,0.642880627909591,0.670653201574341,-0.026666170516068
ID1708,ID17,included_443,0.6817,0.685926018969534,0.690776118436872,0.00485009946733816
ID1709,ID17,included_443,0.6761,0.657208850249174,0.684806054262131,-0.0101850954886947
ID1771,ID17,included_443,0.8036,0.740644451510944,0.751109308062245,-0.0104648565513009
ID1801,ID18,included_443,0.678,0.65293005487623,0.670892280964247,-0.0179622260880169
ID1802,ID18,included_443,0.6642,0.679277514185736,0.681199986140367,0.00192247195463102
ID1803,ID18,included_443,0.6836,0.701000968978802,0.717495929497364,0.0164949605185619
ID1804,ID18,included_443,0.6937,0.697190030456778,0.707564604750267,0.0103745742934893
ID1805,ID18,included_443,0.7016,0.689312672384712,0.717571721405378,0.00368439379008956
ID1806,ID18,included_443,0.6767,0.700331008119487,0.702727678091596,0.00239666997210874
ID1807,ID18,included_443,0.6744,0.674201124126532,0.67364328062958,0.000557843496952426
ID1808,ID18,included_443,0.6852,0.689885146442169,0.689059188908962,-0.000825957533207022
ID1809,ID18,included_443,0.6579,0.680517379573696,0.709185984253311,0.0286686046796154
ID1810,ID18,included_443,0.703,0.706670295483314,0.71133025157672,0.00465995609340586
ID1811,ID18,included_443,0.6363,0.687119006536652,0.682756294039475,-0.00436271249717679
ID1812,ID18,included_443,0.6597,0.700768657608959,0.704296372762608,0.00352771515364936
ID1813,ID18,official_scope_exclusion_62,0.6391,0.652966100394419,0.658817609396772,0.00585150900235332
ID1871,ID18,included_443,0.7744,0.78815988949945,0.764808139037959,-0.00416802853740861
ID1872,ID18,included_443,0.7719,0.735368203927078,0.740251677622138,-0.00488347369505948
ID1901,ID19,included_443,0.724,0.694433653367569,0.687985033600842,0.00644861976672695
ID1902,ID19,included_443,0.7251,0.701237555849145,0.695935132738398,0.00530242311074669
ID1903,ID19,included_443,0.6908,0.684558156573306,0.692350606561134,-0.00469123686555972
ID1904,ID19,included_443,0.7045,0.673210189698856,0.689529630471465,-0.0163194407726088
ID1905,ID19,included_443,0.669,0.666704071206975,0.671612715373576,0.000316786580550787
ID1971,ID19,included_443,0.7822,0.76044695274419,0.75800651253623,0.00244044020795964
ID2101,ID21,included_443,0.7144,0.743744984968333,0.714909591365231,-0.0288353936031021
ID2103,ID21,included_443,0.7272,0.696209652004019,0.724499830737712,-0.0282901787336927
ID2104,ID21,included_443,0.6529,0.698750905933818,0.671717668658361,-0.0270332372754567
ID2105,ID21,included_443,0.688,0.660206280980568,0.754695150166691,0.0389014311472586
ID2171,ID21,included_443,0.8111,0.787602398915479,0.763385861186016,0.0242165377294625
ID2172,ID21,included_443,0.7891,0.769389688116134,0.763986714690264,0.00540297342587026
ID3171,ID31,included_443,0.8472,0.83287563295901,0.838139535601742,-0.0052639026427318
ID3172,ID31,included_443,0.8266,0.816219574558346,0.812533694412705,0.00368588014564142
ID3173,ID31,included_443,0.8139,0.859616601913702,0.882273071307433,0.0226564693937308
ID3174,ID31,included_443,0.8138,0.829938334794788,0.82070148607342,-0.00923684872136776
ID3175,ID31,included_443,0.8029,0.82711361029138,0.831909970875085,0.00479636058370525
ID3201,ID32,included_443,0.704,0.740360736068643,0.731263742821861,-0.00909699324678193
ID3202,ID32,included_443,0.6688,0.695806454039057,0.704967432414773,0.00916097837571583
ID3203,ID32,included_443,0.6536,0.68428248582954,0.696507787125009,0.0122253012954687
ID3204,ID32,included_443,0.7239,0.724905379667934,0.727780284186869,0.00287490451893468
ID3205,ID32,included_443,0.6612,0.692662396836547,0.703316135718121,0.0106537388815736
ID3206,ID32,included_443,0.6567,0.6848320978652,0.700287629909852,0.015455532044652
ID3207,ID32,included_443,0.7049,0.717688494906483,0.718273197717694,0.000584702811211146
ID3208,ID32,included_443,0.6938,0.710846539978712,0.710992574923395,0.000146034944682794
ID3209,ID32,included_443,0.6875,0.714149487254688,0.711596839228951,-0.00255264802573674
ID3210,ID32,included_443,0.6759,0.699878448388076,0.715079915924704,0.0152014675366278
ID3211,ID32,included_443,0.7164,0.715307783441021,0.724136899409272,0.00664468285029285
ID3212,ID32,included_443,0.6729,0.702654155505746,0.72801982240182,0.0253656668960739
ID3213,ID32,included_443,0.6895,0.690047927681546,0.706507594626403,0.0164596669448571
ID3214,ID32,included_443,0.7082,0.732956506236111,0.748727144893468,0.0157706386573568
ID3215,ID32,included_443,0.7066,0.732182648503116,0.760815398359609,0.0286327498564933
ID3216,ID32,included_443,0.7407,0.752120664682407,0.760387856338161,0.00826719165575374
ID3217,ID32,included_443,0.6808,0.715541822629166,0.716897237822289,0.00135541519312332
ID3218,ID32,included_443,0.6806,0.702863276522615,0.706391931791178,0.00352865526856272
ID3271,ID32,included_443,0.7611,0.775597032733601,0.758769357592087,-0.0121663903256877
ID3272,ID32,included_443,0.7421,0.759115745483163,0.754000747724579,-0.00511499775858371
ID3273,ID32,included_443,0.8151,0.814681899590149,0.806167498011769,0.00851440157838013
ID3274,ID32,included_443,0.7489,0.784846186993345,0.784478052895283,-0.000368134098062023
ID3275,ID32,included_443,0.815,0.773348292532834,0.74637988228751,0.026968410245324
ID3276,ID32,included_443,0.8097,0.769679211165288,0.743151505988606,0.0265277051766819
ID3277,ID32,included_443,0.7783,0.791355325553154,0.77116932288824,-0.00592464844139384
ID3278,ID32,included_443,0.7304,0.753123045033146,0.745918379351485,-0.00720466568166123
ID3279,ID32,included_443,0.717,0.733357578707883,0.723565473359733,-0.00979210534815
ID3301,ID33,included_443,0.6995,0.734816620992264,0.742606627833282,0.00779000684101794
ID3302,ID33,included_443,0.7198,0.728698174312608,0.7272551934837,-0.00144298082890792
ID3303,ID33,included_443,0.6897,0.717787210297355,0.718399395431462,0.000612185134107435
ID3304,ID33,included_443,0.6745,0.70292144372398,0.709112326203752,0.00619088247977151
ID3305,ID33,included_443,0.6981,0.700832033516788,0.710910720904346,0.0100786873875583
ID3306,ID33,included_443,0.7268,0.70506453207701,0.713599175390207,-0.00853464331319742
ID3307,ID33,included_443,0.6822,0.700530644229432,0.706190098462311,0.00565945423287872
ID3308,ID33,included_443,0.6987,0.710204735773141,0.714985834916185,0.00478109914304425
ID3309,ID33,included_443,0.7425,0.724500588876352,0.726569409673001,-0.00206882079664938
ID3310,ID33,included_443,0.7556,0.734922188596475,0.737245875634265,-0.00232368703779018
ID3311,ID33,included_443,0.7698,0.739980622950385,0.742835139754551,-0.00285451680416593
ID3312,ID33,included_443,0.7025,0.722985861655379,0.722853727198978,-0.000132134456401367
ID3313,ID33,included_443,0.7586,0.733664551638098,0.736286872567485,-0.00262232092938686
ID3314,ID33,included_443,0.7395,0.725431086379635,0.73691277550468,-0.0114816891250453
ID3315,ID33,included_443,0.6987,0.692976853128311,0.693842977463975,-0.00086612433566402
ID3316,ID33,included_443,0.6884,0.70483362511337,0.704799697179959,-3.39279334113929e-05
ID3317,ID33,included_443,0.7002,0.701793753607814,0.70921716642978,0.0074234128219659
ID3318,ID33,included_443,0.7177,0.714286466732491,0.719488885201966,-0.00162464806554352
ID3319,ID33,included_443,0.75,0.761131576590095,0.779985883401365,0.01885430681127
ID3320,ID33,included_443,0.7199,0.714368544205355,0.70720629262377,0.00716225158158501
ID3321,ID33,included_443,0.7222,0.701095295329408,0.704111478638512,-0.00301618330910358
ID3322,ID33,included_443,0.741,0.740624284247568,0.739689128712413,0.000935155535154553
ID3323,ID33,included_443,0.6957,0.700884299521461,0.715673535058577,0.0147892355371156
ID3324,ID33,included_443,0.7229,0.718486103670813,0.731167047663034,0.00385315133384745
ID3325,ID33,included_443,0.6865,0.702215501514364,0.711934653386728,0.00971915187236438
ID3326,ID33,included_443,0.6963,0.704805101446902,0.710447401680332,0.00564230023343004
ID3327,ID33,included_443,0.6632,0.696482370190188,0.699385963334674,0.00290359314448574
ID3328,ID33,included_443,0.6839,0.706227743562859,0.711199619386087,0.00497187582322822
ID3329,ID33,included_443,0.6611,0.703354107083601,0.708649613594701,0.00529550651109956
ID3371,ID33,included_443,0.7899,0.793600021586362,0.789242086329827,-0.00304210791618897
ID3372,ID33,included_443,0.8221,0.811011499556049,0.796497945509659,0.0145135540463899
ID3373,ID33,included_443,0.8314,0.777626931832418,0.773009815076508,0.00461711675590992
ID3374,ID33,included_443,0.8305,0.791223778900443,0.78696914771468,0.00425463118576297
ID3375,ID33,included_443,0.7498,0.760495297558761,0.745363825052151,-0.00625912261091155
ID3376,ID33,included_443,0.7507,0.774091324447059,0.769487595448034,-0.00460372899902495
ID3401,ID34,included_443,0.7446,0.726429417558794,0.722589120969415,0.00384029658937934
ID3402,ID34,included_443,0.8001,0.752676383364962,0.727192276788667,0.0254841065762954
ID3403,ID34,included_443,0.6998,0.724924667228157,0.71627006381029,-0.00865460341786672
ID3404,ID34,included_443,0.8384,0.766562591206159,0.740514572097494,0.0260480191086654
ID3471,ID34,included_443,0.8661,0.827330969970536,0.795615291750716,0.0317156782198202
ID3501,ID35,included_443,0.6839,0.713922297225103,0.716206557219547,0.0022842599944437
ID3502,ID35,included_443,0.7081,0.724061006481415,0.71323948566301,-0.0108215208184048
ID3503,ID35,included_443,0.6974,0.710699201287116,0.709574403184356,-0.00112479810276034
ID3504,ID35,included_443,0.73,0.729920451504855,0.726428699172096,0.00349175233275889
ID3505,ID35,included_443,0.7058,0.721800931417409,0.710980043580144,-0.0108208878372648
ID3506,ID35,included_443,0.7205,0.714439622505045,0.706594882760587,0.00784473974445754
ID3507,ID35,included_443,0.7036,0.737715808765979,0.72862824380849,-0.00908756495748875
ID3508,ID35,included_443,0.6546,0.706440892263454,0.713497447910507,0.00705655564705332
ID3509,ID35,included_443,0.6711,0.712203969361662,0.709427949048022,-0.00277602031363977
ID3510,ID35,included_443,0.7062,0.727228290289098,0.731254664973668,0.00402637468456968
ID3511,ID35,included_443,0.6643,0.689956107543391,0.701945574588985,0.0119894670455943
ID3512,ID35,included_443,0.6738,0.699154885316625,0.717342600134515,0.0181877148178899
ID3513,ID35,included_443,0.6607,0.689406354561004,0.704847646294288,0.0154412917332838
ID3514,ID35,included_443,0.686,0.728763118451147,0.754562513371783,0.0257993949206362
ID3515,ID35,included_443,0.8029,0.762663081738847,0.768141475082165,-0.00547839334331779
ID3516,ID35,included_443,0.7383,0.727123868683474,0.752803852151818,0.00332772083529187
ID3517,ID35,included_443,0.7297,0.70847841946979,0.72114639567783,-0.0126679762080397
ID3518,ID35,included_443,0.7172,0.70799297502986,0.708549068545644,-0.000556093515783784
ID3519,ID35,included_443,0.7173,0.716706848260887,0.717763507248158,-0.000129644490954983
ID3520,ID35,included_443,0.7392,0.729998528225431,0.729514878358797,0.00048364986663374
ID3521,ID35,included_443,0.7054,0.707841562397895,0.704211668467069,-0.00125323086496432
ID3522,ID35,included_443,0.6904,0.717095307285507,0.732360285179957,0.0152649778944498
ID3523,ID35,included_443,0.684,0.716411685881624,0.721252653032283,0.0048409671506594
ID3524,ID35,included_443,0.7258,0.700810747432988,0.710795203367452,-0.00998445593446406
ID3525,ID35,included_443,0.7611,0.743603177378828,0.763277481900934,-0.0153193407202379
ID3526,ID35,included_443,0.6411,0.683683553371508,0.686647135368827,0.00296358199731939
ID3527,ID35,included_443,0.627,0.680477013275711,0.686609535077214,0.0061325218015027
ID3528,ID35,included_443,0.6626,0.699354613872133,0.694143528868279,-0.00521108500385381
ID3571,ID35,included_443,0.7823,0.812232308536711,0.85467640105389,0.0424440925171785
ID3572,ID35,included_443,0.7857,0.768964298136686,0.770239217730265,-0.00127491959357939
ID3573,ID35,included_443,0.8145,0.802336838541502,0.795997240473379,0.00633959806812323
ID3574,ID35,included_443,0.7327,0.759865706628654,0.760139735210793,0.000274028582139429
ID3575,ID35,included_443,0.7526,0.755427010214802,0.757389003993591,0.00196199377878914
ID3576,ID35,included_443,0.7804,0.769134721877309,0.779933163213411,-0.0107984413361015
ID3577,ID35,included_443,0.8091,0.795012744112433,0.799451182952677,-0.00443843884024397
ID3578,ID35,included_443,0.8223,0.813374379275276,0.822401927296621,-0.00882369342810274
ID3579,ID35,included_443,0.759,0.755549219899556,0.768160473276123,0.00570969317567926
ID3601,ID36,included_443,0.65,0.679594840708505,0.69593646186032,0.0163416211518155
ID3602,ID36,included_443,0.6391,0.668800070892243,0.685944130514668,0.0171440596224246
ID3603,ID36,included_443,0.7192,0.742251603653869,0.738596446192438,-0.00365515746143086
ID3604,ID36,included_443,0.667,0.705577799220909,0.736931431474108,0.0313536322531992
ID3671,ID36,included_443,0.7825,0.799733065459649,0.778931683265469,-0.0136647487251181
ID3672,ID36,included_443,0.7305,0.77933603612543,0.810294347726118,0.0309583116006877
ID3673,ID36,included_443,0.7216,0.749291423335882,0.746045955980132,-0.0032454673557496
ID3674,ID36,included_443,0.8136,0.788908584641258,0.764888996793955,0.0240195878473033
ID5101,ID51,included_443,0.7236,0.704384149478193,0.729440304254999,-0.013375546266808
ID5102,ID51,included_443,0.7617,0.73485972966237,0.739943850807334,-0.00508412114496437
ID5103,ID51,included_443,0.816,0.769061176879175,0.763985222514711,0.0050759543644644
ID5104,ID51,included_443,0.7736,0.747808205065893,0.751884204560007,-0.00407599949411408
ID5105,ID51,included_443,0.7173,0.739857952203498,0.737330458194062,-0.0025274940094363
ID5106,ID51,included_443,0.6936,0.688292320813474,0.713900403144969,0.0149927239584432
ID5107,ID51,included_443,0.6735,0.681057581612148,0.726660425192222,0.0456028435800742
ID5108,ID51,included_443,0.7255,0.702311417732393,0.734412233542611,-0.0142763487249956
ID5171,ID51,included_443,0.8393,0.785261334077995,0.761969719371714,0.0232916147062814
ID5201,ID52,included_443,0.682,0.686486368312721,0.699054493804119,0.0125681254913977
ID5202,ID52,included_443,0.6643,0.66894659642573,0.692805396159947,0.0238587997342171
ID5203,ID52,included_443,0.663,0.678794479341395,0.690956109036161,0.0121616296947664
ID5204,ID52,included_443,0.6761,0.685855832918925,0.681635795911649,-0.00422003700727602
ID5205,ID52,included_443,0.6784,0.687406846023408,0.692918256687686,0.00551141066427807
ID5206,ID52,included_443,0.663,0.66905513228205,0.678892835894893,0.00983770361284342
ID5207,ID52,included_443,0.7163,0.709894208961617,0.744389965527546,0.0216841744891634
ID5208,ID52,official_scope_exclusion_62,0.6442,0.650121975070912,0.68986791470891,0.0397459396379979
ID5271,ID52,included_443,0.7891,0.771342171232529,0.756775277710111,0.0145668935224178
ID5272,ID52,included_443,0.7581,0.727233225074218,0.712421462404196,0.0148117626700222
ID5301,ID53,official_scope_exclusion_62,0.6353,0.669290491456111,0.689442555030369,0.0201520635742578
ID5302,ID53,official_scope_exclusion_62,0.6552,0.662014518391685,0.671412647138217,0.00939812874653234
ID5303,ID53,official_scope_exclusion_62,0.6432,0.635655342479441,0.652111273055215,0.00136661553465611
ID5304,ID53,official_scope_exclusion_62,0.6215,0.665226542158042,0.662995943143581,-0.00223059901446054
ID5305,ID53,included_443,0.6353,0.659226857381518,0.661303557364771,0.00207669998325266
ID5306,ID53,official_scope_exclusion_62,0.6268,0.679191425830754,0.681613482369371,0.00242205653861705
ID5307,ID53,official_scope_exclusion_62,0.6133,0.650756261114277,0.656631737935998,0.00587547682172085
ID5308,ID53,official_scope_exclusion_62,0.6474,0.661595097784954,0.65485636535864,-0.00673873242631395
ID5309,ID53,included_443,0.6422,0.662992675851693,0.675614975079692,0.0126222992279988
ID5310,ID53,included_443,0.6511,0.674724785046891,0.676490813604957,0.00176602855806596
ID5311,ID53,included_443,0.6704,0.681270019649103,0.678159326425099,-0.00311069322400381
ID5312,ID53,included_443,0.6788,0.654991123413405,0.674405277777697,-0.0194141543642922
ID5313,ID53,included_443,0.6454,0.634212132664929,0.666433347504563,0.00984548016949172
ID5314,ID53,official_scope_exclusion_62,0.6239,0.664307606662222,0.666125807234747,0.00181820057252469
ID5315,ID53,included_443,0.6389,0.616568244478323,0.643483990889032,-0.0177477646326453
ID5316,ID53,official_scope_exclusion_62,0.6153,0.628811601036684,0.655738700562811,0.0269270995261267
ID5317,ID53,official_scope_exclusion_62,0.6228,0.623484260093543,0.666117111484857,0.0426328513913139
ID5318,ID53,included_443,0.6581,0.654313868784179,0.660930087197761,-0.000956044018059821
ID5319,ID53,official_scope_exclusion_62,0.6085,0.594692689226309,0.63835543724995,0.0160481264762585
ID5320,ID53,official_scope_exclusion_62,0.5702,0.650412357279764,0.670866058969643,0.020453701689879
ID5321,ID53,official_scope_exclusion_62,0.6021,0.670720579962716,0.660904756505118,-0.00981582345759746
ID5371,ID53,included_443,0.7971,0.759043842309031,0.753437264323222,0.00560657798580888
ID6101,ID61,included_443,0.6703,0.688722553460657,0.684947600099903,-0.00377495336075373
ID6102,ID61,included_443,0.6787,0.656776146824568,0.660458226594674,-0.00368207977010582
ID6103,ID61,included_443,0.6598,0.662127590618338,0.648425895272211,0.00904651410945112
ID6104,ID61,included_443,0.6574,0.689021755371698,0.699071302072427,0.0100495467007288
ID6105,ID61,included_443,0.6577,0.682196523124236,0.66364603165055,-0.018550491473686
ID6106,ID61,included_443,0.6717,0.673095982451865,0.653988365161223,0.0163156523869121
ID6107,ID61,included_443,0.6688,0.673965393225136,0.642461132584263,0.0211734741906007
ID6108,ID61,included_443,0.6569,0.664713983994031,0.6334906655759,0.0155953504300692
ID6109,ID61,included_443,0.6476,0.672205851894088,0.655087621915215,-0.0171182299788734
ID6110,ID61,included_443,0.6555,0.656490436988983,0.61526010724333,0.0392494557676872
ID6111,ID61,included_443,0.6268,0.628433461777507,0.633775951760595,0.00534248998308806
ID6112,ID61,included_443,0.6795,0.677326447975845,0.683434485525776,0.00176093350162065
ID6171,ID61,included_443,0.7944,0.787738686689403,0.771088696869404,0.0166499898199987
ID6172,ID61,included_443,0.7194,0.758490561989692,0.738142321792593,-0.0203482401970995
ID6201,ID62,included_443,0.7287,0.701709527788968,0.687407309077869,0.014302218711099
ID6202,ID62,included_443,0.7131,0.692307435237751,0.675292985998055,0.0170144492396961
ID6203,ID62,included_443,0.6948,0.652712291391283,0.64416533215264,0.00854695923864313
ID6204,ID62,included_443,0.7022,0.663017422914403,0.652359110978522,0.0106583119358807
ID6205,ID62,included_443,0.7059,0.693968720398842,0.683072685333802,0.0108960350650404
ID6206,ID62,included_443,0.6803,0.647591976995012,0.658639642676177,-0.0110476656811654
ID6207,ID62,included_443,0.7051,0.634580932597835,0.632113829085447,0.00246710351238832
ID6208,ID62,included_443,0.6758,0.633728327588205,0.633469417461452,0.000258910126752609
ID6209,ID62,included_443,0.6868,0.632852195397038,0.628789716318179,0.00406247907885937
ID6210,ID62,included_443,0.6845,0.619158143854202,0.640651456755694,-0.0214933129014917
ID6211,ID62,included_443,0.7081,0.624993750215986,0.623101338813274,0.00189241140271235
ID6212,ID62,included_443,0.7139,0.655960806192038,0.680691947444261,-0.0247311412522228
ID6213,ID62,included_443,0.6798,0.633888486761478,0.640142969490703,-0.00625448272922524
ID6271,ID62,included_443,0.8077,0.673755029044931,0.688351720271523,-0.0145966912265922
ID6301,ID63,included_443,0.6938,0.687591578935097,0.701066465288209,0.0010580442233058
ID6302,ID63,included_443,0.6886,0.687777078740093,0.681102779795263,0.00667429894482996
ID6303,ID63,included_443,0.6918,0.681000218583384,0.681039831490639,-3.96129072552931e-05
ID6304,ID63,included_443,0.6622,0.678166821654748,0.686385528670075,0.00821870701532734
ID6305,ID63,included_443,0.7011,0.681528678872158,0.69533787526452,-0.0138091963923623
ID6306,ID63,included_443,0.6885,0.698794311183609,0.698187835101526,-0.000606476082083307
ID6307,ID63,included_443,0.6884,0.69486057691234,0.695759813945615,0.000899237033275102
ID6308,ID63,included_443,0.6559,0.695296817131874,0.691535556973572,-0.00376126015830169
ID6309,ID63,included_443,0.7219,0.72403483517256,0.728479625112989,0.00444478994042896
ID6310,ID63,included_443,0.7071,0.705068723218878,0.702948344536945,0.0021203786819326
ID6311,ID63,included_443,0.6882,0.705930860077032,0.717966640401053,0.0120357803240211
ID6371,ID63,included_443,0.771,0.781986871937786,0.766774513417872,-0.0067613853556584
ID6372,ID63,included_443,0.791,0.743787522454097,0.727932401082695,0.0158551213714018
ID6401,ID64,included_443,0.7204,0.713185076697506,0.711362194717692,0.00182288197981395
ID6402,ID64,included_443,0.7119,0.700595972543169,0.71025709952393,-0.00966112698076094
ID6403,ID64,included_443,0.7359,0.714633257172935,0.718389305987907,-0.00375604881497205
ID6404,ID64,included_443,0.73,0.713928654852272,0.719073410552015,-0.00514475569974315
ID6405,ID64,included_443,0.7471,0.713553729130557,0.698460883251156,0.0150928458794007
ID6409,ID64,included_443,0.7141,0.698202515405282,0.696140866455903,0.00206164894937877
ID6411,ID64,included_443,0.6709,0.664491666646008,0.648950825082091,0.0155408415639169
ID6471,ID64,included_443,0.8001,0.793618908227451,0.786339995831245,0.00727891239620626
ID6472,ID64,included_443,0.8011,0.774697740413937,0.760566886884218,0.0141308535297194
ID6474,ID64,included_443,0.8002,0.806561816292307,0.802739838581269,-0.00382197771103776
ID6501,ID65,included_443,0.7194,0.665247789791655,0.665313069924526,-6.52801328707708e-05
ID6502,ID65,included_443,0.711,0.706731016429902,0.697884201186723,0.00884681524317865
ID6503,ID65,included_443,0.6697,0.666572633004476,0.681929682853123,0.00910231585759891
ID6504,ID65,included_443,0.6579,0.696585685050769,0.688636850745704,-0.00794883430506543
ID6571,ID65,included_443,0.7583,0.76311890162134,0.779549724549084,0.0164308229277442
ID7101,ID71,included_443,0.6789,0.673580061931571,0.688266709752653,0.00404677168422396
ID7102,ID71,included_443,0.7529,0.74945457935832,0.732578954860972,0.0168756244973477
ID7104,ID71,included_443,0.694,0.657173279563606,0.616588390870751,0.0405848886928553
ID7105,ID71,included_443,0.7211,0.711966930904251,0.697244940263031,0.0147219906412202
ID7106,ID71,included_443,0.739,0.720826322188064,0.724972978297105,-0.00414665610904119
ID7107,ID71,included_443,0.6699,0.673797002429126,0.705834928730655,0.0320379263015291
ID7108,ID71,included_443,0.6764,0.653596085241309,0.644807516937384,0.00878856830392494
ID7109,ID71,included_443,0.7051,0.726065080178409,0.729268987380969,0.00320390720255992
ID7110,ID71,included_443,0.65,0.672536281060533,0.691809099316323,0.0192728182557896
ID7111,ID71,included_443,0.6599,0.696862964396926,0.708160562865176,0.0112975984682496
ID7171,ID71,included_443,0.7893,0.792104281626135,0.785923760478229,0.0005719578956358
ID7172,ID71,included_443,0.741,0.78623323916507,0.759407516198841,-0.0268257229662286
ID7173,ID71,included_443,0.7669,0.744944729020985,0.748845231043964,-0.00390050202297865
ID7174,ID71,included_443,0.7297,0.765793507858604,0.734229582092826,-0.0315639257657779
ID7201,ID72,included_443,0.6542,0.659083103732209,0.646570658172941,0.00274623809484997
ID7202,ID72,included_443,0.7052,0.69649389012833,0.690340622425703,0.00615326770262736
ID7203,ID72,included_443,0.7221,0.719503262351938,0.771232242530234,0.0465355048821716
ID7204,ID72,included_443,0.7128,0.658470965277292,0.661620241777463,-0.00314927650017072
ID7205,ID72,official_scope_exclusion_62,0.6556,0.66763396972752,0.674655506028036,0.0070215363005165
ID7206,ID72,included_443,0.6569,0.684355881389294,0.684618857247659,0.000262975858364989
ID7207,ID72,included_443,0.6782,0.649938279748579,0.669483173949975,-0.0195448942013958
ID7208,ID72,included_443,0.6544,0.659595564521099,0.661123710208468,0.00152814568736903
ID7209,ID72,official_scope_exclusion_62,0.6459,0.664149017487861,0.656242582782584,-0.00790643470527719
ID7210,ID72,official_scope_exclusion_62,0.6812,0.658907079344194,0.664650758126243,-0.00574367878204929
ID7211,ID72,included_443,0.6543,0.652999446292894,0.655783663874376,0.000183110167270129
ID7212,ID72,included_443,0.6836,0.665189292213787,0.680378131995122,-0.0151888397813353
ID7271,ID72,included_443,0.8147,0.797598838004828,0.755777315946926,0.0418215220579022
ID7301,ID73,included_443,0.6738,0.692103314078888,0.713451130126331,0.0213478160474431
ID7302,ID73,included_443,0.6899,0.693898851671983,0.700760896554888,0.00686204488290465
ID7303,ID73,included_443,0.6873,0.701551134667075,0.727414866367582,0.0258637317005067
ID7304,ID73,included_443,0.6426,0.668954114366649,0.705676271014581,0.0367221566479322
ID7305,ID73,included_443,0.6731,0.685114247052549,0.715342539113173,0.0302282920606242
ID7306,ID73,included_443,0.7014,0.699495564219483,0.709587646645407,0.00628321086488992
ID7307,ID73,included_443,0.676,0.711145898184825,0.729529266581702,0.018383368396877
ID7308,ID73,included_443,0.6986,0.69921408339102,0.717476007647165,0.0182619242561449
ID7310,ID73,included_443,0.71,0.700604715390726,0.719319735319417,-7.55492898572019e-05
ID7311,ID73,included_443,0.6606,0.703589304946794,0.700418436924408,-0.00317086802238631
ID7312,ID73,included_443,0.6867,0.729667267532368,0.725310617777955,-0.00435664975441319
ID7313,ID73,included_443,0.6915,0.719785398703723,0.71297895895425,-0.00680643974947337
ID7314,ID73,included_443,0.7121,0.721284780865558,0.722106060293569,0.000821279428011135
ID7315,ID73,included_443,0.7126,0.708976998294011,0.711564967336376,-0.00258796904236491
ID7316,ID73,included_443,0.7276,0.681715122816492,0.700503555659463,-0.0187884328429706
ID7317,ID73,included_443,0.7051,0.679070987608968,0.694256313272746,-0.0151853256637779
ID7318,ID73,included_443,0.6875,0.667327700420835,0.689714505218828,-0.0179577943603367
ID7322,ID73,included_443,0.6957,0.679181515228288,0.680145427642647,-0.000963912414358559
ID7325,ID73,included_443,0.7322,0.70490718603901,0.715041079933209,-0.0101338938941991
ID7326,ID73,included_443,0.6933,0.701386952344583,0.718067055962137,0.0166801036175542
ID7371,ID73,included_443,0.8225,0.799064269001917,0.800328172214321,-0.00126390321240444
ID7372,ID73,included_443,0.7786,0.766470298857273,0.754740749233212,0.0117295496240606
ID7373,ID73,included_443,0.7806,0.730644668140329,0.738618040360874,-0.00797337222054539
ID7401,ID74,included_443,0.6598,0.66431927469188,0.678468757497797,0.0141494828059169
ID7402,ID74,included_443,0.6902,0.694975443427299,0.699409081532915,0.00443363810561581
ID7403,ID74,included_443,0.7135,0.675509197912798,0.680689085735911,-0.00517988782311285
ID7404,ID74,included_443,0.7345,0.716404754131747,0.735490493649059,-0.0171047522191938
ID7405,ID74,included_443,0.682,0.659982907139418,0.678291137884312,-0.018308230744894
ID7406,ID74,included_443,0.6605,0.656188998274092,0.668000142913754,0.00318914118784641
ID7407,ID74,included_443,0.6948,0.685762135978842,0.689974942897653,-0.00421280691881099
ID7408,ID74,included_443,0.6931,0.672700396851747,0.690258636874852,-0.0175582400231052
ID7409,ID74,included_443,0.6787,0.678806369326781,0.685636264117375,0.00682989479059437
ID7410,ID74,included_443,0.6986,0.652972487332482,0.657855875946684,-0.00488338861420168
ID7411,ID74,included_443,0.6702,0.647326432545973,0.64984759685715,-0.0025211643111771
ID7412,ID74,included_443,0.6541,0.638184723754712,0.644829120935385,-0.00664439718067256
ID7413,ID74,included_443,0.6508,0.642076032442902,0.650530271105211,-0.00845423866230866
ID7414,ID74,included_443,0.6437,0.672334659326048,0.678725778398402,0.00639111907235412
ID7471,ID74,included_443,0.8353,0.751547248817891,0.744551284499707,0.00699596431818406
ID7472,ID74,included_443,0.759,0.747409653480262,0.742084892712908,0.00532476076735433
ID7501,ID75,included_443,0.6591,0.695139972822107,0.683168443675784,-0.0119715291463233
ID7502,ID75,included_443,0.6692,0.720878025625149,0.689577954675426,-0.0313000709497233
ID7503,ID75,included_443,0.6537,0.68844587415981,0.682357695243682,-0.00608817891612812
ID7504,ID75,included_443,0.6998,0.712282208656524,0.68807066228366,-0.000752870940183725
ID7505,ID75,included_443,0.6486,0.653796595938063,0.676305671859495,0.0225090759214321
ID7571,ID75,included_443,0.7713,0.796929053542841,0.75029206359237,-0.00462111713521096
ID7601,ID76,included_443,0.6691,0.673103243520392,0.691134895865094,0.0180316523447022
ID7602,ID76,included_443,0.6384,0.67775077458294,0.696911676701835,0.0191609021188945
ID7603,ID76,included_443,0.6602,0.606166167394939,0.649308720636159,-0.0431425532412202
ID7604,ID76,included_443,0.6815,0.663462615521449,0.683500558247855,-0.0160368262306964
ID7605,ID76,included_443,0.6779,0.661847359743237,0.689941967067909,-0.00401067318885395
ID7606,ID76,included_443,0.6571,0.638523973910571,0.656681166652848,-0.0181571927422773
ID8101,ID81,official_scope_exclusion_62,0.6286,0.665649836215759,0.636559952354378,-0.0290898838613806
ID8102,ID81,included_443,0.662,0.685054081762497,0.665422587588259,-0.0196314941742376
ID8103,ID81,included_443,0.7125,0.682403441168566,0.652766546521032,0.0296368946475341
ID8104,ID81,included_443,0.6895,0.65644159642205,0.62430139422179,0.0321402022002597
ID8105,ID81,official_scope_exclusion_62,0.6371,0.628283534466823,0.623682235261955,0.00460129920486774
ID8106,ID81,official_scope_exclusion_62,0.6562,0.651897144056733,0.623510076291512,0.0283870677652214
ID8107,ID81,official_scope_exclusion_62,0.6412,0.649950554469414,0.621485791072501,0.0109636544580847
ID8108,ID81,official_scope_exclusion_62,0.619,0.569075880570022,0.598114626499913,-0.0290387459298909
ID8109,ID81,official_scope_exclusion_62,0.6469,0.594372407756521,0.603496761591333,-0.00912435383481214
ID8171,ID81,included_443,0.8084,0.771140557638266,0.72100319337642,0.0501373642618456
ID8172,ID81,included_443,0.6796,0.738911656868585,0.695833595001842,-0.0430780618667427
ID8201,ID82,included_443,0.6531,0.663370043635099,0.649873391255484,-0.00704343489058279
ID8202,ID82,included_443,0.6542,0.705882931104246,0.70740117480211,0.00151824369786346
ID8203,ID82,official_scope_exclusion_62,0.6353,0.647590372976336,0.607813798378954,0.0151958286447103
ID8204,ID82,included_443,0.6384,0.650188771841098,0.617283634460059,0.00932759369884328
ID8205,ID82,included_443,0.675,0.679104633128077,0.665187277613407,0.00570808925851629
ID8206,ID82,included_443,0.6675,0.654630418363065,0.641825957675586,0.0128044606874793
ID8207,ID82,included_443,0.625,0.674244765250294,0.641110407851732,-0.0331343573985623
ID8208,ID82,official_scope_exclusion_62,0.6048,0.646817186013961,0.605787439610603,-0.0410297464033578
ID8271,ID82,included_443,0.7982,0.76601339670917,0.74230297316732,0.0237104235418504
ID8272,ID82,included_443,0.7053,0.698131578118355,0.683607112574217,0.0145244655441382
ID9101,ID91,included_443,0.6836,0.710979811456696,0.676735718937827,-0.020515530394523
ID9102,ID91,included_443,0.65,0.656287581566773,0.632805069419264,0.0109073490139634
ID9103,ID91,official_scope_exclusion_62,0.6021,0.614913685642743,0.622321868006532,0.00740818236378948
ID9104,ID91,official_scope_exclusion_62,0.6455,0.694744106064106,0.705864124325313,0.0111200182612073
ID9105,ID91,included_443,0.7201,0.718071026905433,0.706971840964331,0.0110991859411023
ID9106,ID91,official_scope_exclusion_62,0.6242,0.652961446164279,0.636710544470112,-0.0162509016941668
ID9107,ID91,official_scope_exclusion_62,0.6574,0.695151983057587,0.694030624539051,-0.00112135851853623
ID9109,ID91,official_scope_exclusion_62,0.5345,0.599158133304672,0.570145022415473,-0.0290131108891989
ID9110,ID91,official_scope_exclusion_62,0.5952,0.643066099843106,0.601326660426294,-0.0417394394168124
ID9111,ID91,official_scope_exclusion_62,0.5984,0.634854304636617,0.619840702203431,-0.0150136024331859
ID9112,ID91,official_scope_exclusion_62,0.5633,0.529742295419087,0.537655911073416,-0.00791361565432924
ID9171,ID91,included_443,0.7845,0.780321618038233,0.743792276940435,0.0365293410977979
ID9401,ID94,included_443,0.7009,0.678189315973641,0.672497919333812,0.00569139663982909
ID9402,ID94,official_scope_exclusion_62,0.5803,0.689671065422655,0.679788107169099,-0.00988295825355634
ID9403,ID94,included_443,0.7169,0.688259172182483,0.700192374183284,-0.0119332020008006
ID9404,ID94,official_scope_exclusion_62,0.6883,0.68849669230129,0.697248756517594,0.00875206421630426
ID9408,ID94,included_443,0.6766,0.675440927071264,0.683971264726797,0.00621219179806065
ID9409,ID94,included_443,0.7219,0.683565613964821,0.678724988306426,0.00484062565839538
ID9410,ID94,official_scope_exclusion_62,0.5631,0.683197867770524,0.666353806302914,-0.0168440614676096
ID9411,ID94,official_scope_exclusion_62,0.4837,0.665796440295423,0.617455396496537,-0.0483410437988862
ID9412,ID94,included_443,0.7419,0.756213668198816,0.732178081170905,-0.00459174936972084
ID9413,ID94,official_scope_exclusion_62,0.6153,0.631202862018532,0.642252668120577,0.011049806102045
ID9414,ID94,official_scope_exclusion_62,0.5815,0.596665327240085,0.587537317368141,-0.00912800987194406
ID9415,ID94,official_scope_exclusion_62,0.5055,0.640445916163377,0.604115039715192,-0.0363308764481852
ID9416,ID94,official_scope_exclusion_62,0.4937,0.634726658312432,0.604351130096297,-0.030375528216135
ID9417,ID94,official_scope_exclusion_62,0.4544,0.616427644994727,0.597407037811667,-0.0190206071830602
ID9418,ID94,official_scope_exclusion_62,0.495,0.65229591505914,0.631624219713719,-0.0206716953454215
ID9420,ID94,official_scope_exclusion_62,0.664,0.649093686340352,0.651932166274917,-0.0028384799345651
ID9426,ID94,official_scope_exclusion_62,0.6494,0.632081611509764,0.64881594230571,-0.0167343307959456
ID9427,ID94,official_scope_exclusion_62,0.623,0.626227955031789,0.647219406853979,0.02099145182219
ID9428,ID94,official_scope_exclusion_62,0.5178,0.623044969692232,0.618400464563246,-0.00464450512898551
ID9429,ID94,official_scope_exclusion_62,0.3155,0.610937815788195,0.593906210569958,-0.0170316052182365
ID9430,ID94,official_scope_exclusion_62,0.4786,0.651663974566261,0.636838541201011,-0.0148254333652496
ID9431,ID94,official_scope_exclusion_62,0.4757,0.660547280663031,0.67415562630046,0.0136083456374291
ID9432,ID94,official_scope_exclusion_62,0.4834,0.661061557445886,0.672888254620201,0.0118266971743153
ID9433,ID94,official_scope_exclusion_62,0.4304,0.647701408843733,0.627703376528891,-0.0199980323148424
ID9434,ID94,official_scope_exclusion_62,0.5484,0.635305554325491,0.629645546418523,-0.00566000790696752
ID9435,ID94,official_scope_exclusion_62,0.4779,0.652041329960415,0.665516905097223,0.0134755751368076
ID9436,ID94,official_scope_exclusion_62,0.4946,0.667551679156537,0.652147479590315,-0.0154041995662217
ID9471,ID94,included_443,0.7994,0.759416630409792,0.765295226691526,-0.00587859628173404
