country,outer_group,target,model,alpha,inner_group_equal_MAE
Indonesia505,ID11,y_health_index,R_S10,100,0.0314244886074699
Indonesia505,ID11,y_education_index,R_S10,0.1,0.0452819958538678
Indonesia505,ID11,y_income_index,R_S10,100,0.042261820176132
Indonesia505,ID12,y_health_index,R_S10,100,0.0317971182827774
Indonesia505,ID12,y_education_index,R6,100,0.046406683215694
Indonesia505,ID12,y_income_index,R_S10,10,0.0413360491791188
Indonesia505,ID13,y_health_index,R_S10,100,0.0320216094112138
Indonesia505,ID13,y_education_index,R_S10,0.1,0.0462576995961048
Indonesia505,ID13,y_income_index,R_S10,100,0.0408440483124264
Indonesia505,ID14,y_health_index,R_S10,100,0.0309419820523857
Indonesia505,ID14,y_education_index,R6,100,0.0451833107747142
Indonesia505,ID14,y_income_index,R_S10,100,0.0413532336512184
Indonesia505,ID15,y_health_index,R_S10,100,0.031195757220925
Indonesia505,ID15,y_education_index,R6,100,0.0450320085985863
Indonesia505,ID15,y_income_index,R_S10,100,0.040569086773101
Indonesia505,ID16,y_health_index,R_S10,100,0.0313541929950257
Indonesia505,ID16,y_education_index,R6,100,0.0457996454748122
Indonesia505,ID16,y_income_index,R_S10,100,0.0411178480652941
Indonesia505,ID17,y_health_index,R_S10,100,0.0323399333124014
Indonesia505,ID17,y_education_index,R6,100,0.0457787213788273
Indonesia505,ID17,y_income_index,R_S10,100,0.0407268197247413
Indonesia505,ID18,y_health_index,R_S10,100,0.0325350943310545
Indonesia505,ID18,y_education_index,R6,100,0.0464348019862787
Indonesia505,ID18,y_income_index,R_S10,100,0.0407043000191031
Indonesia505,ID19,y_health_index,R_S10,100,0.0313411404840191
Indonesia505,ID19,y_education_index,R6,100,0.0455950583302192
Indonesia505,ID19,y_income_index,R_S10,100,0.0391936865878853
Indonesia505,ID21,y_health_index,R_S10,100,0.0305611440768853
Indonesia505,ID21,y_education_index,R6,100,0.0454508209206039
Indonesia505,ID21,y_income_index,R_S10,100,0.0394835568386958
Indonesia505,ID31,y_health_index,R_S10,100,0.0317574115319393
Indonesia505,ID31,y_education_index,R6,100,0.0457526898618988
Indonesia505,ID31,y_income_index,R_S10,100,0.0396831024218071
Indonesia505,ID32,y_health_index,R_S10,100,0.0316117908778938
Indonesia505,ID32,y_education_index,R6,100,0.0468136445113827
Indonesia505,ID32,y_income_index,R_S10,100,0.0412613485132005
Indonesia505,ID33,y_health_index,R_S10,100,0.0306728254529469
Indonesia505,ID33,y_education_index,R6,100,0.0473522526396289
Indonesia505,ID33,y_income_index,R_S10,10,0.0416301631291514
Indonesia505,ID34,y_health_index,R_S10,100,0.0318206210636681
Indonesia505,ID34,y_education_index,R6,100,0.0436273719785326
Indonesia505,ID34,y_income_index,R_S10,100,0.039605899373535
Indonesia505,ID35,y_health_index,R_S10,100,0.0328422635618626
Indonesia505,ID35,y_education_index,R_S10,0.1,0.0465239379956579
Indonesia505,ID35,y_income_index,R_S10,100,0.0419139011579615
Indonesia505,ID36,y_health_index,R_S10,100,0.0303111094814382
Indonesia505,ID36,y_education_index,R6,100,0.045739949454426
Indonesia505,ID36,y_income_index,R_S10,100,0.0404298452913557
Indonesia505,ID51,y_health_index,R_S10,100,0.0314296106639475
Indonesia505,ID51,y_education_index,R6,100,0.0456356151696537
Indonesia505,ID51,y_income_index,R_S10,100,0.0400576632002993
Indonesia505,ID52,y_health_index,R_S10,100,0.0320707797159157
Indonesia505,ID52,y_education_index,R6,100,0.0458042072057831
Indonesia505,ID52,y_income_index,R_S10,100,0.0408004045270254
Indonesia505,ID53,y_health_index,R_S10,100,0.0307190345708554
Indonesia505,ID53,y_education_index,R6,100,0.044655173797988
Indonesia505,ID53,y_income_index,R_S10,100,0.0398525811220003
Indonesia505,ID61,y_health_index,R_S10,100,0.0304105582434539
Indonesia505,ID61,y_education_index,R_S10,0.1,0.0465357547617002
Indonesia505,ID61,y_income_index,R_S10,100,0.0406806233877379
Indonesia505,ID62,y_health_index,R_S10,100,0.031157383889297
Indonesia505,ID62,y_education_index,R_S10,0.1,0.045675987379941
Indonesia505,ID62,y_income_index,R_S10,100,0.0388167477057435
Indonesia505,ID63,y_health_index,R_S10,100,0.0319132425275762
Indonesia505,ID63,y_education_index,R_S10,0.1,0.0452660441695857
Indonesia505,ID63,y_income_index,R_S10,10,0.0404330132839091
Indonesia505,ID64,y_health_index,R_S10,100,0.0312162116768052
Indonesia505,ID64,y_education_index,R6,100,0.046105827770138
Indonesia505,ID64,y_income_index,R_S10,100,0.0403175724149372
Indonesia505,ID65,y_health_index,R_S10,100,0.0302731409115126
Indonesia505,ID65,y_education_index,R6,100,0.0459404393663322
Indonesia505,ID65,y_income_index,R_S10,10,0.0394871745746236
Indonesia505,ID71,y_health_index,R_S10,100,0.0316359927213342
Indonesia505,ID71,y_education_index,R_S10,0.1,0.0459744867867265
Indonesia505,ID71,y_income_index,R_S10,10,0.0408721841393704
Indonesia505,ID72,y_health_index,R_S10,100,0.0320032675141338
Indonesia505,ID72,y_education_index,R_S10,0.1,0.045429385438618
Indonesia505,ID72,y_income_index,R_S10,10,0.0411254336926939
Indonesia505,ID73,y_health_index,R_S10,100,0.0312773571419519
Indonesia505,ID73,y_education_index,R_S10,0.1,0.0454552312511235
Indonesia505,ID73,y_income_index,R_S10,10,0.0418576574889659
Indonesia505,ID74,y_health_index,R_S10,100,0.0326586811416483
Indonesia505,ID74,y_education_index,R6,100,0.0449403129573997
Indonesia505,ID74,y_income_index,R_S10,10,0.0396915693191005
Indonesia505,ID75,y_health_index,R_S10,100,0.0310493591666378
Indonesia505,ID75,y_education_index,R6,100,0.0469256944819098
Indonesia505,ID75,y_income_index,R_S10,10,0.0407633926108408
Indonesia505,ID76,y_health_index,R_S10,100,0.0302650003076266
Indonesia505,ID76,y_education_index,R6,100,0.0473019746524869
Indonesia505,ID76,y_income_index,R_S10,10,0.0406288938447927
Indonesia505,ID81,y_health_index,R_S10,100,0.0305152314809488
Indonesia505,ID81,y_education_index,R6,100,0.044057170265496
Indonesia505,ID81,y_income_index,R_S10,100,0.0395613402617889
Indonesia505,ID82,y_health_index,R_S10,100,0.0319507854189974
Indonesia505,ID82,y_education_index,R_S10,0.1,0.0459799023934941
Indonesia505,ID82,y_income_index,R_S10,100,0.0406271407852591
Indonesia505,ID91,y_health_index,R_S10,100,0.030222716905482
Indonesia505,ID91,y_education_index,R6,100,0.0456336238053968
Indonesia505,ID91,y_income_index,R_S10,100,0.0408027242245516
Indonesia505,ID94,y_health_index,R_S10,100,0.031301458559561
Indonesia505,ID94,y_education_index,R_S10,0.1,0.0414220506177631
Indonesia505,ID94,y_income_index,R6,0.1,0.0380350567662004
