country,scope,family,stratum,n,groups,MAE_full,MAE_no_EO,gain,EO_reduction_pct,removal_increase_pct,ci_low,ci_high,positive_unit_pct,cut_low,cut_high
China,main,all,all,240,24,0.0120616058627667,0.0134822351972552,0.00142062933448851,10.5370460736194,11.7781110629215,0.000224290164402084,0.00264269411294849,57.0833333333333,,
China,main,log_population_density,high,80,15,0.0115434633816625,0.0118845394355677,0.000341076053905187,2.869913939487,2.95471162014519,-0.00138353108377308,0.0023313635640587,51.25,6.05626134278435,inf
China,main,log_population_density,middle,80,22,0.0113800347716375,0.0137011429739121,0.00232110820227458,16.9409822720202,20.3963190697755,0.00023961547683895,0.00461937835776283,58.75,5.21877065070669,6.05626134278435
China,main,log_population_density,low,80,21,0.013261319435,0.0148610231822858,0.00159970374728577,10.7644253539191,12.0629305034591,-0.000278025279426281,0.00363555161508729,61.25,-inf,5.21877065070669
China,main,urbanization_rate,high,80,24,0.0151862246793375,0.0154034905561972,0.000217265876859704,1.4104976795165,1.43067735034447,-0.00117628132973913,0.0019465629040924,47.5,0.639440959085667,inf
China,main,urbanization_rate,middle,80,20,0.010832429470175,0.0114065078425823,0.00057407837240727,5.03290209703049,5.29962714262653,-0.00100970143980919,0.00228576506073029,56.25,0.531319653582667,0.639440959085667
China,main,urbanization_rate,low,80,20,0.0101661634387875,0.0136367071929861,0.00347054375419857,25.4500130059522,34.1381857088508,0.00179742314857546,0.00504791580990088,67.5,-inf,0.531319653582667
USA,main,all,all,3104,51,0.0166105587771382,0.0220692611164171,0.00545870233927888,24.7344136737691,32.8628459314199,0.00399379937747784,0.00691979659118473,63.5631443298969,,
USA,main,log_population_density,high,1035,49,0.0171258976268048,0.0207988027686353,0.00367290514183047,17.6592142475106,21.4464971230575,0.00238685374344498,0.00509367392957922,60.7729468599034,3.50668057310667,inf
USA,main,log_population_density,middle,1034,44,0.0152094481609246,0.0221397127111732,0.00693026455024865,31.302414085758,45.5655226732918,0.00486224492863112,0.00890598138817298,64.7969052224371,2.39233650108667,3.50668057310667
USA,main,log_population_density,low,1035,41,0.0174949768136213,0.0232693359386165,0.0057743591249952,24.8153154874197,33.0058118196498,0.00340896503244819,0.00784500772125309,65.1207729468599,-inf,2.39233650108667
USA,main,urbanization_rate,high,1035,51,0.01726100576183,0.0211514622043873,0.00389045644255731,18.3933214874873,22.5389904634668,0.0022631962417438,0.00551673237801701,60.0966183574879,0.410428353925667,inf
USA,main,urbanization_rate,middle,691,47,0.0155914901135239,0.0217637935972939,0.00617230348377,28.3604209724607,39.5876432517262,0.00422612759389676,0.00831997615161919,64.9782923299566,0,0.410428353925667
USA,main,urbanization_rate,low,1378,44,0.0166330288913628,0.0229117864645049,0.00627875757314207,27.4040506743949,37.748732441645,0.0038147163098285,0.00861727749577125,65.4571843251089,-inf,0
Indonesia,main,all,all,443,34,0.0207145096091287,0.023137822187219,0.00242331257809033,10.4733823195726,11.6986239298776,0.000622465466597491,0.00411741619561634,56.2076749435666,,
Indonesia,main,log_population_density,low,148,27,0.0193475624498108,0.0204924859209025,0.00114492347109171,5.58704041818509,5.91766262061043,-0.0021100553356424,0.00412828983119947,52.7027027027027,-inf,4.44875086713333
Indonesia,main,log_population_density,middle,147,29,0.0187611481043469,0.0208666697351362,0.00210552163078929,10.090357769184,11.222776021375,-0.000334791679937908,0.00415131377682339,55.7823129251701,4.44875086713333,6.49856079710667
Indonesia,main,log_population_density,high,148,31,0.0240216198846824,0.028038965280942,0.00401734539625958,14.3277234234822,16.723873808449,0.00189607192431149,0.00706879703868377,60.1351351351351,6.49856079710667,inf
Indonesia,main,urbanization_rate,low,148,24,0.0196107494051284,0.0201814855582473,0.000570736153118874,2.8280185394263,2.91032301381416,-0.00232567912631926,0.00325265292697234,50,-inf,0.646761490839333
Indonesia,main,urbanization_rate,middle,147,30,0.0186990131246258,0.0213703087524558,0.0026712956278299,12.5000329137637,14.2857572751362,-0.000309837092291243,0.00528019830124249,58.5034013605442,0.646761490839333,0.929384172298333
Indonesia,main,urbanization_rate,high,148,32,0.0238201480781419,0.027849729592611,0.00402958151446911,14.4690148644683,16.9166938058071,0.00184276748031419,0.00674429906942249,60.1351351351351,0.929384172298333,inf
Indonesia,full505,all,all,505,34,0.0262664624617744,0.0283496675005738,0.00208320503879943,7.34825210474609,7.93104530856078,0.000307368217127236,0.00383958067309567,55.6435643564356,,
Indonesia,full505,official_scope,included_443,443,34,0.0210618655900731,0.0239151397710572,0.00285327418098407,11.9308279537517,13.5471103866928,0.00143251862372175,0.00431443186365294,57.3363431151242,,
Indonesia,full505,official_scope,official_scope_exclusion_62,62,11,0.0634541465611881,0.0600350833743779,-0.00341906318681012,-5.69510858424047,-5.38824233261598,-0.0088407719057741,0.0050429084674911,43.5483870967742,,
