unit,group,y_true,pred_160,pred_H,pred_E,pred_I
130100,130000,0.778,0.795122416183104,0.908731541442811,0.745287220005148,0.737615481434851
130200,130000,0.799,0.801936283160197,0.918507746124136,0.74341662817276,0.751719700280012
130300,130000,0.778,0.787020096828247,0.913526533442299,0.734538660093392,0.720864913702963
130400,130000,0.745,0.754867668727866,0.887230947383687,0.713804843556185,0.671245346598306
130500,130000,0.732,0.75552236129437,0.889915113559095,0.710712493069195,0.674260870912381
130600,130000,0.74,0.76002473556517,0.902066861369502,0.719502511837196,0.667395761696404
130700,130000,0.742,0.76303377593341,0.887846244541802,0.706286527046822,0.70369978745627
130800,130000,0.751,0.758339916920341,0.882318697727599,0.705316507150876,0.695531220178846
130900,130000,0.757,0.754255996305008,0.896279406151343,0.704309267126336,0.67211986221568
131000,130000,0.78,0.795884117941404,0.904761046550387,0.742679095481145,0.746711867631676
131100,130000,0.743,0.753101505931131,0.890776971065031,0.701770987820159,0.676305915670016
140100,140000,0.822,0.826294313272883,0.91103368601964,0.757378331384028,0.815175767201257
140200,140000,0.761,0.784545420719121,0.88231819219409,0.719292428355176,0.758023923376076
140300,140000,0.775,0.784266909798677,0.880420354826623,0.714476311564141,0.764050849739166
140400,140000,0.766,0.7563408808984,0.869311179937033,0.694344009919543,0.713483582665274
140500,140000,0.779,0.778991418463132,0.887845198513631,0.713898843621483,0.742601830204903
140600,140000,0.786,0.767041541409655,0.872529713045234,0.699428735124846,0.736398729458115
140700,140000,0.761,0.765379424318779,0.881699348098524,0.706398390638571,0.71645030679364
140800,140000,0.749,0.747558930569586,0.889478981571037,0.69306952486144,0.673540771760285
140900,140000,0.748,0.744728963755604,0.871159715501643,0.683990752840901,0.689474485135875
141100,140000,0.756,0.744771143619053,0.872066244877208,0.691686083881661,0.68113142230829
150100,150000,0.802,0.815913507965344,0.900447517374599,0.75859287974239,0.792054731614121
150200,150000,0.817,0.833163125801939,0.896942730099463,0.764007982887872,0.841706022763435
150300,150000,0.805,0.806932125731948,0.882871835715635,0.736469948108473,0.805341771543434
150400,150000,0.738,0.75142453605693,0.883462923940456,0.698440521010129,0.682803753757985
150500,150000,0.745,0.745879508221561,0.88751726962733,0.713093861403673,0.650561948810507
150600,150000,0.818,0.797738558236263,0.875146080450784,0.730255697487031,0.791562181809303
150700,150000,0.761,0.781436570935938,0.901770197792806,0.72280263924008,0.727678480810816
150800,150000,0.763,0.757376411935538,0.867139366112057,0.7108188054821,0.700783196788411
150900,150000,0.746,0.754284512092734,0.878158092319952,0.688522072790784,0.705246762200085
210100,210000,0.826,0.8359896776706,0.929321380252824,0.763052268258534,0.825538255810065
210200,210000,0.835,0.810131095164246,0.926075462836657,0.741254466661094,0.774762167309413
210300,210000,0.785,0.796379639545333,0.917496385831387,0.73106485647035,0.75269203694653
210400,210000,0.761,0.775962417144781,0.916114524839796,0.738550632249587,0.687297851673422
210500,210000,0.798,0.778609033789979,0.915895168819082,0.728262228031851,0.705481968230139
210600,210000,0.761,0.766531721669158,0.904988023654032,0.715352464361032,0.693551295316782
210700,210000,0.776,0.759589346259472,0.909325760838694,0.717334916529891,0.668627297550165
210800,210000,0.778,0.782863423641055,0.916517164285917,0.725542944971373,0.720035259559836
210900,210000,0.753,0.756779865637135,0.893979185467816,0.715288101313988,0.674975418123965
211000,210000,0.781,0.780745765176317,0.91491199396135,0.726325089402152,0.714434533751566
211100,210000,0.822,0.823145468381801,0.923166585641976,0.755300847801172,0.800751892058514
211200,210000,0.738,0.732541833217101,0.898001306619241,0.707969193889199,0.613289033301845
211300,210000,0.737,0.733059940657023,0.887966841634044,0.693892438808861,0.635684325427017
211400,210000,0.748,0.749300936620197,0.898291230652379,0.703484901469252,0.662763391336175
220100,220000,0.817,0.793162440510793,0.919592001569674,0.732409954607549,0.735927699513404
220200,220000,0.765,0.77452921996484,0.918370177669866,0.72122413464917,0.695627271190371
220300,220000,0.737,0.740926427016659,0.89602021812325,0.696141311040903,0.645612220568248
220400,220000,0.762,0.758533929716221,0.900314926772046,0.713072081590394,0.673901010624416
220500,220000,0.755,0.781880075145917,0.902280637423761,0.716829646597498,0.734486230388799
220600,220000,0.772,0.794241127254438,0.906971908344475,0.728739311823302,0.753867422945929
220700,220000,0.731,0.735943458554881,0.890495119234512,0.691248539037121,0.641086678842697
220800,220000,0.73,0.742369866529292,0.88278352292985,0.700624750301956,0.655563707994174
230100,230000,0.793,0.804976236649995,0.918481399067969,0.766434017876296,0.736785357240964
230200,230000,0.746,0.725674831684353,0.883258664187865,0.714120378233104,0.598787143855074
230300,230000,0.758,0.802746107526275,0.909630229915482,0.756332967071033,0.748374634630457
230600,230000,0.81,0.786234058220196,0.893922875338145,0.753916328591002,0.716989270514994
230700,230000,0.774,0.803251016440139,0.900192357751271,0.770274875646245,0.743801820999198
231100,230000,0.77,0.761474619876484,0.883152395029031,0.725717033699121,0.684247221523219
350100,350000,0.827,0.828538128092562,0.938327675155674,0.72901143632865,0.83155448104638
350200,350000,0.845,0.843607098502543,0.94808309943182,0.751257566881165,0.842984252475152
350300,350000,0.795,0.812585672801865,0.929361127913592,0.701792055129081,0.822756588003488
350400,350000,0.809,0.791967343369862,0.899337562729895,0.698739050024645,0.790530088452485
350500,350000,0.807,0.823981776724617,0.925263556332163,0.71823336673026,0.841955803774205
350600,350000,0.788,0.792881081553159,0.919264092859071,0.695269675888471,0.779913000621071
350700,350000,0.784,0.7812345466636,0.900668045442887,0.693128566805017,0.763785144834271
350800,350000,0.802,0.808015461150392,0.90517713245258,0.704502738005882,0.827395235697504
350900,350000,0.785,0.781734045918389,0.91053950606249,0.689053761122613,0.761424058541932
360100,360000,0.815,0.82148388344147,0.92406116686738,0.737489348645425,0.817517566182115
360200,360000,0.76,0.787720497615855,0.905845128313577,0.69211750880658,0.78422521732353
360300,360000,0.77,0.776752237585659,0.905000256052968,0.703332567489979,0.737670990322877
360400,360000,0.763,0.781515129478055,0.89676312972679,0.703273487708591,0.759506750028708
360500,360000,0.794,0.801296058162803,0.908024334693047,0.711399840190291,0.801015264100796
360600,360000,0.784,0.785606889517904,0.891920550843054,0.692580997391677,0.78988297129144
360700,360000,0.744,0.762207859285577,0.897254759005254,0.693526024483442,0.712130304748845
360800,360000,0.75,0.757997672494055,0.888749353147029,0.68158579037415,0.7205790983519
360900,360000,0.749,0.761031641672642,0.895162800461664,0.690264280647097,0.714131965003684
361000,360000,0.742,0.748566949171419,0.887112659419014,0.676598973564877,0.699565538778037
361100,360000,0.741,0.755958312760903,0.893050851190463,0.679977274948191,0.712658183494046
370100,370000,0.83,0.81767307880391,0.911756823585302,0.736505977767543,0.824838169977792
370200,370000,0.844,0.825740037391256,0.919507448101167,0.74354076410831,0.834583679047344
370300,370000,0.806,0.795434704909326,0.919356560729883,0.72433683835918,0.759774391597217
370400,370000,0.75,0.772962478474217,0.895873204568578,0.702642184105739,0.737594081683267
370500,370000,0.845,0.799939261831238,0.904917166731608,0.721515609852076,0.79248120391598
370600,370000,0.829,0.805740823831531,0.917097935640874,0.725308232652741,0.794642428837628
370700,370000,0.788,0.782768703996983,0.908216622102505,0.710967622491339,0.746812329941888
370800,370000,0.773,0.774229386070081,0.895567589334847,0.703180861729977,0.741286783809346
370900,370000,0.77,0.768640508110064,0.897338903288133,0.70656738049436,0.717240628818464
371000,370000,0.833,0.809324890269262,0.916745899291795,0.724642310383252,0.807990249213758
371100,370000,0.785,0.769679766414392,0.904711665672396,0.69764699421212,0.725379713017274
371300,370000,0.747,0.764331417206785,0.89824070863284,0.690949684936156,0.722939251969941
371400,370000,0.765,0.756665507318766,0.889573632249404,0.689632169136788,0.708041710528073
371500,370000,0.751,0.739493751588775,0.880767422316215,0.683675304998906,0.669559051355675
371600,370000,0.774,0.763862615309298,0.892908254909878,0.700516311150918,0.713865735211722
371700,370000,0.748,0.744397452129376,0.875909371429553,0.678218342192751,0.696173632207992
410100,410000,0.832,0.822951093724557,0.909175371301611,0.758733619477832,0.81107483021803
410200,410000,0.75,0.754176093523291,0.881693203575617,0.686845233364557,0.711374585435263
410300,410000,0.789,0.790725737752109,0.890409953414664,0.722346080513042,0.771947787127043
410400,410000,0.763,0.75879858912412,0.883416735884563,0.696757798062786,0.712555533131512
410500,410000,0.75,0.74947418063139,0.885583094974177,0.696344588512415,0.684899124347819
410600,410000,0.772,0.767401942975956,0.885073327046335,0.709510044983105,0.722243112545304
410700,410000,0.764,0.752577769074889,0.887046145531095,0.698975710857396,0.689711592114613
410800,410000,0.784,0.782738377211973,0.899516470139747,0.722816383957717,0.740281159780173
410900,410000,0.75,0.746296256710443,0.877659967118947,0.686031165411807,0.692965715724082
411000,410000,0.783,0.774437456040345,0.893847562516942,0.701960488593819,0.743633630791516
411100,410000,0.782,0.776591988459494,0.89852700826659,0.702098352506426,0.745893579706119
411200,410000,0.786,0.773491765318411,0.877743171636131,0.708707566858734,0.746970345266958
411300,410000,0.74,0.751572882431536,0.873512075155198,0.685803106748538,0.711653556437373
411400,410000,0.737,0.737926623446085,0.877919556576029,0.670811487614422,0.68525800210968
411500,410000,0.74,0.747458329909992,0.878716248633266,0.679939111319697,0.701964596558072
411600,410000,0.729,0.738567821441837,0.882915832546226,0.675255871529775,0.678459016365955
411700,410000,0.745,0.73181745832825,0.879824972611011,0.676041657651186,0.661222233101837
420100,420000,0.859,0.840669370744983,0.933355188185452,0.759229214469958,0.839243553311014
420200,420000,0.791,0.793010406223433,0.898676997808875,0.710359647788626,0.781717973090344
420300,420000,0.783,0.786074252275372,0.885253007630796,0.708082455782823,0.775399284221743
420500,420000,0.829,0.797100327193311,0.90131035688001,0.716530218131606,0.784686985856515
420600,420000,0.801,0.783789701577647,0.892063151272189,0.705709190540931,0.765117680063097
420700,420000,0.809,0.794287246799691,0.90820000813374,0.707795761249702,0.780019457064641
420800,420000,0.803,0.784033871901284,0.89092647843297,0.702919205442171,0.770019077653195
420900,420000,0.767,0.774120945459695,0.893016213782715,0.701234706943372,0.740574397871268
421000,420000,0.765,0.766923050188332,0.89193395640364,0.690150848461822,0.73256076039466
421100,420000,0.748,0.748540880312584,0.883689019815603,0.678486634040355,0.698780235557384
421200,420000,0.776,0.762212809358736,0.883726702307706,0.684317264499419,0.732149855657942
421300,420000,0.771,0.774148235327335,0.88449615625004,0.695660840650939,0.754241835989474
430100,430000,0.84,0.828304062186895,0.917934315857668,0.743443793872576,0.8334024955808
430200,430000,0.803,0.791664309727113,0.898516494602421,0.706931485810593,0.781083266262471
430300,430000,0.804,0.783353232274665,0.899572847913466,0.699556609119332,0.763403947293542
430400,430000,0.759,0.760395026878521,0.883265125937715,0.680326477166366,0.730767920618907
430500,430000,0.734,0.743538364383759,0.86983355018666,0.670049680674503,0.703953171150219
430600,430000,0.79,0.782474126003872,0.888854175150345,0.699321478531595,0.770629069757399
430700,430000,0.781,0.774682848697345,0.898391525245989,0.692951879513678,0.745952552526734
430800,430000,0.754,0.73858923784257,0.882475598247247,0.670256766906069,0.678983246038192
430900,430000,0.757,0.751388354991051,0.890693847397363,0.677845364304176,0.70083617704827
431000,430000,0.766,0.755857726045625,0.877139619686698,0.676721289678729,0.726637484872157
431100,430000,0.745,0.733085803827767,0.878219498492218,0.661898601090205,0.675638121208781
431200,430000,0.737,0.730789294288707,0.882649180880017,0.660863261886016,0.666678526659701
431300,430000,0.748,0.745150872293578,0.880568302778272,0.67720935500687,0.691893572961259
440100,440000,0.863,0.84328630047316,0.947644618989977,0.764331693798487,0.8319144033829
440200,440000,0.764,0.755792269851627,0.896405108393283,0.683753279812292,0.707861018358353
440300,440000,0.88,0.86103678646855,0.948566970353379,0.795415745561514,0.849372505040178
440400,440000,0.864,0.840360504047019,0.931030011639644,0.764544594989995,0.837588145329346
440500,440000,0.761,0.79242031211785,0.919373333499102,0.716085024649226,0.759566179403831
440600,440000,0.839,0.840145242594356,0.941295321015409,0.771459523546626,0.820063503830123
440700,440000,0.796,0.787942018642836,0.915703509603365,0.712952022697719,0.7530065435107
440800,440000,0.754,0.751496619326723,0.882275207366585,0.675177352026884,0.716197818347492
440900,440000,0.761,0.747156243373158,0.885063881347786,0.669417197219826,0.707774267239312
441200,440000,0.768,0.763549491510367,0.894670697451865,0.676017282434736,0.740364094982569
441300,440000,0.794,0.801826115408468,0.916403211771206,0.724427208384663,0.780389136815129
441400,440000,0.749,0.750736945748782,0.895725383688968,0.678620299736669,0.699560141437283
441500,440000,0.738,0.751534236826559,0.895825661627872,0.672605145908849,0.708302453837146
441600,440000,0.75,0.735123621953303,0.884158410630421,0.67028380594467,0.673426659321432
441700,440000,0.767,0.753317297035073,0.89330521585555,0.678525403001683,0.708920713621181
441800,440000,0.753,0.743470191858013,0.896177512715538,0.675854699135023,0.681712890374896
441900,440000,0.815,0.839211927465652,0.943675058365679,0.776553562603492,0.80964273937606
442000,440000,0.805,0.826831754057648,0.934303726951932,0.75655791985113,0.803190782480178
445100,440000,0.748,0.771471743926022,0.918508708032113,0.699093305869665,0.718547825709354
445200,440000,0.739,0.749453924203167,0.905420221732082,0.67735679480024,0.689826200327219
445300,440000,0.762,0.73485053211689,0.887899581677829,0.666688772971013,0.673609866643437
450100,450000,0.776,0.788516572749877,0.909113165899933,0.714158134359313,0.759284795435403
450200,450000,0.782,0.794575149421793,0.905534728235331,0.704856574733827,0.791491114433438
450300,450000,0.757,0.754025871540495,0.893751191389588,0.6832399057873,0.705679168066344
450400,450000,0.741,0.730631240320519,0.876528672780083,0.679918895753742,0.656524028184923
450500,450000,0.792,0.75751485842015,0.893902605751825,0.689644158535555,0.708562149586896
450600,450000,0.775,0.744069295281574,0.883609363443037,0.676772465875387,0.692235950534698
450700,450000,0.739,0.720132405666657,0.876901499808341,0.65968724338718,0.64823122399831
450800,450000,0.721,0.71572119006929,0.873444392501709,0.667151774784002,0.630980411715558
450900,450000,0.729,0.728437188230589,0.875832342936298,0.668779063353552,0.662597480323875
451000,450000,0.73,0.713656444740293,0.86257280576096,0.659731385098058,0.640986054609115
451100,450000,0.741,0.714673363591665,0.866897521545749,0.663769722713473,0.6363879253693
451200,450000,0.713,0.702403451628901,0.862531083046015,0.652980672078022,0.617134975764393
451300,450000,0.732,0.700058616766317,0.879143927238175,0.658287633740603,0.59396356497046
451400,450000,0.707,0.724188189112467,0.874513205129011,0.674502064655625,0.645840688657593
460100,460000,0.801,0.821006601926255,0.926813916751505,0.741977199075892,0.800755782409492
460200,460000,0.794,0.818436641723687,0.912721190426433,0.731808399133874,0.816735079957132
510100,510000,0.821,0.812412622890068,0.918066709255767,0.736834994511711,0.800409010784098
510300,510000,0.758,0.769607489796514,0.903593997255645,0.695081496721363,0.732825609779006
510400,510000,0.79,0.783082615926286,0.894484440414374,0.720495818609541,0.751069899622602
510500,510000,0.751,0.754694274271335,0.890541225891161,0.672139796330563,0.726179615050431
510600,510000,0.77,0.76833419769781,0.902981015892717,0.692012637000705,0.733141233568211
510700,510000,0.776,0.772238055561712,0.895471698830378,0.696386978155536,0.745936511730326
510800,510000,0.739,0.743562871375817,0.875982812676212,0.675073244942372,0.701511322446765
510900,510000,0.749,0.759797053399794,0.904477455576476,0.698543936232572,0.699439277403878
511000,510000,0.743,0.751696290117685,0.897360418647739,0.688944287815311,0.692406475155875
511100,510000,0.767,0.764327281265048,0.90096253631025,0.684093007534733,0.732201031203783
511300,510000,0.735,0.760179271777549,0.900996643807041,0.691728367727624,0.711000695365576
511400,510000,0.749,0.749663709153256,0.898640525234504,0.678720239686463,0.697076765902266
511500,510000,0.762,0.75795917952025,0.892440740897505,0.682912277856047,0.721596671257125
511600,510000,0.731,0.734155429838205,0.890740069923029,0.660975087009961,0.678551925594175
511700,510000,0.738,0.750238169573879,0.883964441547158,0.682695782346068,0.705912939830083
511800,510000,0.756,0.750759646209405,0.883710838617698,0.671939989925077,0.720253641700365
511900,510000,0.722,0.740630139527168,0.883563222452542,0.667953976726923,0.695015577816803
512000,510000,0.719,0.738783412742632,0.896519330410492,0.672869102085803,0.67399001851527
520100,520000,0.775,0.805377778009333,0.90470553482575,0.712145877224776,0.811880728558739
520200,520000,0.719,0.718026627024316,0.863495095315944,0.631646314787312,0.678012492007205
520300,520000,0.738,0.740506626479398,0.880401494160172,0.664957887222799,0.692580639122765
520400,520000,0.707,0.727710210482366,0.86660421865749,0.627528818258425,0.708760737513627
520500,520000,0.686,0.703879355735991,0.850568624329139,0.617961059034499,0.662720001309719
520600,520000,0.717,0.745093466523221,0.874263445615221,0.66415996519835,0.711921793394437
530100,530000,0.805,0.790898225300944,0.876533504058975,0.697415434821393,0.813048178620385
530300,530000,0.736,0.716281659015137,0.845490737641252,0.634350865530456,0.68756587983132
530400,530000,0.782,0.762356042301504,0.859609677197566,0.664580317519885,0.779395231656581
530500,530000,0.73,0.713084179196444,0.837911031907589,0.64210053934354,0.675785149784851
530600,530000,0.68,0.685894153150627,0.847265213628154,0.628165496818855,0.606953395351474
530700,530000,0.726,0.725590404515171,0.840528876143564,0.639087560970525,0.714008899658613
530800,530000,0.711,0.709712938001778,0.837300844581456,0.653566719060142,0.654277173450017
530900,530000,0.704,0.704654954086385,0.834546037179508,0.639909932710488,0.656621314346798
540100,540000,0.735,0.771268864983054,0.838552060696882,0.652169848042834,0.841406750914011
540300,540000,0.659,0.64076549919928,0.794772878674592,0.544748553236661,0.606524214916067
540400,540000,0.729,0.725628043165512,0.825113250983751,0.621041216034047,0.746377732036614
540500,540000,0.705,0.709735628924626,0.825286977422677,0.612030271136252,0.707810055248866
540600,540000,0.611,0.61779466744804,0.784351853499442,0.515189204565072,0.582286428854005
610100,610000,0.826,0.825037868183307,0.918920292962646,0.750289138365381,0.814040172929475
610200,610000,0.773,0.768158319973597,0.872506175760241,0.703047583756553,0.738157658009692
610300,610000,0.787,0.77238990654855,0.892047627270809,0.695714214743698,0.741642348978891
610400,610000,0.771,0.764659734105684,0.886336810797025,0.699984462797239,0.719632182371279
610500,610000,0.752,0.741806115611355,0.883280767542872,0.697222207321219,0.661371561465611
610600,610000,0.777,0.762167549717718,0.863784485529363,0.709497135433342,0.721564013543487
610700,610000,0.75,0.739570734405625,0.880113864506813,0.661379691792257,0.693832793040241
610800,610000,0.799,0.761502957996702,0.864059346773629,0.705959885730078,0.723074539296516
610900,610000,0.733,0.750433470863311,0.874093392612668,0.687293826160348,0.702407331899633
611000,610000,0.72,0.715821863413954,0.860687864858756,0.673839748646297,0.630914650126828
620100,620000,0.778,0.812592073969122,0.896359817332464,0.729502487312295,0.831031718320145
620200,620000,0.817,0.810956040118813,0.886297307577094,0.729788049541688,0.83568759391432
620300,620000,0.783,0.77582693151946,0.85936966200639,0.687200012991339,0.802873817613439
620400,620000,0.724,0.72369532875321,0.847843947040747,0.658692316966397,0.679190799761198
620500,620000,0.687,0.711891941920499,0.859577421967413,0.66248333056726,0.627752513020206
620600,620000,0.723,0.71209158619182,0.846395885920041,0.650498438656743,0.65432789629883
620700,620000,0.728,0.745713220587625,0.854121938140399,0.672094105097783,0.727014536642918
620800,620000,0.69,0.711877948805263,0.854402520411735,0.663604330879827,0.630761265359966
620900,620000,0.764,0.767291475728912,0.854883662205412,0.680420924630004,0.787663585565683
621000,620000,0.727,0.704947760267623,0.845609399718789,0.661560437399241,0.619822623360231
621100,620000,0.663,0.685015000153876,0.845230897744442,0.643780659691053,0.581943596789101
621200,620000,0.663,0.681552299430528,0.845421100745815,0.642109908511384,0.573695592762988
630100,630000,0.761,0.784097539746917,0.866926847267987,0.717945942143539,0.775130960417487
630200,630000,0.707,0.695366860349596,0.835057847001579,0.647321129310026,0.622017451401321
640100,640000,0.796,0.809488561205317,0.894393761601903,0.751634809923544,0.787779884966802
640200,640000,0.778,0.772788236652066,0.871790101965532,0.722457528416843,0.731615004688905
640300,640000,0.74,0.736833255842362,0.847171128080316,0.682350359526727,0.690788105400165
640400,640000,0.714,0.707853114677186,0.834730299272434,0.64821561193353,0.654091912089543
640500,640000,0.733,0.723695749777831,0.837494181207885,0.671005702843403,0.673242103468611
650200,650000,0.871,0.807523504124708,0.894824910076906,0.72939481695277,0.807023532022678
